#,Topic,What happens now,The question,Options,Your answer
1,"Stats page shows a combined total, not a line-by-line list","On the Statistics page, fees and discounts are shown as a single rolled-up total (for example, ""Fees (3): $227.90""). They are not listed out one at a time.","Is the combined total what you want for this release, or should each fee and discount be listed separately with its own row?","A) Keep it as it is - one combined total is fine for now.
B) Change it so each fee and discount is listed on its own row.","B) This is actually a story defect. It was fixed originally in Brankos design, but appears to have regressed in the spec."
2,A customer's default fee now adds only once - please confirm,"Previously there was a worry that a customer's default fee could get added twice to a new work order. In our testing it now adds only once, which looks fixed.",Can you confirm that adding it only once is the intended behavior?,"A) Yes - adding it only once is correct. Treat this as settled.
B) No - it should behave differently (please describe).",A)
3,"""Processing Fee"" isn't visible in the app yet, but is partly ready","The ""Processing Fee"" option isn't available to pick in the app yet. However, the underlying system will already partly accept it.","Is Processing Fee meant to be part of this release, or is it planned for a later one?","A) It's coming in a later release - leave the visible option out for now.
B) It should be part of this release - the visible option needs to be added.",B)
4,"The ""Add"" button on the fee form is clickable before the form is filled in","When adding a fee, the ""Add"" button can be clicked even before the form is complete. If you click it too early, it shows an error message instead of staying greyed out until everything is filled in correctly.","Is showing an error on click acceptable for this release, or should the ""Add"" button stay greyed out until the form is valid?","A) Keep it as it is - showing an error on click is fine for now.
B) Change it so the button is greyed out until the form is filled in correctly.",B)
5,"When a line has several fees/discounts, they all show at once (no ""show more"")","When a single line has more than one fee or discount, all of them are shown at the same time. There's no ""show more / show less"" option to collapse the list.","Is showing them all at once fine for this release, or should there be a ""show more"" collapse when there are several?","A) Keep it as it is - showing them all at once is fine.
B) Change it so extra ones collapse under a ""show more"" option.","B) Very strange, this is another similar to question #1. It was fixed in the design with a ""show more""... apparently I didn't define this properly in the spec. "
6,On customer-defaults you add templates one at a time from a dropdown,"On the customer-defaults screen, you pick fee/discount templates from a dropdown one at a time. There isn't a checklist where you can tick several and add them all together.","Is picking them one at a time acceptable for this release, or should there be a checklist to add several at once?","A) Keep it as it is - adding one at a time is fine.
B) Change it so you can tick several and add them all at once.",A) This is a bit of a judgement call. There's higher risk that a user will inadvertently add multiples when attempting to add just 1. I believe the additional clicks are worthwhile here.