Test ID,Title,Section/Area,Priority,Status,Step #,Step (Action Followed),Expected Behavior (this step),Actual / Current Behavior,Failing Point / Block Reason,References
SP-INV-005,Invoicing Delete requires Manage AP/AR (AP/AR gate),Invoicing & Payments → Delete (invoicingPayments),Critical,FAIL,1,"As admin, follow the admin flow to create the custom role. (Step 1 is a 'Choose a template' dialog with Skip / Apply; the footer save button on the Create Role page is labelled 'Create'.)",Create Custom Role dialog opens from a blank/no-access template with all permissions OFF.,Performed as expected.,,SV-7388
SP-INV-005,Invoicing Delete requires Manage AP/AR (AP/AR gate),Invoicing & Payments → Delete (invoicingPayments),Critical,FAIL,2,Enable See Financial Data; keep View and Manage AP/AR Data OFF.,Financial ON; View and Manage AP/AR Data OFF.,"Performed as expected (See Financial Data ON, AP/AR OFF).","AP/AR editor gate for Invoicing Delete did not fire (financial gate works, AP/AR gate absent). Deviates from expected.",SV-7388
SP-INV-005,Invoicing Delete requires Manage AP/AR (AP/AR gate),Invoicing & Payments → Delete (invoicingPayments),Critical,FAIL,3,"Enable Invoicing & Payments 'Delete / Reverse' (the delete-tier control in this section is labelled 'Delete / Reverse', not plain 'Delete').",The AP/AR gate is enforced: Invoicing Delete / Reverse additionally requires View and Manage AP/AR Data (a confirm modal / requirement is shown to enable View and Manage AP/AR Data).,DIVERGENCE: enabling Invoicing 'Delete / Reverse' checked View+Create&Edit+Delete but did NOT trigger any 'View and Manage AP/AR Data' gate modal and left AP/AR unchecked. Expected an AP/AR gate enforcing AP/AR enablement.,,SV-7388
SP-INV-005,Invoicing Delete requires Manage AP/AR (AP/AR gate),Invoicing & Payments → Delete (invoicingPayments),Critical,FAIL,4,Confirm/enable View and Manage AP/AR Data.,View and Manage AP/AR Data enables and Invoicing Delete (with Edit+View cascade) is applied.,"Not reached - the AP/AR gate never fired, so no confirmation step occurred.",,SV-7388
DI-111,Time Clock - A. View inspections on a work order line,Custom Roles and Permissions > Digital Inspections > Time Clock,Medium,FAIL,1,Log in.,Login succeeds.,Performed as expected (login succeeds).,,SV-7506
DI-111,Time Clock - A. View inspections on a work order line,Custom Roles and Permissions > Digital Inspections > Time Clock,Medium,FAIL,2,Open a work order that has an inspection on a line.,Work Orders are not accessible to this role.,"DIVERGENCE: Time Clock role grants workOrdersView -> Work Orders ARE accessible (landed on /workorders, WO list rendered). Contradicts expected 'Work Orders are not accessible'.","DRIFT FINDING: the live ""Time Clock"" system role includes workOrdersView (description says ""Clock in/out only""), so it has WO access, unlike the spec precondition.",SV-7506
DI-111,Time Clock - A. View inspections on a work order line,Custom Roles and Permissions > Digital Inspections > Time Clock,Medium,FAIL,3,Locate the inspection on the line.,Inspections cannot be reached - no Work Orders access.,"Existing inspections on the line are reachable/visible (read-only), contradicting expected 'Inspections cannot be reached'.",,SV-7506
DI-117,Time Clock - G. Inspection status labels display correctly,Custom Roles and Permissions > Digital Inspections > Time Clock,Medium,FAIL,1,Open a work order line with inspections in different states.,,"DIVERGENCE: Work Orders ARE accessible for Time Clock (has workOrdersView), so a WO line with inspections can be opened - contradicts expected 'no Work Orders access'.",DRIFT FINDING: Time Clock role grants workOrdersView -> WO access exists.,SV-7506
DI-117,Time Clock - G. Inspection status labels display correctly,Custom Roles and Permissions > Digital Inspections > Time Clock,Medium,FAIL,2,Observe the status labels.,"Not applicable - no Work Orders access, statuses cannot be seen.","Inspection status labels CAN be seen, contradicting expected 'statuses cannot be seen'.",,SV-7506
