Test ID,Test Case Title,Feature / Area,Priority,Preconditions,Steps to Reproduce (Manual),Expected Result,Actual Result (Observed),Status Rationale,Severity/Status,References (Jira),Spec / Requirement Reference
SP-HIST-001,View History Logs GRANT — history/audit logs shown app-wide,Single Permission > View History Logs,Medium,"History/audit data exists (WO history, part sales history, parts order history).","1. Go to Settings > Roles & Permissions (avatar menu → Settings → Roles & Permissions; URL /administration/roles-permissions) > Create Custom Role > start from minimal/blank baseline. (Step 1 is a 'Choose a template' dialog with Skip / Apply; the footer save button on the Create Role page is labelled 'Create'.)
2. Set exactly these toggles: View History Logs ON; WO View ON; Parts Department + children View ON. Click Save.
3. Go to Administration > Staff. Assign the custom role to the test user.
4. In a separate browser, log in as the test user.
5. Open a WO and locate the WO history/audit log; open part sales and parts order records and locate their history logs.","With View History Logs ON, history/audit logs are visible across the app.","viewHistoryLogs exists only as a cross-toggle and hydrates for Tech, but this build surfaces no general History/Audit-log page or API gated by it. No history-log surface to access.",feature/permission not surfaced in this build (no history/audit-log page),N/A,SV-7388,SV-7388 · View History Logs (viewHistoryLogs)
SP-HIST-002,View History Logs WITHHOLD — history/audit logs hidden app-wide when OFF,Single Permission > View History Logs,Medium,History/audit data exists.,"1. Go to Settings > Roles & Permissions (avatar menu → Settings → Roles & Permissions; URL /administration/roles-permissions) > Create Custom Role > start from minimal/blank baseline. (Step 1 is a 'Choose a template' dialog with Skip / Apply; the footer save button on the Create Role page is labelled 'Create'.)
2. Set exactly these toggles: View History Logs OFF; WO View ON; Parts Department + children View ON. Click Save.
3. Go to Administration > Staff. Assign the custom role to the test user.
4. In a separate browser, log in as the test user.
5. Open a WO and look for the WO history/audit log; open part sales and parts order records and look for their history logs.","With View History Logs OFF, history/audit logs are hidden app-wide.","As HIST-001: no History/Audit-log surface exists in this build, so withholding viewHistoryLogs has no observable surface to hide.",feature/permission not surfaced in this build (no history/audit-log page),N/A,SV-7388,SV-7388 · View History Logs (viewHistoryLogs)
SP-SET-010,"Integrations sub GRANT — manage QuickBooks, IBS, and Open API",Single Permission > Settings,Medium,Data exists for Integrations settings.,"1. Go to Settings > Roles & Permissions (avatar menu → Settings → Roles & Permissions; URL /administration/roles-permissions) > Create Custom Role > start from minimal/blank baseline. (Step 1 is a 'Choose a template' dialog with Skip / Apply; the footer save button on the Create Role page is labelled 'Create'.)
2. Set exactly these toggles: Settings parent ON; Integrations ON, all other subs OFF. Click Save.
3. Go to Administration > Staff. Assign the custom role to the test user.
4. In a separate browser, log in as the test user.
5. Open Administration and navigate to Integrations.
6. Confirm other sub-setting areas are not accessible.","With Integrations ON (parent ON), the user can manage QuickBooks, IBS, and Open API; other subs remain inaccessible. No 'Integrations' sub-setting exists in the role editor (build); Integrations (QuickBooks, IBS) is a top-level Administration area only. [Build-vs-spec: see VIU-12.]","No settingsIntegrations permission exists in the live fe-permissions catalog (settings subs present: settingsApp, settingsDataImport, settingsFinance, settingsParts, settingsService, settingsWages). No Integrations grant is possible.",feature/permission not present in this build (no settingsIntegrations),N/A,SV-7388,SV-7388 · Integrations (settingsIntegrations) · VIU-12: Spec ambiguous (6 vs 7; possible Integrations)
SP-SET-011,Integrations sub WITHHOLD — area hidden/blocked when settingsIntegrations OFF (parent ON),Single Permission > Settings,Medium,Data exists for Integrations settings.,"1. Go to Settings > Roles & Permissions (avatar menu → Settings → Roles & Permissions; URL /administration/roles-permissions) > Create Custom Role > start from minimal/blank baseline. (Step 1 is a 'Choose a template' dialog with Skip / Apply; the footer save button on the Create Role page is labelled 'Create'.)
2. Set exactly these toggles: Settings parent ON; Integrations OFF. Click Save.
3. Go to Administration > Staff. Assign the custom role to the test user.
4. In a separate browser, log in as the test user.
5. Look for Integrations under Administration.
6. Attempt direct URL access to the Integrations settings area.","With Integrations OFF (parent ON), the Integrations settings area is hidden and direct URL access is blocked. No 'Integrations' sub-setting exists in the role editor (build); Integrations (QuickBooks, IBS) is a top-level Administration area only. [Build-vs-spec: see VIU-12.]",No settingsIntegrations permission exists in the live catalog; there is no Integrations area to withhold.,feature/permission not present in this build (no settingsIntegrations),N/A,SV-7388,SV-7388 · Integrations (settingsIntegrations) · VIU-12: Spec ambiguous (6 vs 7; possible Integrations)
SP-SET-016,View/Manage Wages sub GRANT — manage view/manage employee wage rates (sensitive),Single Permission > Settings,High,Data exists for View/Manage Wages settings.,"1. Go to Settings > Roles & Permissions (avatar menu → Settings → Roles & Permissions; URL /administration/roles-permissions) > Create Custom Role > start from minimal/blank baseline. (Step 1 is a 'Choose a template' dialog with Skip / Apply; the footer save button on the Create Role page is labelled 'Create'.)
2. Set exactly these toggles: Settings parent ON; View/Manage Wages ON, all other subs OFF. Click Save.
3. Go to Administration > Staff. Assign the custom role to the test user.
4. In a separate browser, log in as the test user.
5. Open Administration and navigate to View/Manage Wages.
6. Confirm other sub-setting areas are not accessible.","With View/Manage Wages ON (parent ON), the user can manage view/manage employee wage rates (sensitive); other subs remain inaccessible.",settingsWages exists in the catalog but has no standalone destination in this build (granting it in isolation lands on /home with no Wages surface). It is not an independently exercisable page/permission here.,feature/permission not standalone in this build (settingsWages has no dedicated surface),N/A,SV-7388,SV-7388 · View/Manage Wages (settingsWages)
TE-ADMIN-001,Administrator: cannot be edited to lose Administration-pages access,Template Edit > Administrator,Critical,Logged in as an Administrator. Settings > Roles & Permissions (avatar menu → Settings → Roles & Permissions; URL /administration/roles-permissions) is reachable. A test staff user exists with no custom role assigned.,"1. Go to Settings > Roles & Permissions (avatar menu → Settings → Roles & Permissions; URL /administration/roles-permissions) > Create Custom Role. (Step 1 is a 'Choose a template' dialog with Skip / Apply; the footer save button on the Create Role page is labelled 'Create'.)
2. Select the 'Administrator' system template.
3. Change: attempt to disable 'Access Administration pages' (Roles & Permissions / Staff / Settings).
4. Attempt to turn OFF the Administration-pages access toggle and Save.",The custom role cannot be saved with Admin-pages access removed; Administrator always retains admin access.,"Administrator is a role TEMPLATE (slug=administrator, ""Full system access"") that fills the full permission set; there is no discrete ""Administrator"" permission/toggle in the catalog to disable. The premise (a lockable Administrator toggle) does not exist in this build.","feature/permission not present in this build (Administrator is a template, not a discrete toggle)",N/A,SV-7501,SV-7501 · Access Administration pages
TE-SM-005,"Service Manager: ADD Timesheets Delete, rest intact",Template Edit > Service Manager,Low,Logged in as an Administrator. Settings > Roles & Permissions (avatar menu → Settings → Roles & Permissions; URL /administration/roles-permissions) is reachable. A test staff user exists with no custom role assigned.,"1. Go to Settings > Roles & Permissions (avatar menu → Settings → Roles & Permissions; URL /administration/roles-permissions) > Create Custom Role. (Step 1 is a 'Choose a template' dialog with Skip / Apply; the footer save button on the Create Role page is labelled 'Create'.)
2. Select the 'Service Manager' system template.
3. Change: enable Timesheets > Delete (template had V/E).
4. Click Create to create the custom role.
5. Go to Administration > Staff and assign the new custom role to the test user.
6. In a separate browser, log in as the test user.
7. Verify the delta: attempt to delete a timesheet as the user.
8. Verify the rest of the template is intact: all other Service Manager access is unchanged.",User gains Timesheets Delete only; rest of template preserved.,"No timesheetsDelete permission exists in the fe-permissions catalog (42 perms enumerated live: timesheetsView, timesheetsCreateAndEdit only). Service Manager template cannot enable a Timesheets>Delete toggle that does not exist.",feature/permission not present in this build (no timesheetsDelete),N/A,SV-7501,SV-7501 · Timesheets > Delete
