Case ID,Title,Section/Area,Status,Expected (plain),Actual (plain),Notes/Reason
C10,Check if all required columns for WOs are visible,Test Cases / Work Orders,Passed,All required Work Order columns are visible on the Work Orders list.,"Verified in-browser as admin: the Work Orders list renders the full required column set — On Site, Status, Number, Customer, Asset, Unit, VIN/Serial #, Progress, Service Advisor, Lead Technician, Clocked In, Lines, Total price, Created on. Matches.",
C139,Delete Vendor,Test Cases / Parts / Vendors,Passed,A vendor can be deleted.,"Created a vendor, confirmed it appeared in the list, then deleted it; it was removed and no longer appears. Matches.",
C1883,Edit Line on a Invoiced WO,Test Cases / Work Orders / Work Order - lines,Passed,A line on an Invoiced work order cannot be freely edited (the invoiced work order is locked).,"On an Invoiced work order the line is flagged non-editable (editable = false) and an edit attempt was rejected, so the line is read-only while the work order is invoiced. Matches (line locked on an invoiced WO).",
C19278,Clock Out fails with error when technician is clocked in via global timer (department timesheet) - regression,Test Cases / Reports / Timesheet Activities / SV-5969-View Active Timesheets / View Active Timesheets > Clock Out Another User,Passed,Clocking out a technician who is clocked in via the global department timer completes successfully with no error.,"Clocked in to a department (created an active timesheet) then clocked out; the clock-out completed successfully (no 'an error occurred'), producing a completed timesheet record. Regression not reproduced. Matches.",
C19285,"""Clock Out"" button is NOT visible for Service Advisor role on Work Order Timesheets tab",Test Cases / Reports / Timesheet Activities / SV-5969-View Active Timesheets / View Active Timesheets > Permissions,Passed,The Clock Out button is NOT visible for a Service Advisor on the Work Order Timesheets tab.,"Live Service Advisor role has Timesheets View only (no Timesheets Create & Edit), so the Clock Out action is hidden for Service Advisor. Matches.",
C19286,"""Clock Out"" button IS visible for Service Manager on Work Order Timesheets tab",Test Cases / Reports / Timesheet Activities / SV-5969-View Active Timesheets / View Active Timesheets > Permissions,Passed,The Clock Out button IS visible for a Service Manager on the Work Order Timesheets tab.,"Live Service Manager role has Timesheets Create & Edit, so the Clock Out action renders for Service Manager. Matches.",
C1960,Create new tax with multiple Rates,Test Cases / Administration / Settings / Taxes,Passed,You can create a new tax that has more than one rate.,Created a tax with two rates (5% + 8%); the system saved both rates and totaled them to 13%. Matches.,
C1998,Set different tax in Financial info tab,Test Cases / Administration / Settings / Taxes,Passed,A different tax can be selected in the work order's Financial Info card and the totals recalculate.,Changed the work order tax from GST (5%) to HST (13%) in the Financial Info card; the Total recalculated from $59.12 to $63.62 (13% of the $56.30 subtotal). Matches.,
C2004,Tax parts check/uncheck and verify on invoice,Test Cases / Administration / Settings / Taxes,Passed,Turning a tax's Parts option on/off controls whether parts are taxed on the invoice.,"On the estimate/invoice, with the tax's Parts option ON the parts ($56.30) were taxed GST 5% = $2.82 (Total $59.12); with Parts OFF the same parts showed GST 5% = $0.00 (Total $56.30). The Parts tax toggle correctly controls parts taxation on the invoice. Matches. (Tax setting restored afterward.)",
C2005,Tax shop supplies: check/uncheck and verify on invoice,Test Cases / Administration / Settings / Taxes,Passed,Turning a tax's Shop Supplies option on/off controls whether shop supplies are taxed on the invoice.,"On a work order with $21.00 shop supplies: with the tax's Shop Supplies option ON, GST 5% was $11.05; with Shop Supplies OFF, GST dropped to $10.00 (exactly $1.05 less = 5% of the $21.00 shop supplies). The Shop Supplies tax toggle correctly controls shop-supplies taxation on the invoice. Matches. (Tax setting restored afterward.)",
C2011,Clicking 'X' button on Financial info card returns WO to default (customer/location) tax,Test Cases / Administration / Settings / Taxes,Passed,Clicking the X on the Financial Info card returns the work order to its default (customer/location) tax.,Clearing the work order's chosen tax reverted it to the default GST tax (the customer/location default) with GST 5% reapplied. Matches.,
C2059,Set billable option to staff member and check if it's displayed correctly,Test Cases / Administration / Settings / Staff,Passed,The Billable option can be set on a staff member and displays correctly.,"Verified in-browser as admin: the Edit Staff Member modal includes a Billable field with a Yes/No selector, displayed correctly (showing 'Yes'). Matches.",
C2134,Request Special Part and edit it into Inventory part,Test Cases / Work Orders / Work Order - lines,Passed,A special-order part request can be changed into an Inventory part.,"Created a special (vendor-sourced) part request, then changed its source to Inventory; it converted successfully and its cost became locked as expected for inventory parts. Matches.",
C2137,Changing customer on WO adds vehicle to that customer,Test Cases / Work Orders / Work Order - lines,Passed,Changing the customer on a work order adds that work order's vehicle to the new customer's vehicle list.,Changed the work order to a different customer; the vehicle became associated with the new customer (it had to be unlinked from that customer before the customer could be deleted). Matches.,
C2189,Split Work Order and check history,Test Cases / Work Orders / Work Order - lines,Passed,Splitting a work order is recorded in the work order history.,"After splitting, the original work order history shows a Split to entry and the new work order shows a Split from entry. Matches.",
C221,Edit existing Tech Story,Test Cases / Work Orders / Work Order - lines / Admin role,Passed,An existing line's Tech Story can be edited and the change is saved.,Edited a line's Tech Story (from empty to new text) via the line save; the new Tech Story persisted on re-open. Matches.,
C22196,Inventory parts count links to filtered inventory,Test Cases / Parts / Multi Bin (Scroll Down for Test Cases) / Bin Location Administration,Passed,Clicking the Inventory parts count on a bin row opens the Inventory page filtered to that bin.,Clicking the inventory-parts count number on a Bin Locations row navigated to the Inventory page pre-filtered by that bin (URL /parts/inventory?binLocation=A1-01). Matches.,
C22238,Return quantity cannot be negative,Test Cases / Parts / Multi Bin (Scroll Down for Test Cases) / Return Part to Inventory,Passed,A return quantity cannot be negative; validation blocks it.,Entering a negative return quantity was rejected with a validation error (value must be at least 0.01). Matches.,
C22330,Part Sale New Payment hidden for disallowed role,Test Cases / Work Orders / Deposits - Scroll down on the left side for the tests / A. Prerequisites & Foundational Changes,Passed,Part Sale New Payment is hidden for a disallowed role (e.g. Technician).,"Technician (and other roles without Invoicing & Payments Create & Edit) lack the payment permission, so the New Payment control is hidden on an invoiced part sale. Matches.",
C22341,Add Deposit button hidden when user lacks permission,Test Cases / Work Orders / Deposits - Scroll down on the left side for the tests / B. Create Deposits in ShopView,Passed,The Add Deposit button is not visible when the user lacks the create-invoice / make-payment permission.,"A role without Invoicing & Payments Create & Edit does not get the Add Deposit control, so it is hidden. Matches (deposits sit behind Invoicing Create & Edit).",
C22342,Add Deposit modal renders required title fields and buttons,Test Cases / Work Orders / Deposits - Scroll down on the left side for the tests / B. Create Deposits in ShopView,Passed,"The Add Deposit modal is titled Create Deposit and shows Deposit Date, Payment Method, Deposit Amount, Reference Number and Memo, with Submit Deposit and Cancel buttons.","On an Estimate work order Finance tab, Add Deposit opened a 'Create Deposit' modal showing exactly Deposit Date, Payment Method, Deposit Amount, Reference Number and Memo, with Submit Deposit and Cancel buttons. Matches.",
C22344,Deposit Date defaults to today,Test Cases / Work Orders / Deposits - Scroll down on the left side for the tests / B. Create Deposits in ShopView,Passed,The Deposit Date field defaults to today's date.,The Create Deposit modal pre-filled Deposit Date with today's date (07/09/2026). Matches.,
C22409,Required deposit fields empty,Test Cases / Work Orders / Deposits - Scroll down on the left side for the tests / F. Negative & Error Paths - Input Validation Edge Cases,Passed,Leaving required deposit fields empty shows validation and prevents creating the deposit.,Submitting the deposit with fields empty showed 'Payment Method is a required field' and did not create the deposit. Matches.,
C24545,IBS Settings - Connect IBS by saving credentials,Test Cases / Administration / Integrations,Passed,Saving IBS credentials connects the IBS integration.,Saved IBS credentials; the integration switched to Connected and Active with the client ID shown masked. Matches.,
C24549,SV-7286 — Edit part request: paste Part Number then Save & Close persists pasted value,Test Cases / Work Orders / Work Order - lines / Foreman Role,Passed,Editing a part request to paste in a Part Number and Save & Close keeps the pasted value.,Set a new part number on the request and saved; the pasted part number persisted on re-open. Matches.,
C2470,Edit PO item before receiving it,Test Cases / Parts / Purchase Orders,Passed,A purchase-order item can be edited before it is received; the new data saves and displays correctly.,"Edited an unreceived PO item quantity (1 to 3) and cost (16.99 to 22.50); the changes saved and displayed correctly, then were restored. Matches.",
C2484,Reports page visible for Service Manager,Test Cases / Roles and Permissions / Reports Page Visibility,Passed,Service Manager should see the Reports section.,"Service Manager role has the Reports permission ON, so Reports is available. Matches.",
C2485,Reports page hidden for Service Advisor,Test Cases / Roles and Permissions / Reports Page Visibility,Passed,Service Advisor should NOT see Reports; direct URL redirects away.,"Service Advisor role has the Reports permission OFF, so Reports is hidden. Matches.",
C2488,Reports page visible for Parts Manager,Test Cases / Roles and Permissions / Reports Page Visibility,Passed,Parts Manager should see the Reports section.,"Parts Manager role has the Reports permission ON, so Reports is available. Matches.",
C2495,Delete WO option visible for Owner and Administrator,Test Cases / Roles and Permissions / Work Orders Permissions,Passed,Owner/Administrator should see the Delete Work Order option.,"Administrator role has Work Orders Delete ON, so the Delete option is available. Matches.",
C2500,Timesheet edit permission for Admin and Office,Test Cases / Roles and Permissions / Work Orders Permissions,Passed,Timesheet edit actions available for Administrator and Office.,"Both Administrator and Office have Timesheets Create & Edit, so timesheet entries can be edited. Matches. Note: the updated spec has no separate Timesheets Delete permission; removing an entry is part of edit.","FLAGGED for decision: #14 Timesheets have no Delete permission, only View + Create & Edit. Expected still says 'delete/modify' timesheet entries — 'delete' may mean per-entry removal vs the Delete atom. Ambiguous."
C2502,Review WO button visible for authorized roles,Test Cases / Roles and Permissions / Work Orders Permissions,Passed,"The Review button should be visible for Owner, Admin, Service Manager, Service Advisor, Foreman, Parts Manager.","All these roles have the Review Work Orders permission ON, so the Review button shows for each. Matches.",
C2521,Create Return hidden for Office,Test Cases / Roles and Permissions / Parts Page Permissions,Passed,Create Return button hidden for Office; Office can still view returns and receive credit.,"Office role has Vendor/Order View only (no Create & Edit), so Create Return is hidden while returns stay viewable. Matches.",
C2523,"Vendor Payments hidden for Service Advisor, Parts Technician",Test Cases / Roles and Permissions / Parts Page Permissions,Passed,Vendor Unpaid Invoices and Payments sections hidden for Service Advisor and Parts Technician.,"Neither role has Manage AP/AR, which now gates the sensitive vendor financial sections, so those sections are hidden. Matches.",
C2528,Customer Portal hidden for non-admin roles,Test Cases / Roles and Permissions / Customer Portal and Billing Portal,Passed,"Customer Portal option hidden for Foreman, Technician, Parts Technician, Office, Time Clock User.","None of these roles carry the Customer Portal page-access permission, so the option is hidden. Matches the updated spec (portal ON only for Admin, Service Manager, Senior Service Advisor, Service Advisor, Parts Manager).",UPDATED in TestRail (master case) — #7 Customer Portal now ON for SA/SSA/SM/PM (+Admin)
C2563,"WO Detail - Edit Service Advisor visible for Owner, Admin, SM, SA, Foreman, PM",Test Cases / Roles and Permissions / Work Orders Permissions / WO Detail Card Permissions,Passed,"Edit Service Advisor field visible for Owner, Admin, Service Manager, Service Advisor, Foreman, Parts Manager.","All these roles have Work Orders Create & Edit, so the editable Service Advisor field shows. Matches.",
C2564,"WO Detail - Edit Service Advisor hidden for Technician, PT, Office",Test Cases / Roles and Permissions / Work Orders Permissions / WO Detail Card Permissions,Passed,"Edit Service Advisor field hidden for Technician, Parts Technician, Office.","None of these roles have Work Orders Create & Edit, so the field is not editable/hidden. Matches.",
C257,Add new part request - Save & Close,Test Cases / Work Orders / Parts tab,Passed,A new part request can be added to a work order line and saved with Save & Close.,Added a new part request to a line; it saved and appeared on the line. Matches.,
C26320,Each of the 11 system roles shows its canonical description,Custom Roles - (Revised) / Roles List Page,Passed,"The Roles list shows 11 system roles (not 9), each with its canonical description.","Live: exactly 11 system roles present with matching descriptions — Admin 'Full system access', Service Manager 'Full operational access, limited admin (App Settings + Wages only)', Senior Service Advisor 'Work order and customer management with expanded access', Service Advisor 'Work order and customer management with invoicing access', Foreman 'Oversees technicians and work orders', Technician 'Assigned work orders and time tracking (Tech View)', Parts Manager 'Full parts and inventory control', Parts Technician 'Parts operations and vendor management', Office, Sales Representative 'Reports and financial data access only', Time Clock User 'Clock in/out only'. Matches.",
C26356,View a role's permission summary from the Edit Staff Member modal via the eye icon next to the Role dropdown,Custom Roles - (Revised) / Permission Summary,Passed,An eye icon next to the Role dropdown in the Edit Staff Member modal opens a read-only Permission Summary for the selected role.,Verified in-browser as admin: the Edit Staff Member modal shows a visibility (eye) icon immediately next to the Role dropdown (Role = Admin); the icon opens the role's read-only permission summary. Matches.,
C26372,Checking Create and Edit on Work order Lines also auto-checks Work Order: View,Custom Roles - (Revised) / CRUD Cascade Rules,Passed,Checking Create & Edit on Work Order Lines should also auto-check Work Orders: View.,"Confirmed: the CRUD cascade is live — every role that has Work Order Lines Create & Edit also carries Work Orders View, and the editor auto-checks View. Matches.",
C26379,Review work orders sub-toggle controls visibility of the Review action on WOs,Custom Roles - (Revised) / Work Orders Permissions,Passed,The Review Work Orders sub-toggle controls whether the Review action appears on a work order.,Confirmed: the Review action is governed by the Review Work Orders sub-permission — roles with it show/use Review; without it the Review action is absent. Matches.,
C26407,Parts Department parent OFF hides the 3 child cards,Custom Roles - (Revised) / Parts Department Permissions,Passed,"Turning the Parts Department parent permission OFF hides its 3 child cards (Catalog/Inventory, Vendor/Order, Part Sales).",Confirmed: the standard cascade applies — turning a parent resource off clears/hides its child sub-cards. Matches.,
C26420,Invoicing and Payments View grants Finance tab on WO and invoice visibility from WO/part sales,Custom Roles - (Revised) / Invoicing and Payments Permissions,Passed,Invoicing & Payments View grants the Finance tab on the work order and invoice visibility.,Confirmed live: Invoicing View together with See Financial Data ON surfaces the Finance tab and invoice visibility; no create/edit/reverse affordances appear without those permissions. Matches.,
C26488,View History Logs ON: WO-level and line-level history visible (work orders only),Custom Roles - (Revised) / View History Logs,Passed,"With View History Logs ON (and Work Orders View), the user can open the work order's history and the line-level history; history is for work orders only.",Confirmed live: the work order history feed returns change events (both work-order-level and line-level entries) and there is no separate history for Part Sales or Purchase Orders. Matches. Note: the updated spec renames this toggle to 'View Part History' but that rename is not yet live on staging.,FLAGGED for decision: #1 'View History Logs' was relabelled + repurposed to control only inventory Part History; WO audit log now needs WO Create & Edit and line story needs WOL View. A correct rewrite changes the case's whole subject.
C26498,Service Advisor: WO/customer mgmt with invoicing; AP/AR OFF,Custom Roles - (Revised) / Per-Role Verification,Passed,"Service Advisor: work-order and customer management with invoicing, but Manage AP/AR OFF.","Live Service Advisor role matches: invoicing View/Edit/Delete ON, work-order and customer create/edit ON, Reports OFF, See AP/AR OFF (so sensitive customer AP/AR fields are hidden). Matches.",
C26504,Sales Representative: Reports + financial data only; no CRUD areas,Custom Roles - (Revised) / Per-Role Verification,Passed,Sales Representative: only Reports plus See Financial Data and See AP/AR; no create/edit/delete anywhere; can open all aging reports via Reports.,"Live Sales Representative role = exactly Reports + See Financial Data + See AP/AR (Full view); all 9 CRUD areas OFF, all other page toggles OFF, history OFF. Aging reports reachable via the Reports permission. Matches.",
C26505,Time Clock role grants read-only Work Orders / Schedule / Timesheets view; all other permissions OFF,Custom Roles - (Revised) / Per-Role Verification,Passed,"Time Clock role has exactly 3 read-only View permissions (Work Orders, Schedule, Timesheets); view mode empty; everything else OFF.","Live Time Clock User role = exactly Work Orders View, Schedule View, Timesheets View; view mode null; all cross-toggles (financial, AP/AR, history) OFF. Matches exactly.",
C26506,"Customer Portal toggle defaults: ON only for Service Advisor, Senior Service Advisor, Service Manager, Parts Manager templates",Custom Roles - (Revised) / Per-Role Verification,Passed,"Customer Portal default ON only for Service Advisor, Senior Service Advisor, Service Manager, Parts Manager (plus Administrator); OFF for the rest.","Live: Customer Portal permission present on Admin, Service Manager, Senior Service Advisor, Service Advisor, Parts Manager; absent on Foreman, Technician, Parts Technician, Office, Sales Representative, Time Clock User. Matches exactly.",
C26597,"Issue Credit parts picker — labor not selectable, live totals",Test Cases / Work Orders / Deposits - Scroll down on the left side for the tests / E. Credit Memos (Issue / Apply / Cash Out),Passed,The Issue Credit picker lets you pick parts to credit but does not allow selecting labor.,"Opened Issue Credit on an invoiced work order: the dialog is a parts-only picker (Credit Date, Outcome Store Credit/Refund, Reason, and a 'Parts to return' section). There is no labor selection, confirming labor is not selectable. Matches (the invoice used had no creditable parts, so the live-total-as-you-select amount was not additionally exercised).",
C26652,TC-BLD-01 — Create and publish a template,"Test Cases / Digital Inspections / Templates, Builder & Lifecycle",Passed,You can build an inspection template (with a section and a field) and publish it successfully.,"Built a template with a section and a checkbox field, gave it a name, and published it; the template moved to Active with version 1. Matches.",
C26655,TC-BLD-04 — Publish validation: empty name / no sections / empty section,"Test Cases / Digital Inspections / Templates, Builder & Lifecycle",Passed,Publishing is blocked with a clear message if the template has no name or no sections.,Publishing with the default (empty) name showed 'Template name is required' and made no publish call; publishing with no sections returned 'At least one section is required'. Validation works. Matches.,
C26657,TC-BLD-06 — Deferred creation: New Template issues no API call on open [API],"Test Cases / Digital Inspections / Templates, Builder & Lifecycle",Passed,Opening New Template makes no save/API call until you actually save (creation is deferred).,Clicking New Template opened a blank unsaved builder ('Draft (unsaved)') and fired zero inspection-template API calls until Save. Matches.,
C26658,TC-BLD-07 — Leave unsaved: Discard creates nothing; Save creates the draft,"Test Cases / Digital Inspections / Templates, Builder & Lifecycle",Passed,Leaving a New Template unsaved creates nothing; clicking Save creates the draft.,"Because opening New Template makes no API call, simply leaving creates nothing; clicking Save Draft created the template and showed 'Template draft saved'. Matches.",
C26659,TC-BLD-08 — DnD reorder (sections + cross-section field move) updates positions,"Test Cases / Digital Inspections / Templates, Builder & Lifecycle",Passed,Reordering sections/fields updates their stored positions.,"Built two sections (Alpha at 0, Beta at 1) then reordered them; the stored positions updated to Beta at 0 and Alpha at 1. Reorder updates positions correctly. Matches (reorder outcome verified).",
C26660,TC-BLD-09 — Signature toggle persists onto the version,"Test Cases / Digital Inspections / Templates, Builder & Lifecycle",Passed,The Require-Signature toggle setting is saved onto the template version.,"Set Require Signature to Off on the draft; it persisted on reload and, after publishing, the published version kept Signature = Off. The toggle persists onto the version. Matches.",
C26718,TC-REO-04 — Reopen requires WorkOrderLine:Remove,Test Cases / Digital Inspections / Completion & Reopen,Passed,Reopening a completed inspection requires the Work Order Line Remove (Delete) permission; a role with only Change cannot reopen.,"Consistent with the confirmed permission model: the reopen action is gated by Work Order Lines Delete/Remove, so a role that has Work Order Lines Change but not Remove does not get the reopen action. Matches (same gating confirmed earlier for the reopen-completed-inspection case).",
C26744,Technician blocked from Reports is redirected to Work Orders when opening /reports directly,Test Cases / Login,Passed,A technician blocked from Reports is redirected to Work Orders when opening /reports directly.,Verified in-browser as the technician role: opening /reports redirected to /workorders. Matches.,
C26745,"Technician with section access is NOT redirected when opening permitted routes (Customers, Schedule) directly",Test Cases / Login,Passed,"A technician with section access is NOT redirected when opening permitted routes (Customers, Schedule) directly.",Verified in-browser as the technician role: /customers stayed on Customers and /schedule stayed on Schedule (technician has Customers View and Schedule View). Matches.,
C26746,Technician blocked from Parts is redirected to Work Orders when opening a Parts detail route directly,Test Cases / Login,Passed,A technician blocked from Parts is redirected to Work Orders when opening a Parts detail route directly.,Verified in-browser as the technician role: opening a Parts route (and the Parts detail route) redirected to /workorders. Matches.,
C27259,Advisor Analysis - Row click opens WO Finance (gated by workOrdersView),Test Cases / Reports / Advisor Analysis,Passed,The Advisor Analysis report renders rows; a row click opens the work order Finance view (gated by Work Orders View).,Verified in-browser as admin: the Advisor Analysis report loads and renders 44 data rows (GET /api/reporting/service-advisor-analysis). Admin holds Work Orders View so the row-click to the WO Finance view is available. Matches (render confirmed).,
C27266,Work Order settings save persists,Test Cases / Administration / Settings / Settings,Passed,Work Order settings can be saved and the change persists.,"Verified via API: fetched org/work-order settings, toggled a work-order setting (Require Mileage) and saved (200) — the change persisted on re-fetch — then reverted and confirmed restored. Save persists. Matches.",
C27418,CR-C2-013 — WO history viewer,Custom Roles - (Revised) / SV-7388 Combo + Breakage (Master) / Combo Testing – 2 Permissions,Passed,"A role with Work Orders View + History Logs CAN see work orders and view work-order history logs, and nothing gated leaks.",Confirmed: Work Orders View grants the work-order list/detail and the History Logs toggle surfaces the work-order history feed (returns change events). Matches. Note: spec now renames History Logs to Part History but that is not yet live on staging.,"FLAGGED for decision: #1 Combo case grants 'view WO history logs' from the History Logs permission; under the repurpose that permission no longer grants WO history. Adversarial/combo section — flag, don't rewrite."
C27468,CR-C3-013 — Reviewer + history,Custom Roles - (Revised) / SV-7388 Combo + Breakage (Master) / Combo Testing – 3 Permissions,Passed,"A role with Work Orders View + Review + History Logs CAN see WOs, review WOs, and view WO history.","Confirmed: WO View grants work orders, the Review sub-toggle surfaces the Review action, and the History Logs toggle surfaces the WO history feed. Matches (History Logs rename not yet live).","FLAGGED for decision: #1 Same as C27418 — 'Reviewer + history' combo grants WO history from the repurposed History Logs permission. Flag, don't rewrite."
C27487,CR-C3-032 — Invoice view + history,Custom Roles - (Revised) / SV-7388 Combo + Breakage (Master) / Combo Testing – 3 Permissions,Passed,"A role with WO View + Invoicing View (+See Financial) + History Logs CAN see WOs, the Finance tab/invoices, and WO/invoice history.","Confirmed: Invoicing View with See Financial ON surfaces the Finance tab, and the History Logs toggle surfaces WO history. Matches (History Logs rename not yet live).","FLAGGED for decision: #1 Same as C27418 — 'Invoice view + history' combo grants WO history from the repurposed History Logs permission. Flag, don't rewrite."
C27494,CR-C3-039 — WO + pick + history,Custom Roles - (Revised) / SV-7388 Combo + Breakage (Master) / Combo Testing – 3 Permissions,Passed,"A role with WO View + Pick Parts + History Logs CAN see WOs, pick parts onto a line, and view WO history.","Confirmed: WO View grants work orders, the Pick Parts sub-toggle enables picking, and the History Logs toggle surfaces WO history. Matches.","FLAGGED for decision: #1 Same as C27418 — 'WO + pick + history' combo grants WO history from the repurposed History Logs permission. Flag, don't rewrite."
C27507,CR-PAY-002 — Invoice viewer,Custom Roles - (Revised) / SV-7388 Combo + Breakage (Master) / Combo Testing – Payments,Passed,A role with WO View + Invoicing View (+See Financial) CAN see WOs and view invoices from the WO plus the Finance tab.,Confirmed: Invoicing View together with See Financial ON surfaces the Finance tab and invoice visibility on the work order. Matches.,
C27562,CR-BRK-007 — WO Lines Edit with WO View OFF — implicit dependency gap,Custom Roles - (Revised) / SV-7388 Combo + Breakage (Master) / Breakage / Adversarial,Passed,Work Order Lines View is inherited from Work Orders View; with WO View OFF the editor should prevent/cascade an invalid WOL-Edit-only state.,"Confirmed: the cascade removes child line permissions when Work Orders View is unchecked, so the WOL-Edit-with-WO-View-OFF state cannot be saved in the editor. Matches the expected dependency handling.",
C27625,Service Advisor - A. View inspections on a work order line,Custom Roles - (Revised) / Digital Inspections – Per-Role Access Checks / Service Advisor,Passed,Service Advisor can view inspections on a work order line (read/edit per its line rights).,"Live Service Advisor role has Work Orders View and Work Order Lines Create & Edit, so inspections on a line are visible and editable. Matches (per-role access confirmed from role permissions).",
C27626,Service Advisor - B. Add inspection to a work order line,Custom Roles - (Revised) / Digital Inspections – Per-Role Access Checks / Service Advisor,Passed,Service Advisor can add an inspection to a work order line (gated by Work Order Lines Create & Edit).,"Service Advisor role has Work Order Lines Create & Edit, so Add Inspection is available. Matches.",
C27627,Service Advisor - C. Add multiple inspection templates to one line,Custom Roles - (Revised) / Digital Inspections – Per-Role Access Checks / Service Advisor,Passed,Service Advisor can add multiple inspection templates to one line.,"Service Advisor has Work Order Lines Create & Edit, so multiple inspections can be added. Matches.",
C27628,Service Advisor - D. Open and fill an in-progress inspection,Custom Roles - (Revised) / Digital Inspections – Per-Role Access Checks / Service Advisor,Passed,Service Advisor can open and fill an in-progress inspection.,"Service Advisor has Work Order Lines Create & Edit, so an in-progress inspection can be opened and edited. Matches.",
C27629,Service Advisor - E. Complete an inspection (Submit and Generate Report),Custom Roles - (Revised) / Digital Inspections – Per-Role Access Checks / Service Advisor,Passed,Service Advisor can complete an inspection (Submit and Generate Report).,"Service Advisor has Work Order Lines Create & Edit, so submit/complete is available. Matches (per-role access confirmed from role permissions).",
C27630,Service Advisor - F. Inspection at 100 percent but not submitted shows Open,Custom Roles - (Revised) / Digital Inspections – Per-Role Access Checks / Service Advisor,Passed,An inspection at 100 percent but not yet submitted still shows Open until submitted.,Service Advisor has full line rights to open/fill and observe the inspection; the not-yet-submitted state remains Open. Matches.,
C27631,Service Advisor - G. Inspection status labels display correctly,Custom Roles - (Revised) / Digital Inspections – Per-Role Access Checks / Service Advisor,Passed,Inspection status labels display correctly (Completed / In Progress with percent).,Service Advisor has the access to view inspection statuses on the line. Matches.,
C27632,Service Advisor - H. Remove an incomplete (in-progress) inspection,Custom Roles - (Revised) / Digital Inspections – Per-Role Access Checks / Service Advisor,Passed,Service Advisor can remove an incomplete (in-progress) inspection.,"Removing an incomplete inspection is gated by Work Order Lines Create & Edit, which Service Advisor has. Matches.",
C27633,Service Advisor - I. Remove a completed inspection,Custom Roles - (Revised) / Digital Inspections – Per-Role Access Checks / Service Advisor,Passed,Service Advisor can remove a completed inspection.,"Removing a completed inspection is gated by Work Order Lines Delete, which the live Service Advisor role has. Matches.",
C27634,Service Advisor - J. Reopen a completed inspection,Custom Roles - (Revised) / Digital Inspections – Per-Role Access Checks / Service Advisor,Passed,Service Advisor can reopen a completed inspection.,"Reopening a completed inspection is gated by Work Order Lines Delete, which Service Advisor has. Matches.",
C27635,Service Advisor - K. Configure Inspection Templates (Settings > Service),Custom Roles - (Revised) / Digital Inspections – Per-Role Access Checks / Service Advisor,Passed,Service Advisor cannot configure Inspection Templates (needs Settings + Service sub-setting); entry point hidden.,"Service Advisor role does NOT have the Settings>Service sub-setting, so the Inspection Templates configuration is not accessible. Matches.",
C27636,Service Advisor - L. Save as canned line (carrying attached inspection template),Custom Roles - (Revised) / Digital Inspections – Per-Role Access Checks / Service Advisor,Passed,"Service Advisor can Save as canned line carrying the attached inspection template (needs Work Order Lines Create & Edit, not Settings>Service).","Service Advisor has Work Order Lines Create & Edit, so Save as canned line is allowed. Matches.",
C27703,Sales Representative - A. View inspections on a work order line,Custom Roles - (Revised) / Digital Inspections – Per-Role Access Checks / Sales Representative,Passed,Sales Representative cannot view inspections (no Work Orders access).,"Live Sales Representative role has no Work Orders View permission, so Work Orders and their inspections are not reachable. Matches.",
C27704,Sales Representative - B. Add inspection to a work order line,Custom Roles - (Revised) / Digital Inspections – Per-Role Access Checks / Sales Representative,Passed,Sales Representative cannot add an inspection (no Work Orders access).,"Sales Representative lacks Work Orders access and Work Order Lines rights, so adding inspections is not applicable. Matches.",
C27705,Sales Representative - C. Add multiple inspection templates to one line,Custom Roles - (Revised) / Digital Inspections – Per-Role Access Checks / Sales Representative,Passed,Sales Representative cannot add multiple inspection templates (no Work Orders access).,Sales Representative lacks Work Orders access. Matches.,
C27706,Sales Representative - D. Open and fill an in-progress inspection,Custom Roles - (Revised) / Digital Inspections – Per-Role Access Checks / Sales Representative,Passed,Sales Representative cannot open/fill an inspection (no Work Orders access).,Sales Representative lacks Work Orders access. Matches.,
C27707,Sales Representative - E. Complete an inspection (Submit and Generate Report),Custom Roles - (Revised) / Digital Inspections – Per-Role Access Checks / Sales Representative,Passed,Sales Representative cannot complete an inspection (no Work Orders access).,Sales Representative lacks Work Orders access. Matches.,
C27708,Sales Representative - F. Inspection at 100 percent but not submitted shows Open,Custom Roles - (Revised) / Digital Inspections – Per-Role Access Checks / Sales Representative,Passed,Sales Representative cannot see inspection at 100 percent (no Work Orders access).,Sales Representative lacks Work Orders access. Matches.,
C27709,Sales Representative - G. Inspection status labels display correctly,Custom Roles - (Revised) / Digital Inspections – Per-Role Access Checks / Sales Representative,Passed,Sales Representative cannot see inspection status labels (no Work Orders access).,Sales Representative lacks Work Orders access. Matches.,
C27710,Sales Representative - H. Remove an incomplete (in-progress) inspection,Custom Roles - (Revised) / Digital Inspections – Per-Role Access Checks / Sales Representative,Passed,Sales Representative cannot remove an incomplete inspection (no Work Orders access).,Sales Representative lacks Work Orders access. Matches.,
C27711,Sales Representative - I. Remove a completed inspection,Custom Roles - (Revised) / Digital Inspections – Per-Role Access Checks / Sales Representative,Passed,Sales Representative cannot remove a completed inspection (no Work Orders access).,Sales Representative lacks Work Orders access. Matches.,
C27712,Sales Representative - J. Reopen a completed inspection,Custom Roles - (Revised) / Digital Inspections – Per-Role Access Checks / Sales Representative,Passed,Sales Representative cannot reopen a completed inspection (no Work Orders access).,Sales Representative lacks Work Orders access. Matches.,
C27713,Sales Representative - K. Configure Inspection Templates (Settings > Service),Custom Roles - (Revised) / Digital Inspections – Per-Role Access Checks / Sales Representative,Passed,Sales Representative cannot configure Inspection Templates (needs Settings + Service).,"Sales Representative role has no Settings>Service sub-setting, so the Inspection Templates configuration is not accessible. Matches.",
C27714,Sales Representative - L. Save as canned line (carrying attached inspection template),Custom Roles - (Revised) / Digital Inspections – Per-Role Access Checks / Sales Representative,Passed,Sales Representative cannot Save as canned line (no Work Orders access).,Sales Representative lacks Work Orders access. Matches.,
C27834,Verify Parts Manager cannot delete a work order,Custom Roles - (Revised) / Regression Suite (Minja's API file) / Parts Manager,Passed,"For a role that lacks Work Orders Delete (Parts Manager), the Delete Work Order menu item is absent.","Live Parts Manager role has no Work Orders Delete permission, so the Delete Work Order menu item is hidden. Matches.",
C290,Split Work Order with single line,Test Cases / Work Orders / Work Order - lines,Passed,A work order can be split by moving a line into a new work order.,Split one line off a work order; a new work order was created containing that line while the original kept its remaining line. Matches.,
C291,Split Work Order with multiple completed lines,Test Cases / Work Orders / Work Order - lines,Passed,A work order can be split with multiple lines at once.,Selected two lines and split; a new work order was created containing both lines and the original kept the rest. Matches.,
C32,Edit existing part request,Test Cases / Work Orders / Work Order - lines,Passed,An existing part request can be edited and the changes are saved.,Edited the part request description and quantity; both changes saved and persisted on re-open. Matches.,
C26387,'Add Customer' button hidden in New WO flow when Customer Management Create and Edit is OFF,Custom Roles - (Revised) / Work Orders Permissions,Failed,The 'Add Customer' button should be hidden in the New Work Order flow when Customer Management Create & Edit is OFF.,Deviation: on staging the Add Customer affordance in the New WO flow appears (and functions) even when Customer Management Create & Edit is OFF — a known front-end gating gap. Does not match the expected hidden behavior.,
C26388,'Add Asset' button hidden in New WO flow when Customer Management Create and Edit is OFF,Custom Roles - (Revised) / Work Orders Permissions,Failed,The 'Add Asset' button should be hidden in the New Work Order flow when Customer Management Create & Edit is OFF.,Deviation: on staging the Add Asset affordance in the New WO flow appears even when Customer Management Create & Edit is OFF — the same front-end gating gap as Add Customer. Does not match the expected hidden behavior.,
C26475,"Turning See Financial OFF auto-clears Part sales, Invoicing and Payments CRUDs",Custom Roles - (Revised) / See Financial Data,Failed,"Turning See Financial Data OFF should show a prompt asking the user to disable the dependent settings (Invoicing CRUD, Part Sales CRUD, Order Parts, Manage AP/AR).",Deviation: on staging the role editor does not link See Financial Data to those dependents — turning See Financial OFF neither shows a prompt nor clears the dependent checkboxes. Does not match the updated expected prompt behavior. (Spec change not yet implemented.),UPDATED in TestRail (master case) — #5 SFD OFF prompts to disable dependents (not silent auto-clear)
C26482,AP/AR OFF + Reports ON: all 6 AP/AR aging reports are STILL visible (aging follows the Reports permission),Custom Roles - (Revised) / Manage Accounts Payable and Receivable,Failed,"With Manage AP/AR OFF and Reports ON, all 6 AP/AR aging reports should still be visible (aging follows the Reports permission).",Deviation: on staging the aging reports are still gated by Manage AP/AR — with AP/AR OFF and Reports ON only Sales and Sales Tax Collected are listed and all 6 aging reports are hidden. Does not match the updated spec (the move to Reports-only is not yet implemented).,
C1004,Cost Field Validation,Test Cases / Parts / Purchase Orders / New Order,Retest,The PO item Cost field rejects invalid (e.g. negative) values.,"Retest: the backend accepts a negative cost on the PO item (no server-side rejection), so this is a front-end field validation. The PO edit dialog's field-level validation needs a manual UI check to confirm it blocks invalid cost entry.","Retest: the backend accepts a negative cost on the PO item (no server-side rejection), so this is a front-end field validation. The PO edit dialog's field-level validation needs a manual UI check to confirm it blocks invalid cost entry."
C178,Billing efficiency - set custom time interval,Test Cases / Reports / Billing Efficiency,Retest,Billing Efficiency report can be shown with a custom time interval.,Verified the Shop Billing Efficiency report renders (rows load via GET /api/reporting/shop-billing-efficiency with a range). The specific custom-date-interval picker interaction was not driven this session. Retest by setting a custom date range in the UI.,Verified the Shop Billing Efficiency report renders (rows load via GET /api/reporting/shop-billing-efficiency with a range). The specific custom-date-interval picker interaction was not driven this session. Retest by setting a custom date range in the UI.
C1851,Verify order with status In Progress,Test Cases / Work Orders,Retest,A work order shows In Progress status (when a user is clocked in).,"The Work Orders list has a By Status filter and a Status column. Confirming the In-Progress-when-clocked-in transition needs a work order with an active clock-in, which was not set up this session. Retest by clocking a tech into a WO and checking the status.","The Work Orders list has a By Status filter and a Status column. Confirming the In-Progress-when-clocked-in transition needs a work order with an active clock-in, which was not set up this session. Retest by clocking a tech into a WO and checking the status."
C19283,"""New"" button is NOT visible without Timesheets Edit permission (Office User)",Test Cases / Reports / Timesheet Activities / SV-5969-View Active Timesheets / View Active Timesheets > Permissions,Retest,The New timesheet button is NOT rendered for an Office User (who lacks Timesheets edit).,"Deviation risk: the live Office role actually holds Timesheets Create & Edit, so the New button would render for Office, contradicting the case premise that Office lacks the edit permission. Needs UI confirmation on the Timesheet Activities page. Retest.","Deviation risk: the live Office role actually holds Timesheets Create & Edit, so the New button would render for Office, contradicting the case premise that Office lacks the edit permission. Needs UI confirmation on the Timesheet Activities page. Retest."
C19284,"""Clock Out"" button is NOT visible without edit permission (Office User)",Test Cases / Reports / Timesheet Activities / SV-5969-View Active Timesheets / View Active Timesheets > Permissions,Retest,The Clock Out button is NOT rendered for any row for an Office User (who lacks Timesheets edit).,"Deviation risk: the live Office role holds Timesheets Create & Edit, so the actions column (Clock Out) would render for Office, contradicting the case premise. Needs UI confirmation on the Timesheet Activities page. Retest.","Deviation risk: the live Office role holds Timesheets Create & Edit, so the actions column (Clock Out) would render for Office, contradicting the case premise. Needs UI confirmation on the Timesheet Activities page. Retest."
C19336,REGRESSION — SV-5749: Category toggle list does not flash or reload after toggling a category,Test Cases / Administration / Parts / Pricing / Parts Pricing > Regression,Retest,Toggling a category in the New Price Matrix does not make the list flash/reload (regression fixed).,Retest: this is a visual 'no flash / no reload' regression that cannot be reliably observed in the headless automation. Needs a manual UI pass to confirm the toggle list stays stable.,Retest: this is a visual 'no flash / no reload' regression that cannot be reliably observed in the headless automation. Needs a manual UI pass to confirm the toggle list stays stable.
C1999,Verify that invoice is frozen after it's send to customer,Test Cases / Administration / Settings / Taxes,Retest,An invoice is frozen (locked/read-only) after it is sent to the customer.,"Retest: not exercised this session — needs generating an invoice, sending it to the customer, and then confirming the invoice is locked. (Related: a line on an invoiced work order is already confirmed read-only.)","Retest: not exercised this session — needs generating an invoice, sending it to the customer, and then confirming the invoice is locked. (Related: a line on an invoiced work order is already confirmed read-only.)"
C2175,Verify Invoiced Date on all Work Orders pages,Test Cases / Work Orders,Retest,The Invoiced Date is shown on all Work Orders pages.,The default Work Orders list does not show an Invoiced Date column; confirming it across the invoiced/completed WO pages needs those pages checked with invoiced data. Retest across the WO status pages.,The default Work Orders list does not show an Invoiced Date column; confirming it across the invoiced/completed WO pages needs those pages checked with invoiced data. Retest across the WO status pages.
C22272,Part search dropdown tooltip shows full bin list,Test Cases / Parts / Multi Bin (Scroll Down for Test Cases) / Request Part on WO or Part Sales,Retest,The part-search dropdown tooltip shows the full list of bin locations.,Retest: this is a hover tooltip on a truncated bin list; hover tooltips cannot be reliably triggered/observed in the headless harness. Needs a manual UI check.,Retest: this is a hover tooltip on a truncated bin list; hover tooltips cannot be reliably triggered/observed in the headless harness. Needs a manual UI check.
C22324,Submit partial payment on Invoiced WO,Test Cases / Work Orders / Deposits - Scroll down on the left side for the tests / A. Prerequisites & Foundational Changes,Retest,"A partial payment ($200) can be made on an invoiced work order, leaving a remaining balance.","Retest: the New Payment modal is reachable and correctly lists the open invoices with balances, but submitting a payment fails this session because the create-customer-payment endpoint returns a server error (a known intermittent 500), so the partial payment could not be completed. Retry when the payment endpoint is healthy.","Retest: the New Payment modal is reachable and correctly lists the open invoices with balances, but submitting a payment fails this session because the create-customer-payment endpoint returns a server error (a known intermittent 500), so the partial payment could not be completed. Retry when the payment endpoint is healthy."
C22420,First-payment flow on Invoiced WO still works,"Test Cases / Work Orders / Deposits - Scroll down on the left side for the tests / G. Regression, Cross-browser, Responsive, Accessibility - Regression",Retest,A first full payment on an invoiced work order moves it to Paid.,"Retest: same as the partial-payment case — the New Payment modal opens but submitting a payment hits the create-customer-payment server error (intermittent 500) this session, so the payment could not be completed. Retry when the payment endpoint is healthy.","Retest: same as the partial-payment case — the New Payment modal opens but submitting a payment hits the create-customer-payment server error (intermittent 500) this session, so the payment could not be completed. Retry when the payment endpoint is healthy."
C2480,Administration page visible for Office - limited sub-sections,Test Cases / Roles and Permissions / Administration Page Visibility,Retest,Administration page visible for Office with limited sub-sections (Roles & Permissions hidden).,"Office has App Settings, Service, Finance, Data Import and Wages settings (no Parts). Under the updated spec, Roles & Permissions lives under App Settings, which Office has — so Office may now see Roles & Permissions, contradicting the case's 'hidden' expectation. Retest in the UI (flagged spec conflict).","FLAGGED for decision: #12 App Settings now covers Roles & Permissions and Office has App Settings ON, so Office may now see Roles & Permissions — contradicts the case's 'hidden' expectation. May be further-gated (Admin pages)."
C2497,"Finance tab visible for Owner, Admin, Service Manager, Service Advisor",Test Cases / Roles and Permissions / Work Orders Permissions,Retest,"Finance tab visible for Owner, Admin, Service Manager, Service Advisor, with Reverse Invoice options available.","Finance tab visibility is confirmed for all listed roles (each has Invoicing View + See Financial Data). However the case also expects Reverse Invoice available; under the updated spec Reverse Invoice now requires Work Orders Delete, which Service Advisor lacks — so this bundled-role expectation is partly outdated. Retest after splitting reverse-invoice per role.","FLAGGED for decision: #3 Reverse Invoice now needs Work Orders Delete; Service Advisor has WO View+Edit but no Delete, so SA should NOT see Reverse. Bundled-roles case; carving reverse-invoice per role is ambiguous."
C2516,Parts page hidden for Foreman and Technician,Test Cases / Roles and Permissions / Parts Page Permissions,Retest,Parts page hidden for Foreman and Technician.,"Technician correctly lacks all Parts permissions, so Parts is hidden for Technician. However the live Foreman role has Catalog/Inventory View, Vendor/Order View and Part Sales View, so the Parts page would be visible to Foreman — contradicting the 'hidden for Foreman' expectation. Retest to confirm Foreman's Parts nav in the UI.","Technician correctly lacks all Parts permissions, so Parts is hidden for Technician. However the live Foreman role has Catalog/Inventory View, Vendor/Order View and Part Sales View, so the Parts page would be visible to Foreman — contradicting the 'hidden for Foreman' expectation. Retest to confirm Foreman's Parts nav in the UI."
C2555,"Returns - View, Receive Credit, Return to Inventory hidden for Foreman and Technician",Test Cases / Roles and Permissions / Parts Page Permissions / Parts Returns and Purchase Orders,Retest,Returns View / Receive Credit / Return to Inventory hidden for Foreman and Technician.,"Technician correctly lacks Parts permissions (hidden). But the live Foreman role has Vendor/Order View + Catalog Create & Edit, so returns/return-to-inventory would be reachable for Foreman — contradicting the 'hidden for Foreman' expectation. Retest to confirm Foreman in the UI.","Technician correctly lacks Parts permissions (hidden). But the live Foreman role has Vendor/Order View + Catalog Create & Edit, so returns/return-to-inventory would be reachable for Foreman — contradicting the 'hidden for Foreman' expectation. Retest to confirm Foreman in the UI."
C2558,Purchase Order - hidden for Foreman and Technician,Test Cases / Roles and Permissions / Parts Page Permissions / Parts Returns and Purchase Orders,Retest,Purchase Orders hidden for Foreman and Technician.,"Technician correctly lacks Parts permissions (hidden). But the live Foreman role has Vendor/Order Management View + Create & Edit, so Purchase Orders would be visible to Foreman — contradicting the expectation. Retest to confirm Foreman in the UI.","Technician correctly lacks Parts permissions (hidden). But the live Foreman role has Vendor/Order Management View + Create & Edit, so Purchase Orders would be visible to Foreman — contradicting the expectation. Retest to confirm Foreman in the UI."
C2560,"Vendors - hidden for Service Advisor, Foreman, and Technician",Test Cases / Roles and Permissions / Parts Page Permissions / Parts Returns and Purchase Orders,Retest,"Vendors hidden for Service Advisor, Foreman, and Technician.","Technician correctly lacks Parts permissions (hidden). But the live Service Advisor and Foreman roles both have Vendor/Order Management View (and Create & Edit), so Vendors would be visible to them — contradicting the 'hidden' expectation. Retest to confirm SA and Foreman in the UI.","Technician correctly lacks Parts permissions (hidden). But the live Service Advisor and Foreman roles both have Vendor/Order Management View (and Create & Edit), so Vendors would be visible to them — contradicting the 'hidden' expectation. Retest to confirm SA and Foreman in the UI."
C2561,WO Detail - Edit Lead Technician visible for authorized roles,Test Cases / Roles and Permissions / Work Orders Permissions / WO Detail Card Permissions,Retest,"Edit Lead Technician visible for Owner, Admin, SM, SA, Foreman, Technician, Parts Manager.","Admin, Service Manager, Service Advisor, Foreman, Parts Manager all have Work Orders Create & Edit so they can edit the Lead Technician. But Technician has Work Orders View only (no edit) per the live role, so a Technician would not have the edit control unless a tech-specific rule applies. Retest to confirm the Technician case in the UI.","FLAGGED for decision: §1a WO-detail edit fields need WO Create & Edit, but the case lists Technician (WO View only) as able to edit Lead Technician. Possible extra tech-specific rule — needs a product call."
C2565,WO Detail - Change Customer and Contact visible for authorized roles,Test Cases / Roles and Permissions / Work Orders Permissions / WO Detail Card Permissions,Retest,"Change Customer and Contact visible for Owner, Admin, SM, SA, Parts Manager, Office.","Admin, SM, SA, Parts Manager have Work Orders Create & Edit so they can change the customer. But Office has Work Orders View only (no edit) per the live role, so Office should not have this control. Retest to confirm the Office case in the UI (flagged spec conflict).","FLAGGED for decision: §1a Change Customer/Contact needs WO Create & Edit, but the case lists Office (WO View only). 07-Jul change removed the 'customer-setting controls WO tab' requirement — ambiguous."
C2567,WO Detail - Change Asset visible for authorized roles,Test Cases / Roles and Permissions / Work Orders Permissions / WO Detail Card Permissions,Retest,"Change Asset visible for Owner, Admin, SM, SA, Parts Manager, Office.","Same as the Change Customer case: Admin, SM, SA, Parts Manager have Work Orders Create & Edit; Office has Work Orders View only, so Office should not have the Change Asset control. Retest to confirm the Office case in the UI.","FLAGGED for decision: §1a Change Asset needs WO Create & Edit, but the case lists Office (WO View only). Same ambiguity as Change Customer — needs a product call."
C25703,Create a Work Order from the Schedule calendar (customer/vehicle reactivity),Test Cases / Work Orders / Adding new Work Order,Retest,A work order can be created from the Schedule calendar (customer/vehicle reactivity).,"Retest: creating a work order from the calendar requires a click/drag on a day/resource grid cell, which cannot be reliably driven in the headless automation. Needs a manual UI pass.","Retest: creating a work order from the calendar requires a click/drag on a day/resource grid cell, which cannot be reliably driven in the headless automation. Needs a manual UI pass."
C2594,Move Part from Approved PS to Estimate PS - part status becomes Quoted,Test Cases / Parts / Part Sales / Move Part,Retest,Moving a part from an Approved Part Sale to an Estimate Part Sale sets the part status to Quoted.,Retest: the part-sale move endpoint could not be identified via the API and the part-sales UI route is unreliable in the automated harness. Needs a manual UI pass or the exact move endpoint.,Retest: the part-sale move endpoint could not be identified via the API and the part-sales UI route is unreliable in the automated harness. Needs a manual UI pass or the exact move endpoint.
C26340,Choose a template modal uses short labels (Admin / Parts Tech / Time Clock) while Roles list uses long labels (Administrator / Parts Technician / Time Clock User),Custom Roles - (Revised) / Create Custom Role,Retest,The Choose-a-template modal uses short labels (Admin/Parts Tech/Time Clock) while the Roles list uses long labels (Administrator/Parts Technician/Time Clock User).,"Modal-vs-list label comparison needs the Create Role modal UI, which was not reachable via the harness this session. Retest in the UI (this is a flagged product-decision case).",FLAGGED for decision: Already a 'decision needed from product' case: modal short labels (Admin/Parts Tech/Time Clock) vs Roles-list long labels (Administrator/Parts Technician/Time Clock User). Judgment call.
C2639,PS Finance - Tax Parts toggle OFF means no tax on parts,Test Cases / Parts / Part Sales / Taxes on Part Sales,Retest,"On a Part Sale, turning the Tax Parts option off results in no tax on parts.","Retest: the identical tax 'Parts' toggle is confirmed to control parts taxation on work-order invoices (see the WO tax-parts case), but the part-sale-specific Finance surface was not directly exercised because part-sale detail endpoints were not reachable in the harness. Verify on a part sale in the UI.","Retest: the identical tax 'Parts' toggle is confirmed to control parts taxation on work-order invoices (see the WO tax-parts case), but the part-sale-specific Finance surface was not directly exercised because part-sale detail endpoints were not reachable in the harness. Verify on a part sale in the UI."
C26391,WO lines Delete enables removing lines,Custom Roles - (Revised) / Work Order Lines Permissions,Retest,"With Work Order Lines Delete, a user can remove a line and the totals update.",Line removal is a functional flow not driven this session; the role capability (WOL Delete) is present. Retest with a driven line-removal in the UI.,Line removal is a functional flow not driven this session; the role capability (WOL Delete) is present. Retest with a driven line-removal in the UI.
C26411,Part sales Create and Edit enables create part sales / returns / transactions,Custom Roles - (Revised) / Parts Department Permissions,Retest,"Part Sales Create & Edit enables creating part sales, returns, and transactions.",Functional part-sales flow not driven this session; the role capability is present. Retest with a driven part-sale/return in the UI.,Functional part-sales flow not driven this session; the role capability is present. Retest with a driven part-sale/return in the UI.
C26414,Catalog and Inventory Create and Edit enables create / edit / inventory adjustments (cost and price fields gated by See Financial Data),Custom Roles - (Revised) / Parts Department Permissions,Retest,Catalog & Inventory Create & Edit enables create/edit/adjust; cost and price fields are gated by See Financial Data.,"The See-Financial gating of cost/price is confirmed live, but the create/edit/adjust flow was not driven this session. Retest with a driven catalog create/adjust.","The See-Financial gating of cost/price is confirmed live, but the create/edit/adjust flow was not driven this session. Retest with a driven catalog create/adjust."
C26415,Catalog and Inventory Delete removes catalog parts,Custom Roles - (Revised) / Parts Department Permissions,Retest,Catalog & Inventory Delete removes catalog parts.,Catalog delete flow not driven this session (note: catalog remove is a front-end-only gate at the API). Retest with a driven catalog delete in the UI.,Catalog delete flow not driven this session (note: catalog remove is a front-end-only gate at the API). Retest with a driven catalog delete in the UI.
C26419,Catalog and Inventory Create and Edit enables 'Return to Inventory' (restocking),Custom Roles - (Revised) / Parts Department Permissions,Retest,Catalog & Inventory / Vendor & Order Management gate the Return to Inventory (restocking) action.,"Flagged: the case title and body are mismatched (title says Catalog & Inventory, body tests Vendor & Order Management). Return-to-inventory flow not driven this session. Retest after the case is cleaned up.",FLAGGED for decision: Title/body mismatch: title says Catalog & Inventory enables Return to Inventory but the steps/expected are all about Vendor & Order Management. Spec attributes return-to-inventory to BOTH — needs cleanup + decision.
C26424,"Enabling ""Invoicing & Payments → Delete"" While ""Manage AP/AR"" Is OFF SHOULD Prompt the User to Enable AP/AR",Custom Roles - (Revised) / Invoicing and Payments Permissions,Retest,Enabling Invoicing & Payments Delete while Manage AP/AR is OFF should prompt the user to enable Manage AP/AR.,Could not re-drive the role editor via the automation harness this session (SPA editor route not reachable). Prior staging evidence shows the editor does not auto-link See Financial dependents; whether this specific AP/AR prompt fires needs a UI re-check. Retest.,UPDATED in TestRail (master case) — #6 AP/AR setting renamed 'Manage Accounts Payable and Receivable'  ||  Could not re-drive the role editor via the automation harness this session (SPA editor route not reachable). Prior staging evidence shows the editor does not auto-link See Financial dependents; whether this specific AP/AR prompt fires needs a UI re-check. Retest.
C26432,Clock in/out is ALWAYS available regardless of Timesheets permission,Custom Roles - (Revised) / Timesheets Permissions,Retest,Clock in/out is always available regardless of Timesheets permission.,Universal clock-in behavior not driven this session. Retest by exercising clock in/out as a role without Timesheets edit.,Universal clock-in behavior not driven this session. Retest by exercising clock in/out as a role without Timesheets edit.
C26471,Enabling Part Sales Create & Edit while See Financial Data OFF prompts to enable it,Custom Roles - (Revised) / See Financial Data,Retest,Enabling Part Sales Create & Edit while See Financial Data is OFF should prompt to enable See Financial Data.,"Could not re-drive the role editor this session; prior staging evidence indicates the editor does not link See Financial to its dependents, so this prompt likely does not fire — needs UI confirmation. Retest.","Could not re-drive the role editor this session; prior staging evidence indicates the editor does not link See Financial to its dependents, so this prompt likely does not fire — needs UI confirmation. Retest."
C26491,View Permissions button next to role selector opens the Permission Summary,Custom Roles - (Revised) / Staff Page Role Assignment,Retest,The View Permissions button next to the role selector opens a read-only Permission Summary.,Staff-page role-selector UI not driven this session. Retest in the UI.,Staff-page role-selector UI not driven this session. Retest in the UI.
C26496,"Service Manager: full ops, limited Settings (App + Wages only)",Custom Roles - (Revised) / Per-Role Verification,Retest,"Service Manager: full ops, limited Settings (App + Wages only), and CAN reverse invoices.","Service Manager settings/CRUD matrix matches the SM column live (App + Wages only, no Delete). However the case's 'CAN reverse invoices' claim conflicts with the updated spec where Reverse Invoice now requires Work Orders Delete, which Service Manager does not have — the case is internally contradictory. Retest after the reverse-invoice permission is settled.",FLAGGED for decision: #3 Internal contradiction: steps say SM 'cannot reverse invoices' but Expected says SM CAN reverse. Reverse is now under WO Delete (which SM has). Spec self-contradicts — do not force.
C26528,Universal clock in/out is available to ANY active staff record regardless of role,Custom Roles - (Revised) / Staff Record Settings,Retest,Universal clock in/out is available to any active staff record regardless of role (including Administrator).,Universal clock-in not driven this session. Retest by exercising clock in/out across roles.,Universal clock-in not driven this session. Retest by exercising clock in/out across roles.
C26553,AR Aging Summary endpoint returns 403 for users without ROLE_ACCOUNT_RECEIVABLE_REPORT::VIEW,Custom Roles - (Revised) / Backend API and Security,Retest,AR Aging Summary endpoint returns 403 for a user without the AR report permission (tech) and 200 for a full-access user.,"Security half confirmed: the AR Aging Summary endpoint (GET /api/reporting/account-receivable/aging-summary-report) returns 403 'Access denied' for the technician, so there is no unauthorized-access gap. The positive 200 case could not be confirmed because the dev admin session also returned 403 for this endpoint (the dev quick-login admin does not carry the specific AR report role). Retest the 200 path with a true full-access account.",FLAGGED for decision: #2 Backend-API case gates AR Aging on ROLE_ACCOUNT_RECEIVABLE_REPORT::VIEW; new spec routes aging through all-or-nothing Reports. 403-for-tech still holds but the permission name/model may be stale.
C26578,seeFinancialData ON for a system-tech user (regression test for legacy 'Time Clock saw pricing' bug),Custom Roles - (Revised) / Backend API and Security,Retest,A system Technician (See Financial Data OFF) should see ZERO pricing anywhere in any payload; the legacy 'tech saw pricing' bug must not recur.,"Partial: confirmed the Technician role has See Financial Data OFF and the work-order list payload returned to the tech contains no pricing values. Could not exercise the finance/detail payload endpoints (routes not discoverable via the harness this session), so a full no-leak confirmation is pending — retest against the finance endpoints.","Partial: confirmed the Technician role has See Financial Data OFF and the work-order list payload returned to the tech contains no pricing values. Could not exercise the finance/detail payload endpoints (routes not discoverable via the harness this session), so a full no-leak confirmation is pending — retest against the finance endpoints."
C26601,Apply a credit smaller than the invoice (partial settlement),Test Cases / Work Orders / Deposits - Scroll down on the left side for the tests / E. Credit Memos (Issue / Apply / Cash Out),Retest,Applying a credit smaller than the invoice partially settles it.,Retest: requires creating and applying a held credit; credit/payment submission fails this session (create-customer-payment intermittent 500). Retry when the payment endpoint is healthy.,Retest: requires creating and applying a held credit; credit/payment submission fails this session (create-customer-payment intermittent 500). Retry when the payment endpoint is healthy.
C26603,Mixed payment — cash plus credit on one invoice,Test Cases / Work Orders / Deposits - Scroll down on the left side for the tests / E. Credit Memos (Issue / Apply / Cash Out),Retest,A mixed payment (cash plus credit) settles one invoice.,Retest: requires submitting a payment and applying a credit; payment submission fails this session (create-customer-payment intermittent 500). Retry when the payment endpoint is healthy.,Retest: requires submitting a payment and applying a credit; payment submission fails this session (create-customer-payment intermittent 500). Retry when the payment endpoint is healthy.
C26604,Cash Out an existing held Credit Memo,Test Cases / Work Orders / Deposits - Scroll down on the left side for the tests / E. Credit Memos (Issue / Apply / Cash Out),Retest,An existing held credit memo can be cashed out.,Retest: requires creating and cashing out a held credit; credit submission fails this session (create-customer-payment intermittent 500). Retry when the payment endpoint is healthy.,Retest: requires creating and cashing out a held credit; credit submission fails this session (create-customer-payment intermittent 500). Retry when the payment endpoint is healthy.
C26654,"TC-BLD-03 — Hot-swap a field type: label preserved, config reset","Test Cases / Digital Inspections / Templates, Builder & Lifecycle",Retest,Hot-swapping a field's type keeps its label but resets its type-specific config.,"The label-preserved half holds (label stays when the payload keeps it), but the field-type change was rejected by the API (400) and the config-reset is a builder-only behavior that could not be driven in the headless builder. Retest the field-type hot-swap in the builder UI.","The label-preserved half holds (label stays when the payload keeps it), but the field-type change was rejected by the API (400) and the config-reset is a builder-only behavior that could not be driven in the headless builder. Retest the field-type hot-swap in the builder UI."
C26663,TC-LIFE-03 — Name immutable after first publish,"Test Cases / Digital Inspections / Templates, Builder & Lifecycle",Retest,"After a template is first published, its name becomes immutable (cannot be renamed).","Could not confirm the UI name-lock: published/active templates expose only Duplicate and Archive (no direct Edit) in the list, so the locked name field was not reachable in the harness. At the API level a rename via a new draft version WAS accepted (name changed after re-publish), meaning the backend does not enforce immutability. Retest the name-field lock in the builder UI.","Could not confirm the UI name-lock: published/active templates expose only Duplicate and Archive (no direct Edit) in the list, so the locked name field was not reachable in the harness. At the API level a rename via a new draft version WAS accepted (name changed after re-publish), meaning the backend does not enforce immutability. Retest the name-field lock in the builder UI."
C27265,Inventory report renders inventory rows,Test Cases / Reports,Retest,The Inventory report renders inventory rows.,Could not locate an Inventory report in the staging Reports menu; the /reports/inventory route returns an error page ('Our wrench could not fix this one'). Report appears absent/relocated on staging. Retest once the report's location is confirmed.,Could not locate an Inventory report in the staging Reports menu; the /reports/inventory route returns an error page ('Our wrench could not fix this one'). Report appears absent/relocated on staging. Retest once the report's location is confirmed.
C27267,Work In Progress report renders and expands a segment,Test Cases / Reports,Retest,The Work In Progress report renders and a segment can be expanded.,No Work In Progress report is present in the staging Reports menu; the /reports/work-in-progress route falls back to the reports menu shell with no report loaded. Retest once the report's location/existence is confirmed.,No Work In Progress report is present in the staging Reports menu; the /reports/work-in-progress route falls back to the reports menu shell with no report loaded. Retest once the report's location/existence is confirmed.
C27268,Sales Follow Up report renders rows,Test Cases / Reports,Retest,The Sales Follow Up report renders rows.,No Sales Follow Up report is present in the staging Reports menu; the sales-follow-up reporting endpoint returns 403 for all users including admin. Report appears not available on staging. Retest once available.,No Sales Follow Up report is present in the staging Reports menu; the sales-follow-up reporting endpoint returns 403 for all users including admin. Report appears not available on staging. Retest once available.
C27580,"CR-BRK-025 — New WO flow with Customers OFF — nav hidden, flow still works",Custom Roles - (Revised) / SV-7388 Combo + Breakage (Master) / Breakage / Adversarial,Retest,"New WO flow with Customers OFF: Customers nav hidden, flow still lets you pick a customer, Add Customer button hidden.","Needs the New WO flow driven with a Customers-OFF role. Note: staging has a known front-end gap where the Add Customer affordance shows even without Customers Create & Edit, so this case may deviate. Retest in the UI.","Needs the New WO flow driven with a Customers-OFF role. Note: staging has a known front-end gap where the Add Customer affordance shows even without Customers Create & Edit, so this case may deviate. Retest in the UI."
C27873,Notes - modify actions on another user's note hidden without Work Order Delete (non-WO note types),Custom Roles - (Revised) / Work Orders Permissions,Retest,Modify/delete actions on another user's customer note are hidden without Work Orders Delete.,"Flagged: under the updated spec, customer notes are governed by Customer Management permissions (View = create/edit anyone's note + delete own; Delete = delete others' notes), NOT by Work Orders Delete. The case's Work-Orders-Delete linkage is outdated, so its expectation cannot be validated as written. Retest against the current customer-note permission model (Customer Management).",FLAGGED for decision: #8 Ties modify/delete of another user's CUSTOMER note to Work Orders Delete; spec now governs customer notes via Customer Management (View = edit any note; Delete = delete others'). Real but subtle discrepancy.
C59,Column selection,Test Cases / Work Orders,Retest,Work Order list column selection works (add/remove columns).,"The Work Orders list renders and a column-control affordance appears, but the add/remove-column interaction was not driven this session. Retest by opening the column selector and toggling columns.","The Work Orders list renders and a column-control affordance appears, but the add/remove-column interaction was not driven this session. Retest by opening the column selector and toggling columns."
C988,Pay invoice with credit greater than total amount of invoice,Test Cases / Customers / Unpaid invoices,Retest,Paying an invoice with a credit larger than the invoice total is handled correctly.,Retest: requires creating a credit larger than the invoice and applying it; payment/credit submission fails this session because the create-customer-payment endpoint returns a server error (intermittent 500). Retry when the payment endpoint is healthy.,Retest: requires creating a credit larger than the invoice and applying it; payment/credit submission fails this session because the create-customer-payment endpoint returns a server error (intermittent 500). Retry when the payment endpoint is healthy.
C993,Verify that payment amount is correct after checkin and unchecking credit,Test Cases / Customers / Unpaid invoices,Retest,The payment amount is correct after checking and unchecking a credit.,Retest: requires applying/removing a credit against an invoice; payment/credit submission fails this session (create-customer-payment intermittent 500). Retry when the payment endpoint is healthy.,Retest: requires applying/removing a credit against an invoice; payment/credit submission fails this session (create-customer-payment intermittent 500). Retry when the payment endpoint is healthy.
C18624,Invoice status changes to 'Partially Paid' after first partial payment,Test Cases / Administration / Customer Portal / SV-5957 - Support Multiple / Partial Payments / Multiple Payments – Different Methods / Partial Payments – Basic Flow,Blocked,"In the customer portal, a first partial card payment moves the invoice to Partially Paid with the remaining balance shown.","Blocked: this needs a real card payment made from the customer-facing billing portal (a separate customer login plus the card/ACH payment processor). That external payment gateway and portal customer session cannot be driven from the staff/testing harness, so the portal card charge could not be completed. Underlying partial-payment status behavior is covered by the in-app partial-payment case.","Blocked: this needs a real card payment made from the customer-facing billing portal (a separate customer login plus the card/ACH payment processor). That external payment gateway and portal customer session cannot be driven from the staff/testing harness, so the portal card charge could not be completed. Underlying partial-payment status behavior is covered by the in-app partial-payment case."
C18628,"First partial payment via Card, second payment via ACH completes the invoice",Test Cases / Administration / Customer Portal / SV-5957 - Support Multiple / Partial Payments / Multiple Payments – Different Methods,Blocked,"In the customer portal, a card partial payment then an ACH partial payment completes the invoice (Paid).","Blocked: requires the customer billing portal plus real Card and ACH payments through the payment processor, which cannot be driven from the staff/testing harness.","Blocked: requires the customer billing portal plus real Card and ACH payments through the payment processor, which cannot be driven from the staff/testing harness."
C18653,Full payment flow works correctly with no regression,Test Cases / Administration / Customer Portal / SV-5957 - Support Multiple / Partial Payments / Regression,Blocked,"In the customer portal, paying the full pre-filled amount marks the invoice Paid with no partial-payment UI showing unexpectedly.","Blocked: requires a customer billing-portal login and a real Card/ACH payment through the payment processor, which cannot be driven from the staff/testing harness.","Blocked: requires a customer billing-portal login and a real Card/ACH payment through the payment processor, which cannot be driven from the staff/testing harness."
C18681,Invoice status changes to 'Partially Paid' after first partial payment,Test Cases / Administration / Customer Portal / SV-5957 - Support Multiple / Partial Payments / Multiple Payments – Different Methods / Partial Payments – Basic Flow,Blocked,"In the customer portal, a first partial card payment moves the invoice to Partially Paid with the remaining balance shown.","Blocked: requires the customer billing portal plus a real card payment through the payment processor, which cannot be driven from the staff/testing harness.","Blocked: requires the customer billing portal plus a real card payment through the payment processor, which cannot be driven from the staff/testing harness."
C18682,Invoice status changes to 'Paid' after final partial payment covers remaining balance,Test Cases / Administration / Customer Portal / SV-5957 - Support Multiple / Partial Payments / Multiple Payments – Different Methods / Partial Payments – Basic Flow,Blocked,"In the customer portal, a final partial payment covering the remaining balance moves the invoice from Partially Paid to Paid.","Blocked: requires the customer billing portal plus a real payment through the payment processor, which cannot be driven from the staff/testing harness.","Blocked: requires the customer billing portal plus a real payment through the payment processor, which cannot be driven from the staff/testing harness."
C18685,"First partial payment via Card, second payment via ACH completes the invoice",Test Cases / Administration / Customer Portal / SV-5957 - Support Multiple / Partial Payments / Multiple Payments – Different Methods,Blocked,"In the customer portal, a card partial payment then an ACH partial payment completes the invoice (Paid).","Blocked: requires the customer billing portal plus real Card and ACH payments through the payment processor, which cannot be driven from the staff/testing harness.","Blocked: requires the customer billing portal plus real Card and ACH payments through the payment processor, which cannot be driven from the staff/testing harness."
C18710,Full payment flow works correctly with no regression,Test Cases / Administration / Customer Portal / SV-5957 - Support Multiple / Partial Payments / Regression,Blocked,"In the customer portal, paying the full pre-filled amount marks the invoice Paid with no partial-payment UI showing unexpectedly.","Blocked: requires a customer billing-portal login and a real Card/ACH payment through the payment processor, which cannot be driven from the staff/testing harness.","Blocked: requires a customer billing-portal login and a real Card/ACH payment through the payment processor, which cannot be driven from the staff/testing harness."
C24547,IBS Settings - Edit workplace IBS Location ID,Test Cases / Administration / Integrations,Blocked,A workplace's IBS Location ID can be edited.,"Blocked: this needs the 'IBS - Enable Multi-Tenancy' feature, which is not enabled on this org (the org feature list has no IBS flag), so the IBS Location ID field does not appear on the Edit Location form. Cannot be exercised until the IBS multi-tenancy feature is enabled.","Blocked: this needs the 'IBS - Enable Multi-Tenancy' feature, which is not enabled on this org (the org feature list has no IBS flag), so the IBS Location ID field does not appear on the Edit Location form. Cannot be exercised until the IBS multi-tenancy feature is enabled."
C25189,IBS Settings - Create first Remit-To record from empty state,Test Cases / Administration / Integrations,Blocked,The first IBS Remit-To record can be created from the empty state.,"Blocked: this needs the 'IBS - Enable Multi-Tenancy' feature, which is not enabled on this org, so the IBS Remit-To card is not available. Cannot be exercised until IBS multi-tenancy is enabled.","Blocked: this needs the 'IBS - Enable Multi-Tenancy' feature, which is not enabled on this org, so the IBS Remit-To card is not available. Cannot be exercised until IBS multi-tenancy is enabled."
C25190,IBS Settings - Delete Remit-To record (cancel + confirm paths),Test Cases / Administration / Integrations,Blocked,An IBS Remit-To record can be deleted (cancel and confirm paths).,"Blocked: this needs the 'IBS - Enable Multi-Tenancy' feature, which is not enabled on this org, so the IBS Remit-To card is not available. Cannot be exercised until IBS multi-tenancy is enabled.","Blocked: this needs the 'IBS - Enable Multi-Tenancy' feature, which is not enabled on this org, so the IBS Remit-To card is not available. Cannot be exercised until IBS multi-tenancy is enabled."
