case_id,link,section_id,area,title,verdict,fields,current,proposed,reason,citation,confidence,note
26307,https://shopview.testrail.io/index.php?/cases/view/26307,3528,Roles List Page,The Roles & Permissions list page loads with its columns and a create button,OK,,,,,,,
26308,https://shopview.testrail.io/index.php?/cases/view/26308,3528,Roles List Page,All 11 system roles appear in the list with a system badge,OK,,,,,,,
26309,https://shopview.testrail.io/index.php?/cases/view/26309,3528,Roles List Page,Creating a custom role opens the template picker,OK,,,,,,,
26310,https://shopview.testrail.io/index.php?/cases/view/26310,3528,Roles List Page,A custom role row has a pencil (edit) icon and a three-dot menu; View Permissions is in the menu,OK,,,,,,,
26311,https://shopview.testrail.io/index.php?/cases/view/26311,3528,Roles List Page,The eye (View Permissions) icon shows in the Actions column only for Office User and Time Clock User,OK,,,,,,,
26313,https://shopview.testrail.io/index.php?/cases/view/26313,3528,Roles List Page,"The Office User system role is non-editable (lock icon, eye only)",OK,,,,,,,
26314,https://shopview.testrail.io/index.php?/cases/view/26314,3528,Roles List Page,"The Time Clock User system role is non-editable (lock icon, eye only)",OK,,,,,,,
26315,https://shopview.testrail.io/index.php?/cases/view/26315,3528,Roles List Page,The Users column shows a clickable count that links to the filtered Staff page,OK,,,,,,,
26316,https://shopview.testrail.io/index.php?/cases/view/26316,3528,Roles List Page,The search field filters the roles list as you type,OK,,,,,,,
26317,https://shopview.testrail.io/index.php?/cases/view/26317,3528,Roles List Page,Roles & Permissions is hidden for users without the App Settings sub-toggle,OK,,,,,,,
26318,https://shopview.testrail.io/index.php?/cases/view/26318,3528,Roles List Page,Locations appears under the Settings area,OK,,,,,,,
26319,https://shopview.testrail.io/index.php?/cases/view/26319,3528,Roles List Page,The roles list has a Template column,OK,,,,,,,
26320,https://shopview.testrail.io/index.php?/cases/view/26320,3528,Roles List Page,Each of the 11 system roles shows its description,OK,,,,,,,
26321,https://shopview.testrail.io/index.php?/cases/view/26321,3528,Roles List Page,A custom role with no description shows a dash,OK,,,,,,,
26322,https://shopview.testrail.io/index.php?/cases/view/26322,3528,Roles List Page,An editable system role's three-dot menu shows View Permissions and no Delete,OK,,,,,,,
26323,https://shopview.testrail.io/index.php?/cases/view/26323,3528,Roles List Page,"The three-dot menu is hidden on the non-editable system roles (Office User, Time Clock User)",OK,,,,,,,
26324,https://shopview.testrail.io/index.php?/cases/view/26324,3528,Roles List Page,A custom role's three-dot menu shows View Permissions and Delete,OK,,,,,,,
26325,https://shopview.testrail.io/index.php?/cases/view/26325,3528,Roles List Page,Deletion and duplication behavior on the roles list,OK,,,,,,,
26326,https://shopview.testrail.io/index.php?/cases/view/26326,3529,Create Custom Role,The template picker lists all 11 system role templates with descriptions,OK,,,,,,,
26327,https://shopview.testrail.io/index.php?/cases/view/26327,3529,Create Custom Role,Selecting a template highlights that row with a checkmark,OK,,,,,,,
26328,https://shopview.testrail.io/index.php?/cases/view/26328,3529,Create Custom Role,Applying a template opens the Create Role page pre-filled with that template's settings,OK,,,,,,,
26329,https://shopview.testrail.io/index.php?/cases/view/26329,3529,Create Custom Role,Skipping the template starts a blank role with all permissions off,OK,,,,,,,
26330,https://shopview.testrail.io/index.php?/cases/view/26330,3529,Create Custom Role,The Create Role page shows Basic Details with a required Role name and optional Description,OK,,,,,,,
26331,https://shopview.testrail.io/index.php?/cases/view/26331,3529,Create Custom Role,The permissions section shows the resource cards with their columns,OK,,,,,,,
26332,https://shopview.testrail.io/index.php?/cases/view/26332,3529,Create Custom Role,The permission search box filters the cards,OK,,,,,,,
26333,https://shopview.testrail.io/index.php?/cases/view/26333,3529,Create Custom Role,A blank Role name blocks Create with an inline message,OK,,,,,,,
26334,https://shopview.testrail.io/index.php?/cases/view/26334,3529,Create Custom Role,You can change any setting from the template defaults before saving,OK,,,,,,,
26335,https://shopview.testrail.io/index.php?/cases/view/26335,3529,Create Custom Role,"Create is blocked with zero permissions (button disabled, no message)",OK,,,,,,,
26336,https://shopview.testrail.io/index.php?/cases/view/26336,3529,Create Custom Role,A successful Create shows a success message and returns to the list,OK,,,,,,,
26337,https://shopview.testrail.io/index.php?/cases/view/26337,3529,Create Custom Role,Same name and permissions as an existing role shows a 'Similar role already exists' confirmation,OK,,,,,,,
26338,https://shopview.testrail.io/index.php?/cases/view/26338,3529,Create Custom Role,Turning on every permission shows the 'Full administrative access' warning banner,OK,,,,,,,
26339,https://shopview.testrail.io/index.php?/cases/view/26339,3529,Create Custom Role,A role name must be unique,OPEN-QUESTION,expected,Saving is blocked because the name is already used.,"OPEN QUESTION for Bilal/Vlad + PO: does the build enforce UNIQUE role names? The spec (Create/Edit Custom Role) says 'Name (required, unique)', but the build shipped a soft 'Similar role already exists' confirmation that only triggers when BOTH the name AND the permission set are identical (C26337, verified) — it does NOT hard-block a duplicate name with a different permission set (C26339 marked Deviation). Decide the intended rule: (a) hard-block any duplicate name (update the build; keep this case asserting the block), or (b) the soft same-name+same-perms confirm is the intended behaviour (retire/rewrite this case, since C26337 already covers it). Do not push until resolved.","Spec says role names are unique; build does not hard-enforce it (only a soft confirm on identical name+permissions). No ticket resolves the conflict — genuine product question, and a likely nightly false-fail.","Spec 'Create / Edit Custom Role' ('Name (required, unique)') vs build soft-confirm (C26337 verified); no PO ruling on record.",medium,
26340,https://shopview.testrail.io/index.php?/cases/view/26340,3529,Create Custom Role,The template picker may use shorter role names than the Roles list,OK,,,,,,,
26341,https://shopview.testrail.io/index.php?/cases/view/26341,3529,Create Custom Role,The template picker descriptions differ from the Roles list descriptions,OK,,,,,,,
26342,https://shopview.testrail.io/index.php?/cases/view/26342,3530,Edit Role,Edit opens the role editor pre-filled with the role's current settings,OK,,,,,,,
26343,https://shopview.testrail.io/index.php?/cases/view/26343,3530,Edit Role,Saving an edited role shows 'Role updated successfully.' after a confirmation dialog,OK,,,,,,,
26344,https://shopview.testrail.io/index.php?/cases/view/26344,3530,Edit Role,Reset to template restores template defaults; Save is only enabled if something changed,OK,,,,,,,
26345,https://shopview.testrail.io/index.php?/cases/view/26345,3530,Edit Role,Changing a role logs an active user out; new permissions apply at next login,OK,,,,,,,
26346,https://shopview.testrail.io/index.php?/cases/view/26346,3530,Edit Role,"The Office User system role cannot be edited (lock icon, eye only)",OK,,,,,,,
26347,https://shopview.testrail.io/index.php?/cases/view/26347,3530,Edit Role,"The Time Clock User system role cannot be edited (lock icon, eye only)",OK,,,,,,,
26348,https://shopview.testrail.io/index.php?/cases/view/26348,3530,Edit Role,The role name cannot be left empty when editing,OK,,,,,,,
26349,https://shopview.testrail.io/index.php?/cases/view/26349,3530,Edit Role,Editing: at least one permission must be turned on to save,OK,,,,,,,
26350,https://shopview.testrail.io/index.php?/cases/view/26350,3531,Delete Role,A custom role with 0 users can be deleted from the three-dot menu,OK,,,,,,,
26351,https://shopview.testrail.io/index.php?/cases/view/26351,3531,Delete Role,A custom role with 1 or more users cannot be deleted,OK,,,,,,,"Build implements the delete-block as a hidden menu item + disabled button + tooltip, NOT the 'Cannot Delete' MODAL the spec (Delete Role section) still describes. Case is build-accurate and VIU-Verified; the spec DOC wording is stale here — flag to PO to update the spec text, no case change needed."
26352,https://shopview.testrail.io/index.php?/cases/view/26352,3531,Delete Role,"After moving the assigned users to another role, the role can be deleted",OK,,,,,,,
26353,https://shopview.testrail.io/index.php?/cases/view/26353,3531,Delete Role,System roles have no Delete option anywhere,OK,,,,,,,
26354,https://shopview.testrail.io/index.php?/cases/view/26354,3531,Delete Role,The assigned-user count is correct when a delete is blocked,OK,,,,,,,
26355,https://shopview.testrail.io/index.php?/cases/view/26355,3532,Permission Summary,The eye icon on the Roles list opens the read-only Permission Summary,UPDATE,expected,"...the Cross-Cutting Toggles (See Financial Data, View and Manage AP/AR Data, View History Logs) for Senior Service Advisor.","[expected] A window opens. It shows the add/edit/delete areas, the Page Access toggles, the Settings sub-settings, the Work orders sub-settings (View mode, Review work orders, Pick parts, Order parts), and the Cross-Cutting Toggles (See Financial Data, Manage Accounts Payable and Receivable) for Senior Service Advisor. (Part History visibility now appears under the Parts group as 'View Part History', not as a cross-cutting toggle.) Everything in the window is read-only; clicking does nothing. The window closes when you close it.
NOTE (confirm live): the spec renamed the AP/AR toggle to 'Manage Accounts Payable and Receivable' (6/10) and relabelled 'View History Logs' to 'View Part History' under Parts (7/7); the build may still show the legacy labels until SV-8202 ships — see LABEL-BATCH.md.",Cross-cutting toggle list uses two renamed labels: 'View and Manage AP/AR Data' → 'Manage Accounts Payable and Receivable' (spec 6/10) and 'View History Logs' → 'View Part History' relocated under Parts (spec 7/7; build fix SV-8202 open).,Spec change log 6/10 + 7/7; §5b; §1h; SV-8202 (open). See LABEL-BATCH.md.,medium,
26356,https://shopview.testrail.io/index.php?/cases/view/26356,3532,Permission Summary,You can view a role's Permission Summary from Edit Staff Member using the eye icon next to the Role dropdown,OK,,,,,,,
26357,https://shopview.testrail.io/index.php?/cases/view/26357,3532,Permission Summary,The eye icon on the Office row opens the Permission Summary,OK,,,,,,,
26358,https://shopview.testrail.io/index.php?/cases/view/26358,3532,Permission Summary,The eye icon on the Time Clock User row opens the Permission Summary,OK,,,,,,,
26359,https://shopview.testrail.io/index.php?/cases/view/26359,3532,Permission Summary,The Permission Summary is grouped and shows each setting's on/off state,UPDATE,expected,"...the Cross-Cutting Toggles (See Financial Data, View and Manage AP/AR Data, View History Logs).","[expected] Every setting is clearly labelled with its on/off state. The content is grouped into the add/edit/delete areas, the Page Access toggles, the Settings sub-settings, the Work orders sub-settings (View mode, Review work orders, Pick parts, Order parts), and the Cross-Cutting Toggles (See Financial Data, Manage Accounts Payable and Receivable). Part History visibility appears under the Parts group as 'View Part History'.
NOTE (confirm live): the build may still show the legacy labels 'View and Manage AP/AR Data' / 'View History Logs' until SV-8202 ships — see LABEL-BATCH.md.","Same two label renames as C26355 (AP/AR 6/10; View History Logs → View Part History 7/7, relocated under Parts).",Spec change log 6/10 + 7/7; §5b; §1h; SV-8202 (open). See LABEL-BATCH.md.,medium,
26360,https://shopview.testrail.io/index.php?/cases/view/26360,3533,CRUD Cascade Rules,Ticking Create & Edit on Work orders also ticks View,OK,,,,,,,
26361,https://shopview.testrail.io/index.php?/cases/view/26361,3533,CRUD Cascade Rules,Ticking Delete on Work orders also ticks Create & Edit and View,OK,,,,,,,
26362,https://shopview.testrail.io/index.php?/cases/view/26362,3533,CRUD Cascade Rules,Unticking View on Work orders also unticks Create & Edit and Delete,OK,,,,,,,
26363,https://shopview.testrail.io/index.php?/cases/view/26363,3533,CRUD Cascade Rules,Unticking Create & Edit on Work orders also unticks Delete but keeps View,OK,,,,,,,
26364,https://shopview.testrail.io/index.php?/cases/view/26364,3533,CRUD Cascade Rules,The same tick-cascade works on the Schedule card,OK,,,,,,,
26365,https://shopview.testrail.io/index.php?/cases/view/26365,3533,CRUD Cascade Rules,The same untick-cascade works on the Customers card,OK,,,,,,,
26366,https://shopview.testrail.io/index.php?/cases/view/26366,3533,CRUD Cascade Rules,Cascade works on Part sales with no See-Financial dialog when See Financial Data is already ON,OK,,,,,,,
26367,https://shopview.testrail.io/index.php?/cases/view/26367,3533,CRUD Cascade Rules,Cascade works on the Catalog and Inventory card,OK,,,,,,,
26368,https://shopview.testrail.io/index.php?/cases/view/26368,3533,CRUD Cascade Rules,Cascade works on the Vendor and order management card,OK,,,,,,,
26369,https://shopview.testrail.io/index.php?/cases/view/26369,3533,CRUD Cascade Rules,Cascade works on the Invoicing & payments card when See Financial Data is ON,OK,,,,,,,
26370,https://shopview.testrail.io/index.php?/cases/view/26370,3533,CRUD Cascade Rules,The Work order lines card has no View column (View comes from Work orders),OK,,,,,,,
26371,https://shopview.testrail.io/index.php?/cases/view/26371,3533,CRUD Cascade Rules,The Timesheets card has no Delete box,OK,,,,,,,
26372,https://shopview.testrail.io/index.php?/cases/view/26372,3533,CRUD Cascade Rules,Ticking Create & Edit on Work order lines also ticks Work orders View,OK,,,,,,,
26373,https://shopview.testrail.io/index.php?/cases/view/26373,3533,CRUD Cascade Rules,Unticking Work orders View clears Work order lines Create & Edit and Delete,OK,,,,,,,
26374,https://shopview.testrail.io/index.php?/cases/view/26374,3534,Work Orders Permissions,Work orders View gives access to the work order list and detail,OK,,,,,,,
26375,https://shopview.testrail.io/index.php?/cases/view/26375,3534,Work Orders Permissions,Work orders Create & Edit lets the user create and change work orders,OK,,,,,,,
26376,https://shopview.testrail.io/index.php?/cases/view/26376,3534,Work Orders Permissions,Work orders Delete lets the user delete work orders,OK,,,,,,,
26377,https://shopview.testrail.io/index.php?/cases/view/26377,3534,Work Orders Permissions,Work orders View OFF hides Work Orders from the top navigation,OK,,,,,,,
26378,https://shopview.testrail.io/index.php?/cases/view/26378,3534,Work Orders Permissions,The Work orders sub-toggles are shown but disabled when Work orders View is OFF,OK,,,,,,,
26379,https://shopview.testrail.io/index.php?/cases/view/26379,3534,Work Orders Permissions,The Review work orders sub-toggle controls the Review action on work orders,OK,,,,,,,
26380,https://shopview.testrail.io/index.php?/cases/view/26380,3534,Work Orders Permissions,"Pick parts needs only Work orders View, not Create & Edit",OK,,,,,,,
26381,https://shopview.testrail.io/index.php?/cases/view/26381,3534,Work Orders Permissions,Order parts needs Work orders View and See Financial Data (not Create & Edit),OK,,,,,,,
26382,https://shopview.testrail.io/index.php?/cases/view/26382,3534,Work Orders Permissions,Pick parts and Order parts are independent toggles,OK,,,,,,,
26383,https://shopview.testrail.io/index.php?/cases/view/26383,3534,Work Orders Permissions,"Without Create & Edit, create/edit options are hidden on work orders",OK,,,,,,,
26384,https://shopview.testrail.io/index.php?/cases/view/26384,3534,Work Orders Permissions,"Without Delete, no delete option is shown on a work order",OK,,,,,,,
26385,https://shopview.testrail.io/index.php?/cases/view/26385,3534,Work Orders Permissions,Creating a work order still works when Customers View is OFF,OK,,,,,,,
26386,https://shopview.testrail.io/index.php?/cases/view/26386,3534,Work Orders Permissions,The customer name shows on the work order header even when Customers View is OFF,OK,,,,,,,
26387,https://shopview.testrail.io/index.php?/cases/view/26387,3534,Work Orders Permissions,The 'Add Customer' button in the New Work Order flow when Customers Create & Edit is OFF,UPDATE,expected,The Add Customer button is not shown in the customer picker; the user can still pick an existing customer but cannot create a new one. (Known deviation: a prior run found this button still appearing when Customers Create & Edit is off — recommend a live re-check.),"[expected] The Add Customer button IS shown in the customer picker, and creating a new customer from the New Work Order flow works.
This is the expected behaviour: inside the New Work Order flow, adding a customer is part of creating a work order and is available to anyone who can create a work order (Work Orders: Create & Edit). It does NOT require Customers: Create & Edit — and in fact works even if Customers: View is OFF. The Customers permission only controls the Customers area in the top navigation.","SV-8002 (Sasha 2026-06-30, fix verified 2026-07-07) reversed the original expectation: the Add Customer button must be VISIBLE and creating a customer in the New WO flow works without any Customers CRUD. The old 'button hidden' expectation is inverted — a clear nightly false-fail source.",SV-8002 Sasha Grosman 2026-06-30 + QA Passed 2026-07-07; spec Key Decision 'Data Access not addressed' / Open Question 10.,high,
26388,https://shopview.testrail.io/index.php?/cases/view/26388,3534,Work Orders Permissions,The 'Add Asset' button is hidden in the New Work Order flow when Customers Create & Edit is OFF,UPDATE,"title, expected",The Add Asset button is not shown; the user can pick an existing asset but cannot create a new one. (Known deviation: a prior run found this button still appearing when Customers Create & Edit is off — recommend a live re-check.),"[title] The 'Add Asset' button in the New Work Order flow when Customers Create & Edit is OFF

[expected] The Add Asset button IS shown, and adding a new asset for the customer from the New Work Order flow works.
This is the expected behaviour: inside the New Work Order flow, adding an asset is part of creating a work order and is available to anyone who can create a work order (Work Orders: Create & Edit). It does NOT require Customers: Create & Edit.",SV-8002 explicitly covers creating both customers AND assets in the New WO flow ('create customers and assets in the create WO flow'; QA verified 'add asset for that customer from New Work Order Flow'). The 'button hidden' expectation is inverted.,SV-8002 Sasha Grosman 2026-06-30 + QA Passed 2026-07-07.,high,
27868,https://shopview.testrail.io/index.php?/cases/view/27868,3534,Work Orders Permissions,"Order parts controls the work order Parts tab (on shows it, off hides it)",OK,,,,,,,
27873,https://shopview.testrail.io/index.php?/cases/view/27873,3534,Work Orders Permissions,Edit/delete options on another user's customer note are hidden without the right permission,UPDATE,"title, preconds, steps, expected",PRE: role A with Customers View and Work orders View but no Work orders Delete. (steps/expected empty stub; premise gates a CUSTOMER note on Work orders Delete),"[title] Customer notes: editing anyone's note needs Customers View; deleting another user's note needs Customers Delete

[preconds] A customer has a note on its Notes tab that was written by a DIFFERENT user (e.g. an admin).
Role A has Customer Management: View only (no Delete). Role B has Customer Management: View + Create & Edit + Delete.
You can sign in as a user on Role A and as a user on Role B.

[steps] Sign in as the Role A user (Customers: View only) and open the customer's Notes tab.
Try to edit the note written by the other user.
Try to delete the note written by the other user.
Sign in as the Role B user (Customers: Delete) and open the same Notes tab.
Try to delete the note written by the other user.

[expected] Role A (Customers: View) CAN edit the other user's note (Work Orders/Customers View allows editing anyone's note so people can collaborate in one note), and can delete its OWN notes, but the Delete option on ANOTHER user's note is not available.
Role B (Customers: Delete) CAN delete the other user's note.
Customer and Asset notes are gated by the Customer Management permission (View = create + edit anyone's + delete own; Delete = delete others'). Work Orders: Delete does NOT control customer notes.","Final Notes model (SV-8003, Sasha 2026-07-08, verified 07-14): customer notes follow Customer Management CRUD, not Work Orders. Editing anyone's note is allowed with View; only deleting OTHERS' notes needs Delete. The stub premise gated a customer note on Work Orders Delete and implied edit is hidden — both wrong.",SV-8003 Sasha Grosman 2026-07-08 (final Notes model); spec §1d Customers View/Delete.,medium,
29435,https://shopview.testrail.io/index.php?/cases/view/29435,3534,Work Orders Permissions,A Pick/Order Parts role can edit the Quantity on the Part Requests tab,OPEN-QUESTION,expected,"PRE: Work order lines View only, and Pick parts ON. Title asserts a Pick/Order Parts (WOL View-only) role CAN edit part quantity.","OPEN QUESTION for Bilal/Vlad: two PO inputs conflict on which permission gates changing a part's quantity on a WO line. SV-8136 (Sasha 2026-07-06, QA Passed 07-14): 'They should only need WOL: Create & Edit to manage the quantity of a part' — i.e. a WOL View-only role (even with Pick/Order Parts) should NOT be able to change quantity. SV-8055 (referenced in SV-8136): 'On a work order's Parts tab, the user can edit part information even if their role has no WO Lines: Create and Edit permission.' Case C29435 asserts a Pick-Parts + WOL-View-only role CAN edit quantity, matching SV-8055 but contradicting SV-8136's WOL-C&E ruling. Case is Blocked-UI (never verified live). Decide: keep as WOL-C&E-gated (retire/rewrite this Pick-Parts-only case) or confirm the Parts-tab exception. Do not push until resolved.","SV-8136 (newer explicit PM ruling) says quantity management needs WOL Create & Edit; SV-8055 suggests a Parts-tab exception. Genuine spec tension on a never-verified case — needs a human decision, not a silent rewrite.",SV-8136 Sasha Grosman 2026-07-06 (WOL C&E) vs SV-8055 (Parts-tab edit without WOL C&E).,medium,
26389,https://shopview.testrail.io/index.php?/cases/view/26389,3535,Work Order Lines Permissions,Work order lines are visible whenever Work orders View is ON,OK,,,,,,,
26390,https://shopview.testrail.io/index.php?/cases/view/26390,3535,Work Order Lines Permissions,"Work order lines Create & Edit allows adding, editing, moving parts, authorizing and managing part requests",OK,,,,,,,
26391,https://shopview.testrail.io/index.php?/cases/view/26391,3535,Work Order Lines Permissions,Work order lines Delete allows removing lines,OK,,,,,,,
26392,https://shopview.testrail.io/index.php?/cases/view/26392,3535,Work Order Lines Permissions,Work orders View OFF makes work order lines unreachable,OK,,,,,,,
26393,https://shopview.testrail.io/index.php?/cases/view/26393,3535,Work Order Lines Permissions,Work order lines are read-only when Create & Edit is OFF,OK,,,,,,,
27271,https://shopview.testrail.io/index.php?/cases/view/27271,3535,Work Order Lines Permissions,The Build Lines entry point is hidden for a Work Orders View-only role,OK,,,,,,,
27272,https://shopview.testrail.io/index.php?/cases/view/27272,3535,Work Order Lines Permissions,The Build Lines entry point is shown for a role with Work order lines Create & Edit,OK,,,,,,,
27866,https://shopview.testrail.io/index.php?/cases/view/27866,3535,Work Order Lines Permissions,A default Technician (with Work order lines Create & Edit) can bulk-complete another tech's line via Set Line Status,OK,,,,,,,
27870,https://shopview.testrail.io/index.php?/cases/view/27870,3535,Work Order Lines Permissions,Work order lines Create & Edit lets the user mark a core OK/Not-OK and add line history,UPDATE,"title, expected",The core OK / Not OK control is available to this role and saves ... Both marking the core and adding line history are controlled by Work order lines Create & Edit.,"[title] Marking a core OK/Not-OK is available with Work orders View; a line's story history is available with Work order lines View

[expected] The core OK / Not OK control is available and saves. A line's story history can be opened.
Marking a core OK/Not-OK is gated by Work Orders: View (everyone who can view a work order can do it — agreed as a shared capability), and a line's story history is gated by Work Order Lines: View (which is inherited from Work Orders: View). A Work Order Lines: Create & Edit role therefore has both, but they are NOT exclusive to Create & Edit. (Line-level audit log, by contrast, requires Work Orders: Create & Edit.)","Cores OK/Not-OK moved to Work Orders: View (SV-8130 + spec 7/7 Key Decision 'agreed with Cody everyone should have access'); story history moved to WOL View (SV-7989, spec 7/7). The case's claim that both are 'controlled by WOL Create & Edit' contradicts the current spec even though a WOL C&E role still has both.","Spec 7/7 changelog + Key Decision (cores = WO View); SV-7989 Sasha 2026-07-07 (story history = WOL View, audit log = WO C&E); SV-8130 verified 07-13.",medium,
26394,https://shopview.testrail.io/index.php?/cases/view/26394,3536,Schedule Permissions,Schedule View shows the calendar with all technicians,OK,,,,,,,
26395,https://shopview.testrail.io/index.php?/cases/view/26395,3536,Schedule Permissions,"Schedule Create & Edit allows creating, changing and dragging appointments",OK,,,,,,,
26396,https://shopview.testrail.io/index.php?/cases/view/26396,3536,Schedule Permissions,Schedule Delete allows removing appointments,OK,,,,,,,
26397,https://shopview.testrail.io/index.php?/cases/view/26397,3536,Schedule Permissions,Schedule View OFF hides Schedule from the top navigation,OK,,,,,,,
27867,https://shopview.testrail.io/index.php?/cases/view/27867,3536,Schedule Permissions,A Schedule Create & Edit only role can open 'Assign existing work order' and the unscheduled work order list loads,OK,,,,,,,
26398,https://shopview.testrail.io/index.php?/cases/view/26398,3537,Customer Management Permissions,"Customers View gives access to customer records, contacts, vehicles and history",OK,,,,,,,
26399,https://shopview.testrail.io/index.php?/cases/view/26399,3537,Customer Management Permissions,"Customers Create & Edit allows creating customers, contacts and vehicles",UPDATE,label,...View and Manage AP/AR Data ON.,Label find-replace only: 'View and Manage AP/AR Data' -> 'Manage Accounts Payable and Receivable' (confirm live build label first — see LABEL-BATCH.md). Behaviour unchanged.,Stale toggle label (spec 6/10 rename).,Spec change log 6/10; §5b. LABEL-BATCH.md.,medium,
26400,https://shopview.testrail.io/index.php?/cases/view/26400,3537,Customer Management Permissions,Customers Delete removes the customer record,OK,,,,,,,
26401,https://shopview.testrail.io/index.php?/cases/view/26401,3537,Customer Management Permissions,Customers Delete does NOT let the user delete customer payments (that needs Invoicing & payments Delete),UPDATE,label,...View and Manage AP/AR Data ON.,Label find-replace only: 'View and Manage AP/AR Data' -> 'Manage Accounts Payable and Receivable' (confirm live). Behaviour (Customers Delete != payment delete) is correct per spec Key Decision.,Stale toggle label only; behaviour matches spec.,Spec change log 6/10; Key Decision 'Customer delete is not payment delete'. LABEL-BATCH.md.,medium,
26402,https://shopview.testrail.io/index.php?/cases/view/26402,3537,Customer Management Permissions,AP/AR OFF hides the 7 sensitive customer fields on Edit Customer,UPDATE,label,...View and Manage AP/AR Data OFF.,Label find-replace only: 'View and Manage AP/AR Data' -> 'Manage Accounts Payable and Receivable' (confirm live). The 7 fields match spec §5b / §1d.,Stale toggle label only.,Spec change log 6/10; §1d/§5b. LABEL-BATCH.md.,medium,
26403,https://shopview.testrail.io/index.php?/cases/view/26403,3537,Customer Management Permissions,AP/AR ON shows the 7 sensitive customer fields on Edit Customer,UPDATE,label,...View and Manage AP/AR Data ON.,Label find-replace only: 'View and Manage AP/AR Data' -> 'Manage Accounts Payable and Receivable' (confirm live).,Stale toggle label only.,Spec change log 6/10; §1d/§5b. LABEL-BATCH.md.,medium,
26404,https://shopview.testrail.io/index.php?/cases/view/26404,3537,Customer Management Permissions,Customers View OFF hides Customers from the top navigation,OK,,,,,,,
26405,https://shopview.testrail.io/index.php?/cases/view/26405,3537,Customer Management Permissions,Customer names still show on work orders and invoices even when Customers is hidden,OK,,,,,,,
26406,https://shopview.testrail.io/index.php?/cases/view/26406,3538,Parts Department Permissions,Turning Parts Department ON shows exactly 3 child cards,OK,,,,,,,
26407,https://shopview.testrail.io/index.php?/cases/view/26407,3538,Parts Department Permissions,Turning Parts Department OFF hides the 3 child cards,OK,,,,,,,
26408,https://shopview.testrail.io/index.php?/cases/view/26408,3538,Parts Department Permissions,A saved role with Parts Department OFF hides the Parts navigation and its pages,OK,,,,,,,
26409,https://shopview.testrail.io/index.php?/cases/view/26409,3538,Parts Department Permissions,Turning Parts Department OFF then ON keeps the 3 child card choices,OK,,,,,,,
26410,https://shopview.testrail.io/index.php?/cases/view/26410,3538,Parts Department Permissions,Part sales View gives read access to part sales records,OK,,,,,,,
26411,https://shopview.testrail.io/index.php?/cases/view/26411,3538,Parts Department Permissions,"Part sales Create & Edit lets the user create part sales, returns and transactions",OK,,,,,,,
26412,https://shopview.testrail.io/index.php?/cases/view/26412,3538,Parts Department Permissions,Part sales Delete lets the user delete part sales and reverse part sales invoices,OK,,,,,,,Correctly encodes ruling #5: part-sale invoice reversal = Part Sales Delete (not Invoicing Delete). No change.
26413,https://shopview.testrail.io/index.php?/cases/view/26413,3538,Parts Department Permissions,Catalog and Inventory View gives read access to the catalog and inventory,OK,,,,,,,
26414,https://shopview.testrail.io/index.php?/cases/view/26414,3538,Parts Department Permissions,Catalog and Inventory Create & Edit lets the user create/edit items and make adjustments (cost/price shown only with See Financial Data),OK,,,,,,,
26415,https://shopview.testrail.io/index.php?/cases/view/26415,3538,Parts Department Permissions,Catalog and Inventory Delete removes catalog parts,OK,,,,,,,
26416,https://shopview.testrail.io/index.php?/cases/view/26416,3538,Parts Department Permissions,"Vendor and order management View gives visibility of vendors, purchase orders and deliveries",OK,,,,,,,
26417,https://shopview.testrail.io/index.php?/cases/view/26417,3538,Parts Department Permissions,"Vendor and order management Create & Edit lets the user manage vendors, purchase orders, receiving and returns",OK,,,,,,,
26418,https://shopview.testrail.io/index.php?/cases/view/26418,3538,Parts Department Permissions,Vendor and order management Delete lets the user delete vendors and purchase orders and reverse vendor transactions,UPDATE,"label, expected","...the reverse action lives inside the vendor Payments tab, which also needs View and Manage AP/AR Data on to reach it.","Label find-replace 'View and Manage AP/AR Data' -> 'Manage Accounts Payable and Receivable' (confirm live). BEHAVIOUR NOTE for Bilal/Vlad: the gating of REVERSING a vendor transaction is unsettled — SV-7871 and SV-7912 (both OBSOLETE) went back and forth on whether it needs Manage AP/AR. Per ruling #5, deleting a payment = Invoicing & Payments Delete; the vendor-txn reverse entry point sits inside the AP/AR-gated Payments tab. Confirm the exact gate live before pushing; the vendor/PO delete portion is spec-correct (§1g Delete).","Stale label + unsettled vendor-transaction-reverse gating (obsolete tickets, no clean final ruling).",Spec change log 6/10; §1g Delete; SV-7871/SV-7912 (OBSOLETE). LABEL-BATCH.md.,medium,
26419,https://shopview.testrail.io/index.php?/cases/view/26419,3538,Parts Department Permissions,Returning a part to inventory (restocking) is controlled by Vendor and order management,OPEN-QUESTION,"title, expected","With Vendor and order management Create & Edit, the Return to Inventory action works and stock goes up. With Vendor and order management View only, the return is not possible.",OPEN QUESTION for Bilal/Vlad + PO: which permission gates 'Return to Inventory' (restocking)? The spec is internally ambiguous: Open Question 3 (answered) says Catalog and Inventory: Edit includes 'return to inventory'; §1f Catalog Edit says 'make inventory adjustments including returning items to inventory'; but §1g Vendor Edit also says 'Includes returning parts to vendors or inventory.' This case gates restocking solely on Vendor and order management. Confirm whether Return-to-Inventory is gated by Catalog & Inventory: Edit (per OQ3/§1f) or Vendor & Order Management: Edit (per §1g) — likely both surfaces exist for different flows. Case is Blocked-UI (never verified).,"Spec is self-contradictory on the restocking gate (OQ3/§1f = Catalog Edit; §1g = Vendor Edit). Needs PO clarification, not a silent rewrite.",Spec Open Question 3; §1f Catalog Edit; §1g Vendor Edit.,medium,
27876,https://shopview.testrail.io/index.php?/cases/view/27876,3538,Parts Department Permissions,A Vendor and order management View-only role can open the Purchase Orders list and a purchase order,OK,,,,,,,Matches SV-8075 fix (PO viewable for Vendor View). Sub-action Download/Email/Print still blocked per open SV-8209 (Ready to Fix) — does not change this case's PO-opens assertion.
26420,https://shopview.testrail.io/index.php?/cases/view/26420,3539,Invoicing and Payments Permissions,Invoicing & payments View shows the Finance tab and lets the user see invoices,OK,,,,,,,
26421,https://shopview.testrail.io/index.php?/cases/view/26421,3539,Invoicing and Payments Permissions,Invoicing & payments Create & Edit lets the user create invoices and take payments,OK,,,,,,,
26422,https://shopview.testrail.io/index.php?/cases/view/26422,3539,Invoicing and Payments Permissions,Invoicing & payments Delete lets the user delete payments and void transactions (but not reverse invoices),UPDATE,label,See Financial Data ON and View and Manage AP/AR Data ON.,Label find-replace only: 'View and Manage AP/AR Data' -> 'Manage Accounts Payable and Receivable' (confirm live). Behaviour is correct (ruling #5: WO invoice reversal = WO Delete; part-sale invoice reversal = Part Sales Delete; payment delete/void = Invoicing Delete).,Stale toggle label only; behaviour matches current rulings.,Spec change log 6/10; ruling #5. LABEL-BATCH.md.,medium,
26423,https://shopview.testrail.io/index.php?/cases/view/26423,3539,Invoicing and Payments Permissions,"Deleting a customer payment needs Invoicing & payments Delete, not Customers Delete",OK,,,,,,,
26424,https://shopview.testrail.io/index.php?/cases/view/26424,3539,Invoicing and Payments Permissions,Ticking Invoicing & payments Delete while View and Manage AP/AR Data is OFF prompts to turn it on,UPDATE,label,View and Manage AP/AR Data OFF ... The system prompts you to turn on View and Manage AP/AR Data. (viu=Deviation),Label find-replace only: 'View and Manage AP/AR Data' -> 'Manage Accounts Payable and Receivable' (confirm live). BEHAVIOUR NOTE: the case's expected (prompt fires) is CORRECT per spec §1i gate 2 and is now BUILT — the old 'Deviation' (no prompt) was resolved by SV-8170 (verified 2026-07-13). Re-VIU: this should now Pass; flip viu_status from Deviation to Verified on the next live run.,Stale label; and the recorded Deviation is stale — SV-8170 shipped the Invoicing-Delete -> enable-Manage-AP/AR prompt.,Spec §1i gate 2; SV-8170 verified 2026-07-13; spec change log 6/10. LABEL-BATCH.md.,high,
26425,https://shopview.testrail.io/index.php?/cases/view/26425,3539,Invoicing and Payments Permissions,"See Financial Data OFF makes Invoicing & payments inaccessible even with View, Create & Edit and Delete",OK,,,,,,,
26426,https://shopview.testrail.io/index.php?/cases/view/26426,3539,Invoicing and Payments Permissions,Invoicing & payments View OFF with See Financial Data ON: prices show but invoices are not reachable,OK,,,,,,,
26427,https://shopview.testrail.io/index.php?/cases/view/26427,3539,Invoicing and Payments Permissions,The Send to Terminal action needs Invoicing & payments Create & Edit,UPDATE,"title, preconds, expected",Send to Terminal is not shown for User A (View only). Send to Terminal is shown for User B and starts the terminal payment flow. (User B = Invoicing C&E only),"[expected] Send to Terminal is not shown for User A (Invoicing View only). Send to Terminal is shown for User B ONLY IF User B also has Customer Portal ON — Send to Terminal requires BOTH Invoicing & Payments: Create & Edit AND Customer Portal: ON. If User B has Invoicing Create & Edit but Customer Portal OFF, Send to Terminal is still hidden.
(Set User B = Invoicing Create & Edit + Customer Portal ON for the positive check. This overlaps with C29434, which tests both gates directly; keep whichever the team prefers.)","Send to Terminal now requires Invoicing C&E AND Customer Portal ON (spec 7/6, SV-8087). The case's expected implies Invoicing C&E alone is sufficient, which would false-pass a Customer-Portal-OFF role.",Spec change log 7/6; SV-8087 verified 2026-07-08; ruling #10.,high,
26428,https://shopview.testrail.io/index.php?/cases/view/26428,3539,Invoicing and Payments Permissions,Taking Deposits on a work order needs Invoicing & payments Create & Edit,OK,,,,,,,
27740,https://shopview.testrail.io/index.php?/cases/view/27740,3539,Invoicing and Payments Permissions,The Invoicing & payments delete column is labelled 'Delete / Reverse',OK,,,,,,,
27871,https://shopview.testrail.io/index.php?/cases/view/27871,3539,Invoicing and Payments Permissions,Deleting or cancelling a return is controlled by Invoicing & payments Delete,OK,,,,,,,Matches spec §1i Delete ('deleting a Part Sale return').
29434,https://shopview.testrail.io/index.php?/cases/view/29434,3539,Invoicing and Payments Permissions,Send to Terminal needs Invoicing & payments Create & Edit AND Customer portal ON,OK,,,,,,,"Matches ruling #10 / SV-8087. Blocked-UI is an environment gate (needs terminal reader), not a spec mismatch."
29438,https://shopview.testrail.io/index.php?/cases/view/29438,3539,Invoicing and Payments Permissions,Invoicing & payments Create & Edit gives the edit control on the work order Financial Info card,OK,,,,,,,Matches spec §1i Edit ('manage invoice fields') / SV-8086.
26429,https://shopview.testrail.io/index.php?/cases/view/26429,3540,Timesheets Permissions,The Timesheets card shows View and Create & Edit only (no Delete),OK,,,,,,,
26430,https://shopview.testrail.io/index.php?/cases/view/26430,3540,Timesheets Permissions,Timesheets View only: timesheet entries are read-only,OK,,,,,,,
26431,https://shopview.testrail.io/index.php?/cases/view/26431,3540,Timesheets Permissions,Timesheets Create & Edit lets the user edit entries,OK,,,,,,,
26432,https://shopview.testrail.io/index.php?/cases/view/26432,3540,Timesheets Permissions,"Clock in / clock out is always available, whatever the Timesheets permission",OK,,,,,,,
26433,https://shopview.testrail.io/index.php?/cases/view/26433,3540,Timesheets Permissions,Timesheets View OFF with Reports ON: the timesheet activities report is still available,OK,,,,,,,
26434,https://shopview.testrail.io/index.php?/cases/view/26434,3540,Timesheets Permissions,All Timesheets permissions OFF and Reports OFF: no timesheet navigation anywhere,OK,,,,,,,
27394,https://shopview.testrail.io/index.php?/cases/view/27394,3540,Timesheets Permissions,A clock-capable role without Timesheets View can still see and open My Timesheets,OK,,,,,,,"Matches ruling #14 (My Timesheets follows staff clockable flag, SV-8097/SV-8060)."
26435,https://shopview.testrail.io/index.php?/cases/view/26435,3541,Page Access Toggles,Reports ON gives access to the Reports page with all reports (no per-report on/off),OK,,,,,,,
26436,https://shopview.testrail.io/index.php?/cases/view/26436,3541,Page Access Toggles,Reports OFF removes Reports from the top navigation,OK,,,,,,,
26437,https://shopview.testrail.io/index.php?/cases/view/26437,3541,Page Access Toggles,Customer portal ON lets the user manage the customer portal,OK,,,,,,,
26438,https://shopview.testrail.io/index.php?/cases/view/26438,3541,Page Access Toggles,Customer portal OFF hides the customer portal from navigation,OK,,,,,,,
26439,https://shopview.testrail.io/index.php?/cases/view/26439,3541,Page Access Toggles,Billing Portal ON lets the user manage the billing portal,OK,,,,,,,
26440,https://shopview.testrail.io/index.php?/cases/view/26440,3541,Page Access Toggles,Billing Portal OFF hides the Billing Portal item in the Settings area,OK,,,,,,,
26441,https://shopview.testrail.io/index.php?/cases/view/26441,3542,Settings Access,Turning Settings ON reveals its sub-toggles,OK,,,,,,,7 sub-toggles incl. Integrations match spec §3 (SV-8157).
26442,https://shopview.testrail.io/index.php?/cases/view/26442,3542,Settings Access,Turning Settings OFF hides its sub-toggles,OK,,,,,,,
26443,https://shopview.testrail.io/index.php?/cases/view/26443,3542,Settings Access,A saved role with Settings OFF has no Settings area in the sidebar,OK,,,,,,,
26444,https://shopview.testrail.io/index.php?/cases/view/26444,3542,Settings Access,Turning Settings OFF then ON keeps the sub-toggle choices,OK,,,,,,,
26445,https://shopview.testrail.io/index.php?/cases/view/26445,3542,Settings Access,App Settings ON gives access to the admin pages,OK,,,,,,,App Settings covers Roles/Staff/Departments per spec §3 + SV-7781.
26446,https://shopview.testrail.io/index.php?/cases/view/26446,3542,Settings Access,Service ON gives access to the Service configuration pages,OK,,,,,,,
26447,https://shopview.testrail.io/index.php?/cases/view/26447,3542,Settings Access,Parts ON gives access to the Parts configuration pages,OK,,,,,,,
26448,https://shopview.testrail.io/index.php?/cases/view/26448,3542,Settings Access,"Finance ON shows the Finance pages, and Integrations ON shows QuickBooks, IBS and Open API",OK,,,,,,,"Matches ruling #17: QB/IBS/Open API under Integrations (relocation to Finance cancelled, SV-7493 obsolete; SV-8157 verified)."
26449,https://shopview.testrail.io/index.php?/cases/view/26449,3542,Settings Access,Data Import ON gives access to the Imports pages,OK,,,,,,,
26450,https://shopview.testrail.io/index.php?/cases/view/26450,3542,Settings Access,View/Manage Wages ON lets the user manage wages,OK,,,,,,,
26451,https://shopview.testrail.io/index.php?/cases/view/26451,3542,Settings Access,"The Settings sub-toggles work independently (Service on, Finance off)",OK,,,,,,,
27395,https://shopview.testrail.io/index.php?/cases/view/27395,3542,Settings Access,Turning off the last Settings sub-toggle collapses the Settings section,OK,,,,,,,
29273,https://shopview.testrail.io/index.php?/cases/view/29273,3542,Settings Access,"The Integrations admin pages depend on the Integrations sub-toggle, not on Finance",OK,,,,,,,Matches ruling #17.
29274,https://shopview.testrail.io/index.php?/cases/view/29274,3542,Settings Access,The QuickBooks connection check does not run for roles without Integrations,OK,,,,,,,
26452,https://shopview.testrail.io/index.php?/cases/view/26452,3543,View Mode,The Work orders card has 'Full View' and 'Tech view' options,OK,,,,,,,
26453,https://shopview.testrail.io/index.php?/cases/view/26453,3543,View Mode,The Full View description,OK,,,,,,,
26454,https://shopview.testrail.io/index.php?/cases/view/26454,3543,View Mode,"The Tech view description, and Tech view stays disabled until a Work orders permission is on",OK,,,,,,,
26455,https://shopview.testrail.io/index.php?/cases/view/26455,3543,View Mode,Tech view: the Estimate column shows the Tech Time value,OK,,,,,,,
26456,https://shopview.testrail.io/index.php?/cases/view/26456,3543,View Mode,Tech view: the tech time input field is hidden on work order lines,OK,,,,,,,
26457,https://shopview.testrail.io/index.php?/cases/view/26457,3543,View Mode,Tech view: the user cannot approve work orders (no Approve button),OK,,,,,,,
26458,https://shopview.testrail.io/index.php?/cases/view/26458,3543,View Mode,Tech view: the user cannot approve work order lines,OK,,,,,,,
26459,https://shopview.testrail.io/index.php?/cases/view/26459,3543,View Mode,Tech view: labor rate columns and fields are hidden on work order lines,OPEN-QUESTION,expected,"Labor rate columns and fields are hidden, even though See Financial Data is on — the hiding comes from Tech view, not from See Financial Data. (viu=Deviation)","OPEN QUESTION for Bilal/Vlad + PO: does Tech View hide labor rates when See Financial Data is ON? Spec §4 Tech View restrictions table says 'Cannot view labor rates — Labor rate columns and fields are hidden on work order lines.' But SV-8107 ('Tech view exposes WO-line labor rate when See Financial is ON') was closed OBSOLETE / not-a-bug (2026-07-13) with NO explicit PO statement — implying labor rate IS visible in Tech View when SFD is ON. This case (viu=Deviation) observed labor rate NOT hidden, matching SV-8107 and contradicting spec §4. Confirm with the PO whether spec §4 governs (rate hidden) or SV-8107 governs (rate visible with SFD ON), then rewrite or keep accordingly. Do not push until resolved.","Direct spec §4 vs SV-8107 contradiction with no explicit PO ruling; recorded Deviation. Standing Rule 15 — flag, don't pick a side.","Spec §4 Tech View restrictions ('Cannot view labor rates') vs SV-8107 (OBSOLETE, not-a-bug, 2026-07-13, no PO reply).",high,
26460,https://shopview.testrail.io/index.php?/cases/view/26460,3543,View Mode,Tech view: the parts request form shows fewer fields,OK,,,,,,,
26461,https://shopview.testrail.io/index.php?/cases/view/26461,3543,View Mode,Tech view: the user can add new work order lines but cannot edit existing ones,OK,,,,,,,
26462,https://shopview.testrail.io/index.php?/cases/view/26462,3543,View Mode,Tech view: a line becomes read-only once its authorization is approved,OK,,,,,,,
26463,https://shopview.testrail.io/index.php?/cases/view/26463,3543,View Mode,"View mode only changes the look, not what the user is allowed to do",OK,,,,,,,
26464,https://shopview.testrail.io/index.php?/cases/view/26464,3543,View Mode,"Money columns are controlled by See Financial Data, not by View mode",OPEN-QUESTION,expected,"User B sees parts pricing and totals (See Financial Data is on), but labor rate columns and fields are still hidden because Tech view hides them separately. (viu=Deviation)","OPEN QUESTION (same as C26459): the second half of this expected — 'labor rate columns and fields are still hidden because Tech view hides them' with SFD ON — conflicts with SV-8107 (closed not-a-bug, labor rate visible in Tech View when SFD ON). The first half (pricing/totals controlled by SFD) is correct. Resolve the labor-rate-in-Tech-View question with the PO, then adjust the labor-rate sentence. The rest of the case is fine.",Same spec §4 vs SV-8107 labor-rate contradiction; recorded Deviation.,Spec §4 Tech View restrictions vs SV-8107 (OBSOLETE not-a-bug 2026-07-13).,high,
26465,https://shopview.testrail.io/index.php?/cases/view/26465,3543,View Mode,Tech view: the 'Send to Portal' button is hidden,OK,,,,,,,Matches ruling #10 (Send to Portal = Full View; hidden in Tech View).
26466,https://shopview.testrail.io/index.php?/cases/view/26466,3543,View Mode,Full View: a user who can approve lines sees the 'Send to Portal' button,OK,,,,,,,Matches ruling #10 + spec OQ6 (Send to Portal = Full View + can approve a WOL).
26467,https://shopview.testrail.io/index.php?/cases/view/26467,3544,See Financial Data,See Financial Data toggle appears in the Cross-Cutting Toggles card,OK,,,,,,,"Self-flags the leftover subtitle placeholder — a build cosmetic bug to report, not a case error."
26468,https://shopview.testrail.io/index.php?/cases/view/26468,3544,See Financial Data,"See Financial Data ON: prices, costs, margins and labor rates are shown",OK,,,,,,,
26469,https://shopview.testrail.io/index.php?/cases/view/26469,3544,See Financial Data,"See Financial Data OFF: money amounts, rates, costs and margins are hidden",OK,,,,,,,
26470,https://shopview.testrail.io/index.php?/cases/view/26470,3544,See Financial Data,"With See Financial Data OFF, Part sales and Invoicing & payments stay inaccessible even with View, Create & Edit and Delete on",OK,,,,,,,
26471,https://shopview.testrail.io/index.php?/cases/view/26471,3544,See Financial Data,Ticking Part sales while See Financial Data is OFF asks you to turn See Financial Data on,OK,,,,,,,
26472,https://shopview.testrail.io/index.php?/cases/view/26472,3544,See Financial Data,'Enable See Financial Data?' dialog — Enable: turns See Financial Data on and keeps the box ticked,OK,,,,,,,
26473,https://shopview.testrail.io/index.php?/cases/view/26473,3544,See Financial Data,'Enable See Financial Data?' dialog — Cancel: undoes the tick,OK,,,,,,,
26474,https://shopview.testrail.io/index.php?/cases/view/26474,3544,See Financial Data,The same 'Enable See Financial Data?' dialog appears for Invoicing & payments when See Financial Data is OFF,OK,,,,,,,
26475,https://shopview.testrail.io/index.php?/cases/view/26475,3544,See Financial Data,Turning See Financial Data OFF asks you to also turn off the settings that depend on it,UPDATE,label,"It names the dependent settings that are currently on: Invoicing & payments, Part sales, Order parts, and View and Manage AP/AR Data.","Label find-replace only: 'View and Manage AP/AR Data' -> 'Manage Accounts Payable and Receivable' (confirm live). The dependents list (Invoicing, Part Sales, Order Parts, Manage AP/AR) matches spec §5a.",Stale toggle label; dependents list is correct.,Spec change log 6/10; §5a dependents list. LABEL-BATCH.md.,medium,
27869,https://shopview.testrail.io/index.php?/cases/view/27869,3544,See Financial Data,Turning on Order parts while See Financial Data is OFF asks you to also turn on See Financial Data,OK,,,,,,,Matches SV-8176 (Order Parts/SFD prompt built + verified).
26476,https://shopview.testrail.io/index.php?/cases/view/26476,3545,Manage Accounts Payable and Receivable,"View and Manage AP/AR Data ON shows the Unpaid Invoices, Payments and Credits tabs on a customer",UPDATE,"title, label",View and Manage AP/AR Data ON ...,Label find-replace 'View and Manage AP/AR Data' -> 'Manage Accounts Payable and Receivable' throughout title + body (confirm live). Behaviour matches spec §5b.,Stale toggle label (appears in title too).,Spec change log 6/10; §5b. LABEL-BATCH.md.,medium,
26477,https://shopview.testrail.io/index.php?/cases/view/26477,3545,Manage Accounts Payable and Receivable,View and Manage AP/AR Data ON shows the same three tabs on a vendor,UPDATE,"title, label",View and Manage AP/AR Data ON ...,Label find-replace throughout (confirm live). Behaviour matches spec §5b (vendor tabs).,Stale toggle label.,Spec 6/10; §5b. LABEL-BATCH.md.,medium,
26478,https://shopview.testrail.io/index.php?/cases/view/26478,3545,Manage Accounts Payable and Receivable,"With Reports ON, all 6 AP/AR aging reports are listed (whether or not AP/AR is on)",UPDATE,label,View and Manage AP/AR Data ON ...,"Label find-replace (confirm live). Behaviour matches ruling #12 (aging reports follow Reports, not AP/AR).",Stale toggle label; behaviour correct.,Spec 6/10; ruling #12 (SV-8177). LABEL-BATCH.md.,medium,
26479,https://shopview.testrail.io/index.php?/cases/view/26479,3545,Manage Accounts Payable and Receivable,View and Manage AP/AR Data ON allows paying several invoices at once from the Unpaid Invoices tab,UPDATE,"title, label",View and Manage AP/AR Data ON ...,Label find-replace (confirm live). Behaviour matches spec §5b (bulk pay from Unpaid Invoices).,Stale toggle label.,Spec 6/10; §5b. LABEL-BATCH.md.,medium,
26480,https://shopview.testrail.io/index.php?/cases/view/26480,3545,Manage Accounts Payable and Receivable,View and Manage AP/AR Data OFF hides the three tabs on a customer,UPDATE,"title, label",View and Manage AP/AR Data OFF ...,Label find-replace (confirm live).,Stale toggle label.,Spec 6/10; §5b. LABEL-BATCH.md.,medium,
26481,https://shopview.testrail.io/index.php?/cases/view/26481,3545,Manage Accounts Payable and Receivable,View and Manage AP/AR Data OFF hides the three tabs on a vendor,UPDATE,"title, label",View and Manage AP/AR Data OFF ...,Label find-replace (confirm live).,Stale toggle label.,Spec 6/10; §5b. LABEL-BATCH.md.,medium,
26482,https://shopview.testrail.io/index.php?/cases/view/26482,3545,Manage Accounts Payable and Receivable,"With AP/AR OFF but Reports ON, all 6 AP/AR aging reports are still listed",UPDATE,label,View and Manage AP/AR Data OFF ...,Label find-replace (confirm live). Behaviour matches ruling #12.,Stale toggle label; behaviour correct.,Spec 6/10; ruling #12. LABEL-BATCH.md.,medium,
26483,https://shopview.testrail.io/index.php?/cases/view/26483,3545,Manage Accounts Payable and Receivable,View and Manage AP/AR Data OFF hides the sensitive money fields on Edit Customer,UPDATE,"title, label",View and Manage AP/AR Data OFF ...,Label find-replace (confirm live). 7 fields match spec §1d/§5b.,Stale toggle label.,Spec 6/10; §1d/§5b. LABEL-BATCH.md.,medium,
26484,https://shopview.testrail.io/index.php?/cases/view/26484,3545,Manage Accounts Payable and Receivable,View and Manage AP/AR Data OFF still lets a user create invoices and take payments if Invoicing & payments allows it,UPDATE,"title, label",View and Manage AP/AR Data OFF ...,Label find-replace (confirm live). Behaviour matches spec §5b.,Stale toggle label.,Spec 6/10; §5b. LABEL-BATCH.md.,medium,
26485,https://shopview.testrail.io/index.php?/cases/view/26485,3545,Manage Accounts Payable and Receivable,View and Manage AP/AR Data works independently of See Financial Data,UPDATE,"title, label",View and Manage AP/AR Data ... (also references 'View History Logs' elsewhere in the body),Label find-replace 'View and Manage AP/AR Data' -> 'Manage Accounts Payable and Receivable' AND 'View History Logs' -> 'View Part History' (confirm live per LABEL-BATCH.md). Behaviour (two toggles independent) matches spec §5b Key Decision.,Two stale toggle labels.,Spec 6/10 + 7/7; §5b. LABEL-BATCH.md.,medium,
26486,https://shopview.testrail.io/index.php?/cases/view/26486,3545,Manage Accounts Payable and Receivable,View and Manage AP/AR Data OFF does not block any add/edit/delete area,UPDATE,"title, label",View and Manage AP/AR Data OFF ...,Label find-replace (confirm live). Behaviour matches spec §5b ('Does NOT gate CRUD areas').,Stale toggle label.,Spec 6/10; §5b. LABEL-BATCH.md.,medium,
27736,https://shopview.testrail.io/index.php?/cases/view/27736,3545,Manage Accounts Payable and Receivable,The AP/AR cross-cutting toggle is labeled 'View and Manage AP/AR Data',UPDATE,"title, expected",The Cross-Cutting Toggles card shows a toggle labeled 'View and Manage AP/AR Data'. It sits alongside the 'See Financial Data' and 'View History Logs' toggles in the same card.,"[title] The AP/AR cross-cutting toggle is labeled 'Manage Accounts Payable and Receivable'

[expected] The Cross-Cutting Toggles card shows a toggle labeled 'Manage Accounts Payable and Receivable'. It sits alongside the 'See Financial Data' toggle in the same card. (Part History visibility is now the 'View Part History' setting under the Parts group, no longer a cross-cutting toggle.) When ON, it controls the Unpaid Invoices, Payments and Credits tabs on customers and vendors, and the sensitive money fields on Edit Customer.
NOTE (confirm live): the build may still show the legacy labels 'View and Manage AP/AR Data' / 'View History Logs' until SV-8202 ships — see LABEL-BATCH.md.","This case's whole purpose is to assert the toggle LABEL, and it asserts the two stale labels: AP/AR renamed to 'Manage Accounts Payable and Receivable' (6/10) and 'View History Logs' relabelled to 'View Part History' and moved out of the cross-cutting card into the Parts group (7/7). Highest-priority label case.",Spec change log 6/10 + 7/7; §5b; §1h; SV-8202 (open). LABEL-BATCH.md.,medium,
26488,https://shopview.testrail.io/index.php?/cases/view/26488,3546,View Part History,View History Logs ON: work order history and line history are visible (work orders only),UPDATE,"title, preconds, steps, expected","With View History Logs on, the user can open the work order history and it lists change events ... History logs are for work orders only (work-order level and line level).","[title] View Part History ON: the Part History icon is available on the inventory page (audit/story history now follow WO/WOL permissions)

[preconds] A user has a role with the 'View Part History' setting ON (under the Parts group) and Parts Department + Catalog and Inventory View ON.
An inventory part with some history exists.

[steps] Open Parts > Inventory and find a part.
Look for the Part History icon (clock icon, tooltip 'Part History') next to the part and open it.

[expected] With View Part History ON, the Part History icon is shown on the inventory page and opens the part's history.
IMPORTANT — the toggle was repurposed by the 7/7 spec: 'View History Logs' was relabelled 'View Part History' and now controls ONLY inventory Part History. Work order and line AUDIT LOGS now follow Work Orders: Create & Edit; a line's STORY HISTORY follows Work Order Lines: View. So WO/line history is NO LONGER governed by this toggle. (Coverage note: the WO/line audit-log-under-WO-C&E and story-history-under-WOL-View behaviours should be covered by cases in the Work Orders / WO Lines sections, not here.)
NOTE (confirm live): SV-8202 is OPEN — the build may still show the legacy 'View History Logs' toggle with the old behaviour until that fix ships.",7/7 spec repurposed the setting: 'View History Logs'->'View Part History' controls only inventory Part History; WO/line audit log moved to WO Create & Edit and line story history to WOL View. The case still tests the OLD toggle-controls-WO/line-history model.,"Spec change log 7/7; §1h; SV-7989 (audit=WO C&E, story=WOL View); SV-8202 (open). LABEL-BATCH.md.",high,
26489,https://shopview.testrail.io/index.php?/cases/view/26489,3546,View Part History,View History Logs OFF: work order history and line history are hidden (work orders only),UPDATE,"title, preconds, steps, expected","With View History Logs off, both the work order history and the line history are hidden.","[title] View Part History OFF: the Part History icon is hidden on the inventory page

[preconds] A user has a role with the 'View Part History' setting OFF but Parts Department + Catalog and Inventory View ON.
An inventory part exists.

[steps] Open Parts > Inventory and find a part.
Look for the Part History (clock) icon next to the part.

[expected] With View Part History OFF, the Part History icon is hidden on the inventory page.
This setting no longer controls work order or line history: WO/line audit log follows Work Orders: Create & Edit, and line story history follows Work Order Lines: View (7/7 spec). Part Sales and Purchase Orders have no history feature.
NOTE (confirm live): SV-8202 is OPEN — the build may still show the legacy 'View History Logs' toggle until fixed.",Same 7/7 repurpose as C26488 — the setting now governs only inventory Part History.,Spec change log 7/7; §1h; SV-7989; SV-8202 (open). LABEL-BATCH.md.,high,
26490,https://shopview.testrail.io/index.php?/cases/view/26490,3547,Staff Page Role Assignment,The Staff role dropdown groups roles into System Roles and Custom Roles,OK,,,,,,,
26491,https://shopview.testrail.io/index.php?/cases/view/26491,3547,Staff Page Role Assignment,The View Permissions button next to the role selector opens the Permission Summary,OK,,,,,,,
26492,https://shopview.testrail.io/index.php?/cases/view/26492,3547,Staff Page Role Assignment,Changing a user's role logs them out immediately,OK,,,,,,,
26493,https://shopview.testrail.io/index.php?/cases/view/26493,3547,Staff Page Role Assignment,"If a role change fails, the user keeps their previous role",OK,,,,,,,
26494,https://shopview.testrail.io/index.php?/cases/view/26494,3547,Staff Page Role Assignment,A logged-in user is logged out immediately when their role changes,OK,,,,,,,
26495,https://shopview.testrail.io/index.php?/cases/view/26495,3548,Per-Role Verification,Administrator: role permissions match the expected set,UPDATE,label,"...See Financial Data on, View and Manage AP/AR Data on, View History Logs on, View mode Full View.","Label find-replace: 'View and Manage AP/AR Data' -> 'Manage Accounts Payable and Receivable'; 'View History Logs' -> 'View Part History' (confirm live per LABEL-BATCH.md). Admin permission set (all full, all toggles on, Full View) is correct.",Two stale toggle labels; permission set correct.,Spec 6/10 + 7/7; matrix Admin column. LABEL-BATCH.md.,medium,
26496,https://shopview.testrail.io/index.php?/cases/view/26496,3548,Per-Role Verification,Service Manager: role permissions match the expected set,UPDATE,"expected, label",Work orders View/Create & Edit (no Delete); ... Invoicing & payments View/Create & Edit (no Delete); ... View and Manage AP/AR Data on ...,[expected] The Service Manager permissions match the expected set: Work orders View/Create & Edit/Delete (Service Manager DOES have Work Orders Delete); Work order lines Create & Edit/Delete; Schedule full; Customers full; Part sales full; Catalog and Inventory full; Vendor and order management full; Invoicing & payments View/Create & Edit (no Delete — Service Manager cannot reverse); Reports on; Customer portal on; See Financial Data on; Manage Accounts Payable and Receivable on; Settings limited to App Settings and View/Manage Wages; View mode Full View.,"Current spec matrix gives Service Manager Work Orders = V/E/D, and SV-8297 (Sasha 2026-07-14) explicitly confirms the SM template + system role HAVE Work Orders Delete (reversing the obsolete SV-8093). The case wrongly says 'no Delete' on Work Orders. Plus the AP/AR label rename.",Spec matrix WO row (Svc Mgr = V/E/D); SV-8297 Sasha 2026-07-14 (supersedes SV-8093); spec 6/10 label. LABEL-BATCH.md.,high,
26497,https://shopview.testrail.io/index.php?/cases/view/26497,3548,Per-Role Verification,Senior Service Advisor: role permissions match the expected set,UPDATE,label,...See Financial Data on; View and Manage AP/AR Data on...,Label find-replace 'View and Manage AP/AR Data' -> 'Manage Accounts Payable and Receivable' (confirm live). Permission set matches spec matrix (SrSA).,Stale toggle label; permission set correct.,Spec 6/10; matrix SrSA column. LABEL-BATCH.md.,medium,
26498,https://shopview.testrail.io/index.php?/cases/view/26498,3548,Per-Role Verification,Service Advisor: role permissions match the expected set,UPDATE,label,...See Financial Data on; View and Manage AP/AR Data OFF...,"Label find-replace (confirm live). Permission set matches spec matrix (Svc Advisor): WO V/E, WOL full, Customers V/E, Part Sales V/E, Invoicing full, Reports off, Customer Portal on, AP/AR off, Full View.",Stale toggle label; permission set correct.,Spec 6/10; matrix Svc Advisor column. LABEL-BATCH.md.,medium,
26499,https://shopview.testrail.io/index.php?/cases/view/26499,3548,Per-Role Verification,Foreman: role permissions match the expected set,UPDATE,label,...See Financial Data on; View and Manage AP/AR Data off...,Label find-replace (confirm live). Permission set matches spec matrix (Foreman).,Stale toggle label; permission set correct.,Spec 6/10; matrix Foreman column. LABEL-BATCH.md.,medium,
26500,https://shopview.testrail.io/index.php?/cases/view/26500,3548,Per-Role Verification,Technician: role permissions match the expected set,OK,,,,,,,"Matches spec matrix (Tech): WO V, WOL V/E, Schedule V, Customers V, Pick Parts on, Tech View, everything else off. No stale label used."
26501,https://shopview.testrail.io/index.php?/cases/view/26501,3548,Per-Role Verification,Parts Manager: role permissions match the expected set,UPDATE,label,"...See Financial Data on; View and Manage AP/AR Data on; Settings limited to Parts, Finance and Data Import...","Label find-replace (confirm live). Permission set matches spec matrix (Parts Mgr): WO V/E (no Delete), WOL V/E (no Delete), Customers full, Parts areas full, Invoicing full, Settings sub Parts/Finance/Data Import, Full View.",Stale toggle label; permission set correct.,Spec 6/10; matrix + sub-toggle table Parts Mgr. LABEL-BATCH.md.,medium,
26502,https://shopview.testrail.io/index.php?/cases/view/26502,3548,Per-Role Verification,Parts Technician: role permissions match the expected set,UPDATE,label,...See Financial Data on; Pick parts and Order parts on; View History Logs on; View mode Full View.,"Label find-replace 'View History Logs' -> 'View Part History' (confirm live). Permission set matches spec matrix (Parts Tech): WO V, WOL V (inherited), Customers V/E, Part Sales V/E, Catalog V/E, Vendor full, Invoicing V/E, Timesheets V, Pick+Order Parts on, Full View.",Stale toggle label; permission set correct.,Spec 7/7; matrix Parts Tech column. LABEL-BATCH.md.,medium,
26503,https://shopview.testrail.io/index.php?/cases/view/26503,3548,Per-Role Verification,Office User: role permissions match the expected set,UPDATE,"expected, label",Work orders View only; Work order lines off; ... Part sales View only; Catalog and Inventory View only; Vendor and order management View only; Invoicing & payments View only; ... View and Manage AP/AR Data on ...,"[expected] The Office User permissions match the expected set per the 7/14 spec update: Work Orders = NONE (no Work Orders access — the Work Orders nav is hidden for Office); Part Sales = NONE; Invoicing & Payments = View/Create & Edit/Delete (BUT a hard-coded rule disables the Create Invoice button for Office on both Work Orders and Part Sales — Office can make payments/deposits/credits but cannot create invoices); Customers full (including Delete); Catalog and Inventory View only; Vendor and Order Management View only; Timesheets View/Create & Edit; Schedule View only; Reports on; Billing Portal on; See Financial Data on; Manage Accounts Payable and Receivable on; Settings on with App Settings, Integrations, Finance, Data Import and View/Manage Wages; View mode Full View. The Office User role is non-editable (lock icon, eye only).
OPEN QUESTIONS to flag (do not assert a verdict): (1) the spec matrix lists Office Work Order Lines = View while Office Work Orders = none — a spec-internal contradiction (WOL View is supposed to inherit from WO View); confirm with PO. (2) HOW Office makes payments/deposits without being able to create invoices is still open with the PO (SV-7993 comment 73184 unanswered; SV-8345 closed deferring there) — verify the payment path live but treat the exact gating as PO-pending.","The 7/14 spec update REDEFINED Office: Work Orders V->none, Part Sales V->none, Invoicing V->V/E/D (with the hard-coded no-Create-Invoice rule). The case still encodes the pre-7/14 Office (WO View, Part Sales View, Invoicing View). This is the single biggest behavioural drift in the recheck. Two spec-internal open items flagged, not silently resolved.",Spec change log 7/14 ('Updated Office Role definition') + matrix Office column + 'Office Users Cannot Create Invoices'; SV-7993 (open); SV-8345 (obsolete); spec 6/10 label. LABEL-BATCH.md.,high,
26504,https://shopview.testrail.io/index.php?/cases/view/26504,3548,Per-Role Verification,Sales Representative: role permissions match the expected set,UPDATE,"expected, label",all add/edit/delete areas off; Reports on; See Financial Data on; View and Manage AP/AR Data on; View History Logs off; all Work orders sub-settings off; View mode Full View. Only the Reports area is reachable...,"[expected] The Sales Representative permissions match the expected set (updated 7/14, verified in SV-8061): Work Orders View; Work Order Lines View (inherited); Customers View + Create & Edit; Part Sales View; Schedule none; Catalog none; Vendor none; Invoicing none; Timesheets none; Reports on; See Financial Data on; Manage Accounts Payable and Receivable on; View Part History off; all Work Orders sub-settings off; View mode Full View. Sales Representative is NOT a Reports-only role.
OPEN QUESTION to flag: the spec matrix gives Sales Rep Part Sales = View while its Parts Department page-access toggle is OFF — Part Sales is unreachable when Parts Department is OFF, so this is a spec-internal inconsistency; confirm with PO whether Sales Rep should have Parts Department ON.","The 7/7-7/14 Sales Rep template update (change log '7/7 Sales Rep default template updated'; SV-8061 verified 2026-07-14) gives Sales Rep WO View, WOL View, Customers V/E, Part Sales View — NOT 'all areas off / Reports only'. The case is stale. Plus a spec-internal Part-Sales-vs-Parts-Dept inconsistency to flag.",Spec matrix Sales Rep column + change log 7/7; SV-8061 verified 2026-07-14; spec 6/10 + 7/7 labels. LABEL-BATCH.md.,high,
26505,https://shopview.testrail.io/index.php?/cases/view/26505,3548,Per-Role Verification,Time Clock User: role permissions match the expected set,UPDATE,label,...See Financial Data and View and Manage AP/AR Data all off.,"Label find-replace 'View and Manage AP/AR Data' -> 'Manage Accounts Payable and Receivable' (confirm live). Permission set correct: WO View, Schedule View, Timesheets View only; everything else off; non-editable; View Mode empty.",Stale toggle label; permission set correct.,Spec 6/10; matrix Time Clock column. LABEL-BATCH.md.,medium,
26506,https://shopview.testrail.io/index.php?/cases/view/26506,3548,Per-Role Verification,"Customer portal is on by default only for Service Advisor, Senior Service Advisor, Service Manager and Parts Manager (and Administrator)",OK,,,,,,,Matches spec toggle table + OQ6.
26510,https://shopview.testrail.io/index.php?/cases/view/26510,3549,Migration,Legacy 'Admin / Administrator' users become 'Administrator' after migration,OK,,,,,,,
26511,https://shopview.testrail.io/index.php?/cases/view/26511,3549,Migration,Legacy 'Office' users become 'Office User' after migration,OK,,,,,,,
26512,https://shopview.testrail.io/index.php?/cases/view/26512,3549,Migration,Legacy 'Time Clock' users become 'Time Clock User' after migration,OK,,,,,,,
26513,https://shopview.testrail.io/index.php?/cases/view/26513,3549,Migration,Legacy 'Service Manager' users become 'Service Manager' after migration,OK,,,,,,,
26514,https://shopview.testrail.io/index.php?/cases/view/26514,3549,Migration,Legacy 'Senior Service Advisor' users become 'Senior Service Advisor' after migration,OK,,,,,,,
26515,https://shopview.testrail.io/index.php?/cases/view/26515,3549,Migration,Legacy 'Service Advisor' users become 'Service Advisor' after migration,OK,,,,,,,
26516,https://shopview.testrail.io/index.php?/cases/view/26516,3549,Migration,Legacy 'Foreman' users become 'Foreman' after migration,OK,,,,,,,
26517,https://shopview.testrail.io/index.php?/cases/view/26517,3549,Migration,Legacy 'Technician' users become 'Technician' after migration,OK,,,,,,,
26518,https://shopview.testrail.io/index.php?/cases/view/26518,3549,Migration,Legacy 'Parts Manager' users become 'Parts Manager' after migration,OK,,,,,,,
26519,https://shopview.testrail.io/index.php?/cases/view/26519,3549,Migration,Legacy 'Parts Tech / Parts Technician' users become 'Parts Technician' after migration,OK,,,,,,,
26520,https://shopview.testrail.io/index.php?/cases/view/26520,3549,Migration,Legacy 'Sales Representative' users become 'Sales Representative' after migration,OK,,,,,,,
26525,https://shopview.testrail.io/index.php?/cases/view/26525,3549,Migration,Changing a user's role logs that user out and forces them to log in again,OK,,,,,,,
27731,https://shopview.testrail.io/index.php?/cases/view/27731,3549,Migration,Legacy 'Owner' users become 'Administrator' after migration (Owner merged into Admin),OK,,,,,,,
26526,https://shopview.testrail.io/index.php?/cases/view/26526,3550,Staff Record Settings,"Whether a technician can be scheduled depends on their department, not their role",OK,,,,,,,
26527,https://shopview.testrail.io/index.php?/cases/view/26527,3550,Staff Record Settings,Clocking in on a work order line depends on the per-staff Time Clock setting,OK,,,,,,,
26528,https://shopview.testrail.io/index.php?/cases/view/26528,3550,Staff Record Settings,"The universal clock in / out is available to any active staff member, whatever their role",OK,,,,,,,
26529,https://shopview.testrail.io/index.php?/cases/view/26529,3551,QuickBooks / Integrations,QuickBooks settings appear under Integrations when the Integrations sub-toggle is ON,OK,,,,,,,"Already correctly reflects ruling #17 (QB under Integrations; relocation cancelled). Section title 'QuickBooks Relocation' (3551) is itself stale — suggest renaming the section, not the case."
26530,https://shopview.testrail.io/index.php?/cases/view/26530,3551,QuickBooks / Integrations,QuickBooks settings are hidden when the Integrations sub-toggle is OFF,OK,,,,,,,Correct per ruling #17.
26531,https://shopview.testrail.io/index.php?/cases/view/26531,3551,QuickBooks / Integrations,"The Integrations settings section is present and hosts QuickBooks, IBS and Open API",OK,,,,,,,Correct per ruling #17 (SV-8157; SV-7493 relocation obsolete).
26532,https://shopview.testrail.io/index.php?/cases/view/26532,3552,User Feedback Strings,Create success message wording,OK,,,,,,,
26533,https://shopview.testrail.io/index.php?/cases/view/26533,3552,User Feedback Strings,Update success message wording,OK,,,,,,,
26534,https://shopview.testrail.io/index.php?/cases/view/26534,3552,User Feedback Strings,Deleting a custom role with 0 users shows a confirmation dialog,OK,,,,,,,
26535,https://shopview.testrail.io/index.php?/cases/view/26535,3552,User Feedback Strings,Deleting a custom role that has users is blocked,OK,,,,,,,
26536,https://shopview.testrail.io/index.php?/cases/view/26536,3552,User Feedback Strings,Turning See Financial Data on shows a confirmation dialog,OK,,,,,,,
26537,https://shopview.testrail.io/index.php?/cases/view/26537,3552,User Feedback Strings,Creating a role with no name is blocked with a required-field error,OK,,,,,,,
26538,https://shopview.testrail.io/index.php?/cases/view/26538,3552,User Feedback Strings,Creating a role with the same permissions as an existing role shows a 'similar role' warning,OK,,,,,,,Self-notes the build has no hard duplicate-NAME block — ties to the C26339 open question on name uniqueness.
26539,https://shopview.testrail.io/index.php?/cases/view/26539,3552,User Feedback Strings,Reassigning a staff member's role updates the row with no success message (billing note in the window),OK,,,,,,,
26540,https://shopview.testrail.io/index.php?/cases/view/26540,3553,Cross-Permission Combinations,A role with all permissions off blocks the user from every feature,OK,,,,,,,
26541,https://shopview.testrail.io/index.php?/cases/view/26541,3553,Cross-Permission Combinations,A role with all permissions on behaves like Administrator but is still a custom role,OK,,,,,,,
26542,https://shopview.testrail.io/index.php?/cases/view/26542,3553,Cross-Permission Combinations,A system role cannot be deleted,OK,,,,,,,
26543,https://shopview.testrail.io/index.php?/cases/view/26543,3553,Cross-Permission Combinations,Only Office User and Time Clock User are non-editable; every other system role (including Administrator) is editable,OK,,,,,,,Matches spec Concepts (Office + Time Clock non-editable; Admin editable but cannot lose admin-page access).
26544,https://shopview.testrail.io/index.php?/cases/view/26544,3553,Cross-Permission Combinations,Being unable to open Customers does not stop a user from picking a customer when creating a work order,OK,,,,,,,Matches SV-8002 / OQ10 (data access separate from feature access).
26545,https://shopview.testrail.io/index.php?/cases/view/26545,3553,Cross-Permission Combinations,A Page Access toggle that is off overrides the add/edit/delete boxes inside it,OK,,,,,,,
26548,https://shopview.testrail.io/index.php?/cases/view/26548,3553,Cross-Permission Combinations,View off with Create & Edit on is prevented by the tick-cascade,OK,,,,,,,
26549,https://shopview.testrail.io/index.php?/cases/view/26549,3553,Cross-Permission Combinations,AP/AR OFF hides the sensitive customer fields on both the Edit Customer window and the customer overview,UPDATE,"title, label",...View and Manage AP/AR Data OFF ... hidden on the Edit Customer window. They should also be hidden on the customer overview panel — confirm this live...,"Label find-replace 'View and Manage AP/AR Data' -> 'Manage Accounts Payable and Receivable' throughout (confirm live). Behaviour matches spec §5b + §1d (7 fields hidden on Edit Customer + Customer Overview panel when Manage AP/AR OFF). SV-8104 (overview-panel leak) was closed OBSOLETE, so the overview-panel hiding is expected.",Stale toggle label; behaviour correct.,Spec 6/10; §5b/§1d; SV-8104 (obsolete). LABEL-BATCH.md.,medium,
26550,https://shopview.testrail.io/index.php?/cases/view/26550,3553,Cross-Permission Combinations,The last Administrator cannot be left with zero users,OK,,,,,,,"Product-rule check; self-hedges 'raise as a finding if no such rule'. Relates to open SV-8332 ('Unable to Change Administrator to Non-Administrator Despite Another Administrator Existing') + spec OQ9 — leave as-is, verify live."
26551,https://shopview.testrail.io/index.php?/cases/view/26551,3553,Cross-Permission Combinations,Universal clock in/out works even for a user whose role has (almost) no permissions,OK,,,,,,,
29446,https://shopview.testrail.io/index.php?/cases/view/29446,4091,API - Time Clock Enforcement,Time Clock user CAN read Work Orders via API,OK,,,,,,,
29447,https://shopview.testrail.io/index.php?/cases/view/29447,4091,API - Time Clock Enforcement,Time Clock user CAN read the Schedule via API,OK,,,,,,,
29448,https://shopview.testrail.io/index.php?/cases/view/29448,4091,API - Time Clock Enforcement,Time Clock user is blocked from the Parts / Inventory API,OK,,,,,,,
29449,https://shopview.testrail.io/index.php?/cases/view/29449,4091,API - Time Clock Enforcement,Time Clock user is blocked from the Purchase Orders API,OK,,,,,,,
29450,https://shopview.testrail.io/index.php?/cases/view/29450,4091,API - Time Clock Enforcement,Time Clock user is blocked from the Customers list API,OK,,,,,,,
29451,https://shopview.testrail.io/index.php?/cases/view/29451,4091,API - Time Clock Enforcement,Time Clock user is blocked from the Reports (AP Aging) API,OK,,,,,,,
29452,https://shopview.testrail.io/index.php?/cases/view/29452,4091,API - Time Clock Enforcement,Time Clock user is blocked from the Staff and Roles API,OK,,,,,,,
29453,https://shopview.testrail.io/index.php?/cases/view/29453,4091,API - Time Clock Enforcement,Time Clock user is blocked from the Integrations API,OK,,,,,,,
29454,https://shopview.testrail.io/index.php?/cases/view/29454,4091,API - Time Clock Enforcement,Time Clock user is blocked from the Departments API,OK,,,,,,,
29455,https://shopview.testrail.io/index.php?/cases/view/29455,4091,API - Time Clock Enforcement,Time Clock user cannot change organization Settings via API,OK,,,,,,,
29456,https://shopview.testrail.io/index.php?/cases/view/29456,4091,API - Time Clock Enforcement,Time Clock user cannot delete a Customer via API,OK,,,,,,,
29457,https://shopview.testrail.io/index.php?/cases/view/29457,4091,API - Time Clock Enforcement,BUG: Time Clock user CAN read organization Settings via API (should be blocked),UPDATE,"title, expected","EXPECTED: the request should return 403 Forbidden because the Time Clock role has no Settings access. ACTUAL (2026-07-13, staging): the request returns 200 OK ... a permission LEAK. Linked to the Jira bug: ""BE — Time Clock Role Permissions Not Properly Enforced"".","[title] Time Clock user reading organization Settings via API returns 200 (backend does not enforce — expected)

[expected] The request returns 200 OK with the organization's work-order settings.
This is the expected, accepted behaviour: the Product Owner confirmed (SV-7958, 2026-07-14) that the backend only enforces permissions on some endpoints and intentionally leaves others open by design. This read endpoint is not gated on the backend; the Settings area is instead hidden from the Time Clock user in the app (front-end), which is considered sufficient.","SV-7958 closed Done with the PO ruling that this observed behaviour is expected (backend enforcement not required; front-end hides the surface) — the case asserted a 403 the build will never return, a prime nightly-automation false failure.","SV-7958 Sasha Grosman 2026-07-14 (""What was reported observed ... is expected. We only block BE permission when appropriate""); ticket closed Done.",high,
29458,https://shopview.testrail.io/index.php?/cases/view/29458,4091,API - Time Clock Enforcement,BUG: Time Clock user CAN read Taxes / Finance data via API (should be blocked),UPDATE,"title, expected","EXPECTED: the request should return 403 Forbidden because the Time Clock role has no Finance / See Financial Data access. ACTUAL (2026-07-13, staging): the request returns 200 OK with the tax list — a permission LEAK.","[title] Time Clock user reading Taxes via API returns 200 (backend does not enforce — expected)

[expected] The request returns 200 OK with the tax list.
This is the expected, accepted behaviour: the Product Owner confirmed (SV-7958, 2026-07-14) that the backend intentionally leaves some read endpoints open by design and relies on the front end to hide the surface from the Time Clock user. This endpoint is not gated on the backend.",Same SV-7958 PO ruling: the 200 is accepted; the case asserted a 403 the build will never return.,SV-7958 Sasha Grosman 2026-07-14; ticket closed Done.,high,
29459,https://shopview.testrail.io/index.php?/cases/view/29459,4091,API - Time Clock Enforcement,BUG: Time Clock user CAN create a Customer via API (should be blocked),UPDATE,"title, expected","EXPECTED: the request should return 403 Forbidden ... ACTUAL (2026-07-13, staging): the request returns 201 Created and a real customer is created — a serious permission LEAK (the create endpoint is missing the gate that the view and delete endpoints have).","[title] Time Clock user creating a Customer via API returns 201 (backend does not enforce — accepted by PO)

[expected] The request returns 201 Created and a customer record is created.
Per the Product Owner (SV-7958, 2026-07-14) the backend permission gaps observed on this role are expected/accepted for now — the backend does not gate this create endpoint and the front end does not expose customer creation to the Time Clock user. NOTE for QA: this is a WRITE/create leak (not merely a read); it was explicitly reported as ""Critical"" and the PO still accepted it and closed SV-7958 Done. Flag to the PO if a backend gate is later desired, but the current expected result is 201.","SV-7958 was closed Done after Bilal explicitly reported the POST /api/customers/create 201 leak as Critical; the PO ruled the observed behaviour expected. Case must assert the accepted 201, with a QA note that this is a write-leak the PO knowingly accepted.",SV-7958 Sasha Grosman 2026-07-14 (closed Done over the reported customers/create 201 leak).,medium,
29460,https://shopview.testrail.io/index.php?/cases/view/29460,4091,API - Time Clock Enforcement,BUG: Time Clock user's Work Order create is not blocked with 403 (should be blocked),UPDATE,"title, expected","EXPECTED: the request should return 403 Forbidden ... ACTUAL: it never returns 403 — it returns 400 (""company_id Missing required parameter"") ... and 500 with a valid company_id ... the create endpoint is missing the permission gate.","[title] Time Clock user Work Order create via API is not gated with 403 (backend does not enforce — accepted by PO)

[expected] The request does not return 403. It returns 400 (""company_id Missing required parameter"") without a company_id, and 500 with a valid company_id — i.e. the request is processed past the permission layer. No work order is persisted by this probe.
Per the Product Owner (SV-7958, 2026-07-14) the missing backend gate on this endpoint is accepted for now; the front end does not expose work-order creation to the Time Clock user. NOTE for QA: assert only that the endpoint is reachable past the gate (not 403); do not assert a 500 as the contract since it is an unhandled-input error, not a designed response.",SV-7958 PO ruling accepts the missing gate; the case asserted a 403 the build will never return. Rewritten to the accepted 'not gated' contract without pinning the incidental 500.,SV-7958 Sasha Grosman 2026-07-14; ticket closed Done.,medium,
