case_id,link,section_id,area,title,bucket,viu_status,evidence
26307,https://shopview.testrail.io/index.php?/cases/view/26307,3528,Roles List Page,The Roles & Permissions list page loads with its columns and a create button,VIU-Verified,VIU-Verified,"UI: /administration/roles-permissions loads. Heading ""Roles & Permissions""; columns Role Name | Description | Template | Role Type | Users | Action; ""Create Custom Role"" button; ""Search Role"" box. screenshot roles-list-admin/list."
26308,https://shopview.testrail.io/index.php?/cases/view/26308,3528,Roles List Page,All 11 system roles appear in the list with a system badge,VIU-Verified,VIU-Verified,"UI: list shows all 11 system roles (Admin, Parts Manager, Service Manager, Office User, Senior Service Advisor, Foreman, Service Advisor, Technician, Parts Technician, Time Clock User, Sales Representative) each with Role Type = System."
26309,https://shopview.testrail.io/index.php?/cases/view/26309,3528,Roles List Page,Creating a custom role opens the template picker,VIU-Verified,VIU-Verified,"UI: clicking ""Create Custom Role"" opens the template picker ""Choose a template — Start from a template to pre-fill settings, or skip to start from scratch."" screenshot template-picker."
26310,https://shopview.testrail.io/index.php?/cases/view/26310,3528,Roles List Page,A custom role row has a pencil (edit) icon and a three-dot menu; View Permissions is in the menu,VIU-Verified,VIU-Verified,UI: custom role rows (Parth Cust1/Bilal - Cus) show pencil (edit) + more_vert (3-dot); the 3-dot menu contains View Permissions.
26311,https://shopview.testrail.io/index.php?/cases/view/26311,3528,Roles List Page,The eye (View Permissions) icon shows in the Actions column only for Office User and Time Clock User,VIU-Verified,VIU-Verified,UI: only Office User and Time Clock User rows show the visibility (eye) icon in the Action column; all other rows show edit + more_vert.
26313,https://shopview.testrail.io/index.php?/cases/view/26313,3528,Roles List Page,"The Office User system role is non-editable (lock icon, eye only)",VIU-Verified,VIU-Verified,UI: Office User row shows lock icon and only the visibility (eye) icon (no edit/3-dot) — non-editable.
26314,https://shopview.testrail.io/index.php?/cases/view/26314,3528,Roles List Page,"The Time Clock User system role is non-editable (lock icon, eye only)",VIU-Verified,VIU-Verified,UI: Time Clock User row shows lock icon and only the visibility (eye) icon — non-editable.
26315,https://shopview.testrail.io/index.php?/cases/view/26315,3528,Roles List Page,The Users column shows a clickable count that links to the filtered Staff page,VIU-Verified,VIU-Verified,UI: clicking the Users count on the Foreman row navigates to /administration/staff?roleName=Foreman (filtered Staff page).
26316,https://shopview.testrail.io/index.php?/cases/view/26316,3528,Roles List Page,The search field filters the roles list as you type,VIU-Verified,VIU-Verified,"UI: typing ""Parts"" in Search Role filters the table to Parts Manager + Parts Technician only."
26317,https://shopview.testrail.io/index.php?/cases/view/26317,3528,Roles List Page,Roles & Permissions is hidden for users without the App Settings sub-toggle,Blocked-UI,Blocked-UI (needs seeded role); App Settings gates Roles & Permissions (build-verified),settingsApp gates the Roles & Permissions page (build route metadata).
26318,https://shopview.testrail.io/index.php?/cases/view/26318,3528,Roles List Page,Locations appears under the Settings area,VIU-Verified,VIU-Verified,UI: Locations appears under the SETTINGS area in the sidebar (SETTINGS > Settings/Staff/Roles & Permissions/Locations/Departments/Taxes).
26319,https://shopview.testrail.io/index.php?/cases/view/26319,3528,Roles List Page,The roles list has a Template column,VIU-Verified,VIU-Verified,UI: the roles list has a Template column (header between Description and Role Type).
26320,https://shopview.testrail.io/index.php?/cases/view/26320,3528,Roles List Page,Each of the 11 system roles shows its description,VIU-Verified,VIU-Verified,"UI: all 11 system roles display a description in the Description column (e.g. Admin ""Full system access"", Foreman ""Oversees technicians and work orders"")."
26321,https://shopview.testrail.io/index.php?/cases/view/26321,3528,Roles List Page,A custom role with no description shows a dash,VIU-Verified,VIU-Verified,UI: custom role Bilal - Cus (no description) shows a dash (-) in the Description column.
26322,https://shopview.testrail.io/index.php?/cases/view/26322,3528,Roles List Page,An editable system role's three-dot menu shows View Permissions and no Delete,VIU-Verified,VIU-Verified,"UI: 3-dot menu on Admin (editable system role) shows only ""View Permissions"" (no Delete)."
26323,https://shopview.testrail.io/index.php?/cases/view/26323,3528,Roles List Page,"The three-dot menu is hidden on the non-editable system roles (Office User, Time Clock User)",VIU-Verified,VIU-Verified,UI: Office User and Time Clock User rows have no 3-dot menu (only the eye icon).
26324,https://shopview.testrail.io/index.php?/cases/view/26324,3528,Roles List Page,A custom role's three-dot menu shows View Permissions and Delete,VIU-Verified,VIU-Verified,"UI: 3-dot menu on Bilal - Cus (0-user custom role) shows ""View Permissions"" and ""Delete""."
26325,https://shopview.testrail.io/index.php?/cases/view/26325,3528,Roles List Page,Deletion and duplication behavior on the roles list,VIU-Verified,VIU-Verified,"UI: list supports deletion (Delete in custom-role 3-dot -> Confirmation dialog) and duplication (roles-permissions/:id/duplicate route reachable, opens Create Role prefilled)."
26326,https://shopview.testrail.io/index.php?/cases/view/26326,3529,Create Custom Role,The template picker lists all 11 system role templates with descriptions,VIU-Verified,VIU-Verified,"UI: template picker ""Choose a template"" lists all 11 system role templates each with its description (Admin, Foreman, Office User, Parts Manager, Parts Technician, Sales Representative, Senior Service Advisor, Service Advisor, Service Manager, Technician, Time Clock User) + Skip + Apply."
26327,https://shopview.testrail.io/index.php?/cases/view/26327,3529,Create Custom Role,Selecting a template highlights that row with a checkmark,VIU-Verified,VIU-Verified,UI: selecting the Foreman template highlights that card (choose-template-card selected) and shows a checkmark (hasCheck true). screenshot template-selected.
26328,https://shopview.testrail.io/index.php?/cases/view/26328,3529,Create Custom Role,Applying a template opens the Create Role page pre-filled with that template's settings,VIU-Verified,VIU-Verified,"UI: Apply opens /roles-permissions/new?template=<foreman id> prefilled with Foreman defaults: WO View ON, WO Delete off, Parts Department ON, See Financial Data ON, AP/AR off, Reports off (matches Foreman role)."
26329,https://shopview.testrail.io/index.php?/cases/view/26329,3529,Create Custom Role,Skipping the template starts a blank role with all permissions off,VIU-Verified,VIU-Verified,"UI: Skip opens /roles-permissions/new blank — WO View off, Customers View off, Schedule View off, Reports off, See Financial Data off (all permissions off)."
26330,https://shopview.testrail.io/index.php?/cases/view/26330,3529,Create Custom Role,The Create Role page shows Basic Details with a required Role name and optional Description,VIU-Verified,VIU-Verified,"UI: Create Role page shows Basic Details with ""Role Name*"" (required) and ""Description"" (optional) fields."
26331,https://shopview.testrail.io/index.php?/cases/view/26331,3529,Create Custom Role,The permissions section shows the resource cards with their columns,VIU-Verified,Verified-Label (build),Card set + columns build-verified (PermissionGrid).
26332,https://shopview.testrail.io/index.php?/cases/view/26332,3529,Create Custom Role,The permission search box filters the cards,VIU-Verified,VIU-Verified,"UI: typing ""Schedule"" in the permission search (search_permission) filters the cards — the Work orders card is filtered out; only matching cards remain."
26333,https://shopview.testrail.io/index.php?/cases/view/26333,3529,Create Custom Role,A blank Role name blocks Create with an inline message,VIU-Verified,VIU-Verified,"UI: with a blank Role Name the Create button is disabled; touching then clearing the name shows inline error ""Role name is a required field""."
26334,https://shopview.testrail.io/index.php?/cases/view/26334,3529,Create Custom Role,You can change any setting from the template defaults before saving,VIU-Verified,VIU-Verified,UI: after applying the Foreman template you can change any setting before saving (unticked Work orders View from ON to off successfully).
26335,https://shopview.testrail.io/index.php?/cases/view/26335,3529,Create Custom Role,"Create is blocked with zero permissions (button disabled, no message)",VIU-Verified,VIU-Verified,"UI: with zero permissions (and/or blank name) the Create button (submit_create_role) is DISABLED, no inline message."
26336,https://shopview.testrail.io/index.php?/cases/view/26336,3529,Create Custom Role,A successful Create shows a success message and returns to the list,VIU-Verified,VIU-Verified,"UI: creating ZZAUTOTEST RoleA (name + 1 perm) shows toast ""Role created successfully."" and returns to the Roles & Permissions list."
26337,https://shopview.testrail.io/index.php?/cases/view/26337,3529,Create Custom Role,Same name and permissions as an existing role shows a 'Similar role already exists' confirmation,VIU-Verified,VIU-Verified,"UI: creating a role with the same name+permissions shows dialog ""Similar role already exists — A role \""ZZAUTOTEST RoleA\"" with identical permissions already exists. You can reuse the existing role or create a new one anyway."" [Cancel | Create Anyway]. screenshot similar-role-warning."
26338,https://shopview.testrail.io/index.php?/cases/view/26338,3529,Create Custom Role,Turning on every permission shows the 'Full administrative access' warning banner,VIU-Verified,Verified-Label (build),'Full administrative access' banner confirmed in build (AdminWarningBanner).
26339,https://shopview.testrail.io/index.php?/cases/view/26339,3529,Create Custom Role,A role name must be unique,Deviation/Finding,Deviation,"UI: the build does NOT strictly enforce a unique role name — the duplicate-detection dialog keys on IDENTICAL PERMISSIONS (""identical permissions already exists"") and offers ""Create Anyway"" to override. Name uniqueness is not enforced as the case premise states; verified via SimilarRoleWarningModal."
26340,https://shopview.testrail.io/index.php?/cases/view/26340,3529,Create Custom Role,The template picker may use shorter role names than the Roles list,Deviation/Finding,Deviation,"UI: the template picker uses the SAME role names as the Roles list (Admin, Foreman, Office User, ...) — not shorter names. Premise stale."
26341,https://shopview.testrail.io/index.php?/cases/view/26341,3529,Create Custom Role,The template picker descriptions differ from the Roles list descriptions,Deviation/Finding,Deviation,"UI: the template picker descriptions are IDENTICAL to the Roles list descriptions (e.g. Admin ""Full system access"", Foreman ""Oversees technicians and work orders"") — they do not differ. Premise stale."
26342,https://shopview.testrail.io/index.php?/cases/view/26342,3530,Edit Role,Edit opens the role editor pre-filled with the role's current settings,VIU-Verified,VIU-Verified,"UI: Edit opens /roles-permissions/{id}/edit with heading ""Edit Role"", Basic Details prefilled and all permission cards reflecting the role current settings (verified on Admin + Technician)."
26343,https://shopview.testrail.io/index.php?/cases/view/26343,3530,Edit Role,Saving an edited role shows 'Role updated successfully.' after a confirmation dialog,VIU-Verified,VIU-Verified,"UI: after changing a permission, Save opens ""Confirm Permission Updates"" dialog listing Added/Removed permissions (""Don-t show this dialog again"") [Cancel|Confirm]; Confirm shows toast ""Role updated successfully."" and returns to the list."
26344,https://shopview.testrail.io/index.php?/cases/view/26344,3530,Edit Role,Reset to template restores template defaults; Save is only enabled if something changed,VIU-Verified,VIU-Verified,"UI: Reset To Template opens ""Reset to template — This replaces all current selections with the \""Foreman\"" template defaults. Any changes you have made will be lost."" [Cancel|Reset]. Save (submit_edit_role) is DISABLED when nothing changed and ENABLED after a change."
26345,https://shopview.testrail.io/index.php?/cases/view/26345,3530,Edit Role,Changing a role logs an active user out; new permissions apply at next login,VIU-Verified,VIU-Verified,"API/session: changing a role invalidates the affected user active session (old session -> 409 ""Session has expired.""); new permissions apply at next login. Same mechanism as C26525."
26346,https://shopview.testrail.io/index.php?/cases/view/26346,3530,Edit Role,"The Office User system role cannot be edited (lock icon, eye only)",VIU-Verified,VIU-Verified,UI: on the Roles list the Office User row shows a lock and only the eye (visibility) icon — no pencil; the eye opens the read-only Permission Summary (View Permissions). NOTE for dev: the direct /roles-permissions/{id}/edit URL still loads an editable form (FE route not guarded) — list-level gating is correct.
26347,https://shopview.testrail.io/index.php?/cases/view/26347,3530,Edit Role,"The Time Clock User system role cannot be edited (lock icon, eye only)",VIU-Verified,VIU-Verified,UI: on the Roles list the Time Clock User row shows a lock and only the eye icon — no pencil; the eye opens the read-only Permission Summary. Same /edit-URL FE-gap note as C26346.
26348,https://shopview.testrail.io/index.php?/cases/view/26348,3530,Edit Role,The role name cannot be left empty when editing,VIU-Verified,VIU-Verified,"UI: clearing the Role Name on Edit shows inline error ""Role name is a required field"" (name cannot be left empty when editing)."
26349,https://shopview.testrail.io/index.php?/cases/view/26349,3530,Edit Role,Editing: at least one permission must be turned on to save,VIU-Verified,VIU-Verified,"UI: editing a role down to zero permissions -> Save opens ""Confirm Permission Updates"" (Removed permissions listed) -> Confirm shows toast ""At least one permission is required. Please try to resolve this."" and the role is NOT saved (stays on edit). Submit-time validation enforces at least one permission. screenshot edit-zero-perm."
26350,https://shopview.testrail.io/index.php?/cases/view/26350,3531,Delete Role,A custom role with 0 users can be deleted from the three-dot menu,VIU-Verified,VIU-Verified,"UI: Bilal - Cus (0 users) 3-dot menu shows Delete -> ""Confirmation"" dialog to delete."
26351,https://shopview.testrail.io/index.php?/cases/view/26351,3531,Delete Role,A custom role with 1 or more users cannot be deleted,VIU-Verified,VIU-Verified,"UI: Parth Cust1 (1 user) 3-dot menu shows only View Permissions, no Delete option."
26352,https://shopview.testrail.io/index.php?/cases/view/26352,3531,Delete Role,"After moving the assigned users to another role, the role can be deleted",VIU-Verified,VIU-Verified,"UI/API: assigned Tech to a custom role -> usersCount=1, isDeletable=false, DELETE blocked (400 ""Role is not deletable/editable.""). Reassigned Tech to Time Clock -> usersCount=0, isDeletable=true -> DELETE 204 (role deleted). Reassignment + delete-after-zero-users flow confirmed."
26353,https://shopview.testrail.io/index.php?/cases/view/26353,3531,Delete Role,System roles have no Delete option anywhere,VIU-Verified,VIU-Verified,UI: editable system role 3-dot shows only View Permissions (no Delete); non-editable system roles have no 3-dot at all. No Delete anywhere for system roles.
26354,https://shopview.testrail.io/index.php?/cases/view/26354,3531,Delete Role,The assigned-user count is correct when a delete is blocked,VIU-Verified,VIU-Verified,UI: Parth Cust1 Users column shows 1; its menu has no Delete — the assigned-user count matches the blocked-delete state.
26355,https://shopview.testrail.io/index.php?/cases/view/26355,3532,Permission Summary,The eye icon on the Roles list opens the read-only Permission Summary,VIU-Verified,VIU-Verified,"UI: the eye (visibility) icon opens the read-only Permission Summary (""View Permissions"") at /roles-permissions/{id}/summary — no Save/Delete/edit controls."
26356,https://shopview.testrail.io/index.php?/cases/view/26356,3532,Permission Summary,You can view a role's Permission Summary from Edit Staff Member using the eye icon next to the Role dropdown,Blocked-UI,"Blocked-UI: needs the Edit Staff Member modal Role selector + its eye (View Permissions) icon; the staff row action reached opens Manage-staff-enrollments (departments/workplaces), not the role editor. Follow-up: open Edit Staff Member via the correct control.",Eye-icon-in-staff-modal needs live UI.
26357,https://shopview.testrail.io/index.php?/cases/view/26357,3532,Permission Summary,The eye icon on the Office row opens the Permission Summary,VIU-Verified,VIU-Verified,UI: the eye icon on the Office User row opens the read-only Permission Summary (View Permissions).
26358,https://shopview.testrail.io/index.php?/cases/view/26358,3532,Permission Summary,The eye icon on the Time Clock User row opens the Permission Summary,VIU-Verified,VIU-Verified,UI: the eye icon on the Time Clock User row opens the read-only Permission Summary (summary route renders read-only).
26359,https://shopview.testrail.io/index.php?/cases/view/26359,3532,Permission Summary,The Permission Summary is grouped and shows each setting's on/off state,VIU-Verified,VIU-Verified,UI: the Permission Summary is grouped by card and shows each setting on/off — Office User summary read exactly matches the role: WO View ON / WO C&E off / Customers View+C&E+Delete ON / Invoicing C&E off / Reports ON / See Financial Data ON / AP-AR ON.
26360,https://shopview.testrail.io/index.php?/cases/view/26360,3533,CRUD Cascade Rules,Ticking Create & Edit on Work orders also ticks View,VIU-Verified,VIU-Verified,"UI: on blank Create Role form, ticking Work orders Create & Edit auto-ticks View (aria-checked View ON, C&E ON). screenshot cascade-final."
26361,https://shopview.testrail.io/index.php?/cases/view/26361,3533,CRUD Cascade Rules,Ticking Delete on Work orders also ticks Create & Edit and View,VIU-Verified,VIU-Verified,UI: ticking Work orders Delete auto-ticks Create & Edit and View (all ON).
26362,https://shopview.testrail.io/index.php?/cases/view/26362,3533,CRUD Cascade Rules,Unticking View on Work orders also unticks Create & Edit and Delete,VIU-Verified,VIU-Verified,UI: unticking Work orders View clears Create & Edit and Delete (all off).
26363,https://shopview.testrail.io/index.php?/cases/view/26363,3533,CRUD Cascade Rules,Unticking Create & Edit on Work orders also unticks Delete but keeps View,VIU-Verified,VIU-Verified,UI: unticking Work orders Create & Edit clears Delete but keeps View ON.
26364,https://shopview.testrail.io/index.php?/cases/view/26364,3533,CRUD Cascade Rules,The same tick-cascade works on the Schedule card,VIU-Verified,VIU-Verified,UI: Schedule card tick Delete auto-ticks Create & Edit + View (all ON).
26365,https://shopview.testrail.io/index.php?/cases/view/26365,3533,CRUD Cascade Rules,The same untick-cascade works on the Customers card,VIU-Verified,VIU-Verified,UI: Customers card untick View clears Create & Edit + Delete (all off).
26366,https://shopview.testrail.io/index.php?/cases/view/26366,3533,CRUD Cascade Rules,Cascade works on Part sales with no See-Financial dialog when See Financial Data is already ON,VIU-Verified,VIU-Verified,"UI: with See Financial Data already ON, Part sales tick Delete cascades View+C&E with NO dialog."
26367,https://shopview.testrail.io/index.php?/cases/view/26367,3533,CRUD Cascade Rules,Cascade works on the Catalog and Inventory card,VIU-Verified,VIU-Verified,"UI: Catalog and Inventory tick Delete cascades View+C&E (all ON), no dialog."
26368,https://shopview.testrail.io/index.php?/cases/view/26368,3533,CRUD Cascade Rules,Cascade works on the Vendor and order management card,VIU-Verified,VIU-Verified,"UI: Vendor and order management tick Delete cascades View+C&E (all ON), no dialog."
26369,https://shopview.testrail.io/index.php?/cases/view/26369,3533,CRUD Cascade Rules,Cascade works on the Invoicing & payments card when See Financial Data is ON,VIU-Verified,VIU-Verified,"UI: with SFD ON, Invoicing & payments tick Create&Edit cascades View ON, no SFD dialog."
26370,https://shopview.testrail.io/index.php?/cases/view/26370,3533,CRUD Cascade Rules,The Work order lines card has no View column (View comes from Work orders),VIU-Verified,Verified-Label (build),Work order lines card structure (no View column) build-verified.
26371,https://shopview.testrail.io/index.php?/cases/view/26371,3533,CRUD Cascade Rules,The Timesheets card has no Delete box,VIU-Verified,Verified-Label (build),Timesheets card has no Delete (build-verified).
26372,https://shopview.testrail.io/index.php?/cases/view/26372,3533,CRUD Cascade Rules,Ticking Create & Edit on Work order lines also ticks Work orders View,VIU-Verified,VIU-Verified,"UI: ticking Work order lines Create & Edit on blank form opens dialog ""Enable Work Orders: View? — Work Order Lines requires Work Orders: View. Enable it to grant this permission?"" [Cancel|Enable]; Enable -> WO View ON + WOL C&E ON."
26373,https://shopview.testrail.io/index.php?/cases/view/26373,3533,CRUD Cascade Rules,Unticking Work orders View clears Work order lines Create & Edit and Delete,VIU-Verified,VIU-Verified,UI: unticking Work orders View clears Work order lines Create & Edit and Delete (all off).
26374,https://shopview.testrail.io/index.php?/cases/view/26374,3534,Work Orders Permissions,Work orders View gives access to the work order list and detail,VIU-Verified,VIU-Verified,UI: a role with Work Orders View (Technician; also WOCust) loads the Work Orders list at /workorders with all columns and rows. WO View grants list access.
26375,https://shopview.testrail.io/index.php?/cases/view/26375,3534,Work Orders Permissions,Work orders Create & Edit lets the user create and change work orders,Blocked-UI,Blocked-UI (needs seeded role),Needs live UI.
26376,https://shopview.testrail.io/index.php?/cases/view/26376,3534,Work Orders Permissions,Work orders Delete lets the user delete work orders,Blocked-UI,Blocked-UI (needs seeded role),Needs live UI.
26377,https://shopview.testrail.io/index.php?/cases/view/26377,3534,Work Orders Permissions,Work orders View OFF hides Work Orders from the top navigation,Blocked-UI,Blocked-UI (needs seeded role),Needs live UI.
26378,https://shopview.testrail.io/index.php?/cases/view/26378,3534,Work Orders Permissions,The Work orders sub-toggles are shown but disabled when Work orders View is OFF,VIU-Verified,VIU-Verified,UI: on blank form (WO View off) the Work orders sub-toggles Review work orders / Pick parts / Order parts are shown but DISABLED (aria-disabled); ticking Work orders View enables them.
26379,https://shopview.testrail.io/index.php?/cases/view/26379,3534,Work Orders Permissions,The Review work orders sub-toggle controls the Review action on work orders,Blocked-UI,Blocked-UI (needs seeded role),Needs live UI + role edit.
26380,https://shopview.testrail.io/index.php?/cases/view/26380,3534,Work Orders Permissions,"Pick parts needs only Work orders View, not Create & Edit",Blocked-UI,Blocked-UI (needs seeded role),Needs live UI.
26381,https://shopview.testrail.io/index.php?/cases/view/26381,3534,Work Orders Permissions,Order parts needs Work orders View and See Financial Data (not Create & Edit),Blocked-UI,Blocked-UI (needs seeded role),Order parts+SFD dependency consistent with build (Order-parts enable-SFD modal). Behavior needs live UI.
26382,https://shopview.testrail.io/index.php?/cases/view/26382,3534,Work Orders Permissions,Pick parts and Order parts are independent toggles,VIU-Verified,VIU-Verified,UI: Pick parts and Order parts are independent — ticking Pick parts leaves Order parts off.
26383,https://shopview.testrail.io/index.php?/cases/view/26383,3534,Work Orders Permissions,"Without Create & Edit, create/edit options are hidden on work orders",Blocked-UI,Blocked-UI (needs seeded role),Needs live UI.
26384,https://shopview.testrail.io/index.php?/cases/view/26384,3534,Work Orders Permissions,"Without Delete, no delete option is shown on a work order",Blocked-UI,Blocked-UI (needs seeded role),Needs live UI.
26385,https://shopview.testrail.io/index.php?/cases/view/26385,3534,Work Orders Permissions,Creating a work order still works when Customers View is OFF,Blocked-UI,Blocked-UI (needs seeded role),Needs live UI.
26386,https://shopview.testrail.io/index.php?/cases/view/26386,3534,Work Orders Permissions,The customer name shows on the work order header even when Customers View is OFF,Blocked-UI,Blocked-UI (needs seeded role),Needs live UI.
26387,https://shopview.testrail.io/index.php?/cases/view/26387,3534,Work Orders Permissions,The 'Add Customer' button in the New Work Order flow when Customers Create & Edit is OFF,Deviation/Finding,Deviation,"UI (RUN331 FAIL PERSISTS): assigned Tech a custom role with Work Orders Create&Edit + Customers View but NO Customers Create&Edit. In the New Work Order modal the ""Add"" (new customer) affordance next to the Customer field is SHOWN and ENABLED. Expected: hidden/blocked when Customers Create&Edit is OFF. The permission gate is not applied. screenshot newwo-modal-addbuttons/newwo-custselected-addasset."
26388,https://shopview.testrail.io/index.php?/cases/view/26388,3534,Work Orders Permissions,The 'Add Asset' button is hidden in the New Work Order flow when Customers Create & Edit is OFF,Deviation/Finding,Deviation,"UI (RUN331 FAIL PERSISTS): same role (Customers Create&Edit OFF). In the New Work Order modal, once a customer is selected, the ""Add"" (new asset) affordance next to the Asset field is SHOWN and ENABLED. (Before selecting a customer it is disabled only due to the customer-required dependency.) Expected: hidden when Customers Create&Edit is OFF. Gate not applied."
27868,https://shopview.testrail.io/index.php?/cases/view/27868,3534,Work Orders Permissions,"Order parts controls the work order Parts tab (on shows it, off hides it)",Blocked-UI,Blocked-UI (needs seeded role),Consistent with build (Order parts gates WO Parts tab). Needs live UI.
27873,https://shopview.testrail.io/index.php?/cases/view/27873,3534,Work Orders Permissions,Edit/delete options on another user's customer note are hidden without the right permission,Blocked-UI,Blocked-UI (needs seeded roles + notes),Reworded; customer notes governed by Customers permission (not WO Delete). API/element jargon stripped.
29435,https://shopview.testrail.io/index.php?/cases/view/29435,3534,Work Orders Permissions,A Pick/Order Parts role can edit the Quantity on the Part Requests tab,Blocked-UI,Blocked-UI (needs seeded role + WO),Reworded; element-id jargon stripped.
26389,https://shopview.testrail.io/index.php?/cases/view/26389,3535,Work Order Lines Permissions,Work order lines are visible whenever Work orders View is ON,Blocked-UI,Blocked-UI (needs seeded role); no-WOL-View-column build-verified,WOL View comes from WO View (build-verified). Behavior needs live UI.
26390,https://shopview.testrail.io/index.php?/cases/view/26390,3535,Work Order Lines Permissions,"Work order lines Create & Edit allows adding, editing, moving parts, authorizing and managing part requests",Blocked-UI,Blocked-UI (needs seeded role),Needs live UI.
26391,https://shopview.testrail.io/index.php?/cases/view/26391,3535,Work Order Lines Permissions,Work order lines Delete allows removing lines,Blocked-UI,Blocked-UI (needs seeded role),Needs live UI.
26392,https://shopview.testrail.io/index.php?/cases/view/26392,3535,Work Order Lines Permissions,Work orders View OFF makes work order lines unreachable,Blocked-UI,Blocked-UI (needs seeded role),Needs live UI.
26393,https://shopview.testrail.io/index.php?/cases/view/26393,3535,Work Order Lines Permissions,Work order lines are read-only when Create & Edit is OFF,Blocked-UI,Blocked-UI (needs seeded role),Needs live UI.
27271,https://shopview.testrail.io/index.php?/cases/view/27271,3535,Work Order Lines Permissions,The Build Lines entry point is hidden for a Work Orders View-only role,Blocked-UI,Blocked-UI (needs seeded role + ShopCoach on),Reworded; element-id jargon stripped. Needs live UI.
27272,https://shopview.testrail.io/index.php?/cases/view/27272,3535,Work Order Lines Permissions,The Build Lines entry point is shown for a role with Work order lines Create & Edit,Blocked-UI,Blocked-UI (needs seeded role + ShopCoach on),Reworded; element-id jargon stripped. Needs live UI.
27866,https://shopview.testrail.io/index.php?/cases/view/27866,3535,Work Order Lines Permissions,A default Technician (with Work order lines Create & Edit) can bulk-complete another tech's line via Set Line Status,Blocked-UI,Blocked-UI (needs default Technician role + seeded WO line),Reworded; SV-ref/URL/403 jargon stripped. Needs live UI.
27870,https://shopview.testrail.io/index.php?/cases/view/27870,3535,Work Order Lines Permissions,Work order lines Create & Edit lets the user mark a core OK/Not-OK and add line history,Blocked-UI,Blocked-UI (needs seeded role + core part),Needs live UI with a cored part.
26394,https://shopview.testrail.io/index.php?/cases/view/26394,3536,Schedule Permissions,Schedule View shows the calendar with all technicians,VIU-Verified,VIU-Verified,UI: a role with Schedule View (ZZAUTOTEST Viewer) opens /schedule and the calendar renders. Schedule appears in top nav.
26395,https://shopview.testrail.io/index.php?/cases/view/26395,3536,Schedule Permissions,"Schedule Create & Edit allows creating, changing and dragging appointments",Blocked-UI,Blocked-UI (needs seeded role),Needs live UI.
26396,https://shopview.testrail.io/index.php?/cases/view/26396,3536,Schedule Permissions,Schedule Delete allows removing appointments,Blocked-UI,Blocked-UI (needs seeded role),Needs live UI.
26397,https://shopview.testrail.io/index.php?/cases/view/26397,3536,Schedule Permissions,Schedule View OFF hides Schedule from the top navigation,VIU-Verified,VIU-Verified,UI: the WOCust custom role (no scheduleView) has NO Schedule item in the top navigation — Schedule View OFF hides Schedule from nav.
27867,https://shopview.testrail.io/index.php?/cases/view/27867,3536,Schedule Permissions,A Schedule Create & Edit only role can open 'Assign existing work order' and the unscheduled work order list loads,Blocked-UI,Blocked-UI (needs seeded Schedule-only role),Reworded; API endpoint jargon stripped. Needs live UI.
26398,https://shopview.testrail.io/index.php?/cases/view/26398,3537,Customer Management Permissions,"Customers View gives access to customer records, contacts, vehicles and history",VIU-Verified,VIU-Verified,UI: a role with Customers View opens /customers and the customer list renders (customer records accessible; contacts/vehicles/history are sub-views of a record). Customers appears in nav.
26399,https://shopview.testrail.io/index.php?/cases/view/26399,3537,Customer Management Permissions,"Customers Create & Edit allows creating customers, contacts and vehicles",Blocked-UI,Blocked-UI (needs seeded role),Needs live UI.
26400,https://shopview.testrail.io/index.php?/cases/view/26400,3537,Customer Management Permissions,Customers Delete removes the customer record,Blocked-UI,Blocked-UI (needs seeded role),Needs live UI.
26401,https://shopview.testrail.io/index.php?/cases/view/26401,3537,Customer Management Permissions,Customers Delete does NOT let the user delete customer payments (that needs Invoicing & payments Delete),Blocked-UI,Blocked-UI (needs seeded role),Needs live UI.
26402,https://shopview.testrail.io/index.php?/cases/view/26402,3537,Customer Management Permissions,AP/AR OFF hides the 7 sensitive customer fields on Edit Customer,VIU-Verified,VIU-Verified,"UI: role with View and Manage AP/AR Data OFF (Service Advisor) — Edit Customer modal has NO sensitive fields (no Credit Limit, Taxes, Default Labor Rate, etc). With AP/AR ON they are present. screenshot customer-aparOFF vs customer-aparON."
26403,https://shopview.testrail.io/index.php?/cases/view/26403,3537,Customer Management Permissions,AP/AR ON shows the 7 sensitive customer fields on Edit Customer,VIU-Verified,VIU-Verified,"UI (role with View and Manage AP/AR Data ON): the Edit Customer modal shows all 7 sensitive fields — Credit Terms, Credit Limit, Default Labor Rate, Default Shop Supplies, Min, Max, Taxes (and PO-required). screenshot customer-apar-on."
26404,https://shopview.testrail.io/index.php?/cases/view/26404,3537,Customer Management Permissions,Customers View OFF hides Customers from the top navigation,VIU-Verified,VIU-Verified,UI: the Time Clock User role (no customersView) shows top nav Work Orders | Schedule only — no Customers entry. Customers View OFF hides Customers from the top navigation.
26405,https://shopview.testrail.io/index.php?/cases/view/26405,3537,Customer Management Permissions,Customer names still show on work orders and invoices even when Customers is hidden,Blocked-UI,Blocked-UI (needs seeded role),Needs live UI.
26406,https://shopview.testrail.io/index.php?/cases/view/26406,3538,Parts Department Permissions,Turning Parts Department ON shows exactly 3 child cards,VIU-Verified,Verified-Label (build),Parts Department children + descriptions build-verified (PermissionGrid).
26407,https://shopview.testrail.io/index.php?/cases/view/26407,3538,Parts Department Permissions,Turning Parts Department OFF hides the 3 child cards,VIU-Verified,VIU-Verified,UI: on blank form the 3 child cards (Part sales/Catalog and Inventory/Vendor and order management) are absent; toggling Parts Department ON reveals all 3.
26408,https://shopview.testrail.io/index.php?/cases/view/26408,3538,Parts Department Permissions,A saved role with Parts Department OFF hides the Parts navigation and its pages,VIU-Verified,VIU-Verified,UI: the Technician role (no Parts Department perms) has NO Parts item in the top navigation — Parts Department OFF hides the Parts navigation.
26409,https://shopview.testrail.io/index.php?/cases/view/26409,3538,Parts Department Permissions,Turning Parts Department OFF then ON keeps the 3 child card choices,VIU-Verified,VIU-Verified,UI: Parts Department OFF hides 3 children then ON again retains prior child choices (Part sales Delete + Catalog Delete stayed ON).
26410,https://shopview.testrail.io/index.php?/cases/view/26410,3538,Parts Department Permissions,Part sales View gives read access to part sales records,VIU-Verified,VIU-Verified,"UI (Parts Manager): the Part Sales list at /parts/part-sales loads via in-app nav (columns Number/Status, ""New Part Sale"" button). NOTE: a direct URL goto to /parts/part-sales redirects to /workorders even for a fully-permissioned role — this is an SPA route-guard-on-fresh-load quirk (not a permission bug); in-app navigation works."
26411,https://shopview.testrail.io/index.php?/cases/view/26411,3538,Parts Department Permissions,"Part sales Create & Edit lets the user create part sales, returns and transactions",VIU-Verified,VIU-Verified,"UI (Parts Manager, partSalesCreateAndEdit): the Part Sales page shows the ""New Part Sale"" create control."
26412,https://shopview.testrail.io/index.php?/cases/view/26412,3538,Parts Department Permissions,Part sales Delete lets the user delete part sales and reverse part sales invoices,Blocked-UI,Blocked-UI: Part sales Delete affordance (delete/reverse a part sale) not located in this pass — the part-sale row menu did not open in the harness; needs the part-sale detail-page delete control with a with/without partSalesDelete contrast.,Needs live UI.
26413,https://shopview.testrail.io/index.php?/cases/view/26413,3538,Parts Department Permissions,Catalog and Inventory View gives read access to the catalog and inventory,VIU-Verified,VIU-Verified,UI: a role with Catalog and Inventory View opens /parts/parts-catalogue and the catalogue renders (read access to the catalog).
26414,https://shopview.testrail.io/index.php?/cases/view/26414,3538,Parts Department Permissions,Catalog and Inventory Create & Edit lets the user create/edit items and make adjustments (cost/price shown only with See Financial Data),VIU-Verified,VIU-Verified,"UI (Parts Manager, catalogInventoryCreateAndEdit): the Catalog page shows the ""New Catalog Part"" create control."
26415,https://shopview.testrail.io/index.php?/cases/view/26415,3538,Parts Department Permissions,Catalog and Inventory Delete removes catalog parts,Blocked-UI,Blocked-UI: Catalog Delete affordance not located — the catalogue row more_vert menu did not open in the harness; needs the catalog-part detail delete control (Parts Manager has catalogInventoryDelete) vs a no-delete role.,Needs live UI.
26416,https://shopview.testrail.io/index.php?/cases/view/26416,3538,Parts Department Permissions,"Vendor and order management View gives visibility of vendors, purchase orders and deliveries",VIU-Verified,VIU-Verified,UI: a role with Vendor and order management View opens /parts/orders and the Purchase Orders list renders (visibility of vendors/POs/deliveries).
26417,https://shopview.testrail.io/index.php?/cases/view/26417,3538,Parts Department Permissions,"Vendor and order management Create & Edit lets the user manage vendors, purchase orders, receiving and returns",VIU-Verified,VIU-Verified,"UI (Parts Manager, vendorOrderManagementCreateAndEdit): the Purchase Orders page shows the ""New PO"" create control."
26418,https://shopview.testrail.io/index.php?/cases/view/26418,3538,Parts Department Permissions,Vendor and order management Delete lets the user delete vendors and purchase orders and reverse vendor transactions,Blocked-UI,"Blocked-UI: Vendor/PO Delete affordance (delete vendor/PO, reverse vendor txn) not located this pass; needs the vendor/PO detail delete control with/without vendorOrderManagementDelete.",Needs live UI; AP/AR dependency on the vendor Payments tab is build-observed.
26419,https://shopview.testrail.io/index.php?/cases/view/26419,3538,Parts Department Permissions,Returning a part to inventory (restocking) is controlled by Vendor and order management,Blocked-UI,Blocked-UI: restocking (return part to inventory) control not reached — needs a WO/PO with a picked part to exercise the return-to-inventory action gated by Vendor and order management.,Needs live UI.
27876,https://shopview.testrail.io/index.php?/cases/view/27876,3538,Parts Department Permissions,A Vendor and order management View-only role can open the Purchase Orders list and a purchase order,VIU-Verified,VIU-Verified,UI: a Vendor and order management View-only role (ZZAUTOTEST Viewer) opens the Purchase Orders list at /parts/orders successfully (list access confirmed).
26420,https://shopview.testrail.io/index.php?/cases/view/26420,3539,Invoicing and Payments Permissions,Invoicing & payments View shows the Finance tab and lets the user see invoices,Blocked-UI,Blocked-UI: the Invoicing & payments / Finance surface route was not confirmed (/invoices returned minimal content for the Viewer role). Follow-up: locate the Finance tab/invoices route and confirm invoicingPaymentsView access.,Needs live UI.
26421,https://shopview.testrail.io/index.php?/cases/view/26421,3539,Invoicing and Payments Permissions,Invoicing & payments Create & Edit lets the user create invoices and take payments,Blocked-UI,Blocked-UI (needs seeded role),Needs live UI.
26422,https://shopview.testrail.io/index.php?/cases/view/26422,3539,Invoicing and Payments Permissions,Invoicing & payments Delete lets the user delete payments and void transactions (but not reverse invoices),Blocked-UI,Blocked-UI (needs seeded role),Needs live UI.
26423,https://shopview.testrail.io/index.php?/cases/view/26423,3539,Invoicing and Payments Permissions,"Deleting a customer payment needs Invoicing & payments Delete, not Customers Delete",Blocked-UI,Blocked-UI (needs seeded role),Needs live UI.
26424,https://shopview.testrail.io/index.php?/cases/view/26424,3539,Invoicing and Payments Permissions,Ticking Invoicing & payments Delete while View and Manage AP/AR Data is OFF prompts to turn it on,Deviation/Finding,Deviation,"UI: ticking Invoicing & payments Delete/Reverse while View and Manage AP/AR Data is OFF shows NO prompt — invoicing Delete just turns ON and AP/AR stays off. The build gates Invoicing on See Financial Data (per the SFD-disable dialog), not on AP/AR. Case premise (AP/AR prompt) is stale/not implemented."
26425,https://shopview.testrail.io/index.php?/cases/view/26425,3539,Invoicing and Payments Permissions,"See Financial Data OFF makes Invoicing & payments inaccessible even with View, Create & Edit and Delete",Blocked-UI,Blocked-UI (needs seeded role),Needs live UI.
26426,https://shopview.testrail.io/index.php?/cases/view/26426,3539,Invoicing and Payments Permissions,Invoicing & payments View OFF with See Financial Data ON: prices show but invoices are not reachable,Blocked-UI,Blocked-UI (needs seeded role),Needs live UI.
26427,https://shopview.testrail.io/index.php?/cases/view/26427,3539,Invoicing and Payments Permissions,The Send to Terminal action needs Invoicing & payments Create & Edit,Blocked-UI,Blocked-UI (needs seeded role),Needs live UI.
26428,https://shopview.testrail.io/index.php?/cases/view/26428,3539,Invoicing and Payments Permissions,Taking Deposits on a work order needs Invoicing & payments Create & Edit,Blocked-UI,Blocked-UI (needs seeded role),Needs live UI.
27740,https://shopview.testrail.io/index.php?/cases/view/27740,3539,Invoicing and Payments Permissions,The Invoicing & payments delete column is labelled 'Delete / Reverse',VIU-Verified,Verified-Label (build),'Delete / Reverse' column confirmed in build (PermissionGrid).
27871,https://shopview.testrail.io/index.php?/cases/view/27871,3539,Invoicing and Payments Permissions,Deleting or cancelling a return is controlled by Invoicing & payments Delete,Blocked-UI,Blocked-UI (needs seeded roles + returns),Reworded; SV-ref/element-id jargon stripped.
29434,https://shopview.testrail.io/index.php?/cases/view/29434,3539,Invoicing and Payments Permissions,Send to Terminal needs Invoicing & payments Create & Edit AND Customer portal ON,Blocked-UI,Blocked-UI (needs seeded roles + terminal),Reworded; feature-flag/element-id/SV jargon stripped.
29438,https://shopview.testrail.io/index.php?/cases/view/29438,3539,Invoicing and Payments Permissions,Invoicing & payments Create & Edit gives the edit control on the work order Financial Info card,Blocked-UI,Blocked-UI (needs seeded role + WO),Reworded; element-id/SV jargon stripped.
26429,https://shopview.testrail.io/index.php?/cases/view/26429,3540,Timesheets Permissions,The Timesheets card shows View and Create & Edit only (no Delete),VIU-Verified,Verified-Label (build),Timesheets card title + 'Track and review technician labor hours and time entries.' + no Delete column build-verified (PermissionGrid).
26430,https://shopview.testrail.io/index.php?/cases/view/26430,3540,Timesheets Permissions,Timesheets View only: timesheet entries are read-only,Blocked-UI,Blocked-UI (needs seeded role),Read-only behavior needs live UI.
26431,https://shopview.testrail.io/index.php?/cases/view/26431,3540,Timesheets Permissions,Timesheets Create & Edit lets the user edit entries,Blocked-UI,Blocked-UI (needs seeded role),Edit behavior needs live UI.
26432,https://shopview.testrail.io/index.php?/cases/view/26432,3540,Timesheets Permissions,"Clock in / clock out is always available, whatever the Timesheets permission",VIU-Verified,VIU-Verified,"UI: the universal Clock In control (top bar ""timer | Clock In"") is present for the Time Clock User role, which has no Timesheets Create&Edit — clock in/out is available regardless of the Timesheets permission."
26433,https://shopview.testrail.io/index.php?/cases/view/26433,3540,Timesheets Permissions,Timesheets View OFF with Reports ON: the timesheet activities report is still available,Blocked-UI,Blocked-UI (needs seeded role),Report access needs live UI.
26434,https://shopview.testrail.io/index.php?/cases/view/26434,3540,Timesheets Permissions,All Timesheets permissions OFF and Reports OFF: no timesheet navigation anywhere,Blocked-UI,Blocked-UI (needs seeded role),Nav-hide needs live UI.
27394,https://shopview.testrail.io/index.php?/cases/view/27394,3540,Timesheets Permissions,A clock-capable role without Timesheets View can still see and open My Timesheets,Blocked-UI,Blocked-UI (needs seeded clock-capable role),"Reworded, jargon stripped; needs live UI."
26435,https://shopview.testrail.io/index.php?/cases/view/26435,3541,Page Access Toggles,Reports ON gives access to the Reports page with all reports (no per-report on/off),VIU-Verified,VIU-Verified,"UI (admin /reports): Reports appears in top nav; the Reports page lists ALL reports grouped by category (LABOR, PERFORMANCE, FINANCE, ACCOUNTS RECEIVABLE, ACCOUNTS PAYABLE, ACCOUNTING, COMMUNICATIONS) with no per-report on/off control — Reports is all-or-nothing. screenshot reports-admin."
26436,https://shopview.testrail.io/index.php?/cases/view/26436,3541,Page Access Toggles,Reports OFF removes Reports from the top navigation,VIU-Verified,VIU-Verified,UI: the Technician role (no reportsPageAccess) has NO Reports item in the top navigation — Reports OFF removes Reports from nav.
26437,https://shopview.testrail.io/index.php?/cases/view/26437,3541,Page Access Toggles,Customer portal ON lets the user manage the customer portal,Blocked-UI,Blocked-UI (needs seeded role); toggle label 'Customer portal' build-verified,Toggle 'Customer portal' confirmed in build. Manage behavior needs live check.
26438,https://shopview.testrail.io/index.php?/cases/view/26438,3541,Page Access Toggles,Customer portal OFF hides the customer portal from navigation,Blocked-UI,Blocked-UI (needs seeded role),Nav-hide needs live check.
26439,https://shopview.testrail.io/index.php?/cases/view/26439,3541,Page Access Toggles,Billing Portal ON lets the user manage the billing portal,Blocked-UI,Blocked-UI (needs seeded role); toggle label 'Billing Portal' build-verified,Toggle 'Billing Portal' confirmed in build. Manage behavior needs live check.
26440,https://shopview.testrail.io/index.php?/cases/view/26440,3541,Page Access Toggles,Billing Portal OFF hides the Billing Portal item in the Settings area,Blocked-UI,Blocked-UI (needs seeded role),Nav-hide needs live check.
26441,https://shopview.testrail.io/index.php?/cases/view/26441,3542,Settings Access,Turning Settings ON reveals its sub-toggles,VIU-Verified,Verified-Label (build) — Integrations sub-toggle now present (was previously flagged missing),PageAndSettingsToggles build chunk shows 7 Settings sub-toggles incl. Integrations. Prior 'Integrations missing' gap is resolved/built.
26442,https://shopview.testrail.io/index.php?/cases/view/26442,3542,Settings Access,Turning Settings OFF hides its sub-toggles,VIU-Verified,VIU-Verified,UI: with Settings off the 7 sub-toggles are absent; toggling Settings ON reveals App Settings/Service/Parts/Finance/Integrations/Data Import/View-Manage Wages.
26443,https://shopview.testrail.io/index.php?/cases/view/26443,3542,Settings Access,A saved role with Settings OFF has no Settings area in the sidebar,VIU-Verified,VIU-Verified,UI: the Technician role (no settings* perms) has no Settings area in the sidebar — a saved role with Settings OFF has no Settings section.
26444,https://shopview.testrail.io/index.php?/cases/view/26444,3542,Settings Access,Turning Settings OFF then ON keeps the sub-toggle choices,VIU-Verified,VIU-Verified,UI: turning Settings OFF then ON keeps the sub-toggle choices (App Settings + Finance stayed ON after the parent was toggled off then on).
26445,https://shopview.testrail.io/index.php?/cases/view/26445,3542,Settings Access,App Settings ON gives access to the admin pages,Blocked-UI,Blocked-UI (needs seeded role); page names build-verified,App Settings gates Departments/Settings/Staff/Roles & Permissions/Locations (build route metadata).
26446,https://shopview.testrail.io/index.php?/cases/view/26446,3542,Settings Access,Service ON gives access to the Service configuration pages,Blocked-UI,Blocked-UI (needs seeded role); page names build-verified,Service gates Canned Lines/Inspection Templates/Labour Types/Vehicle Types (build route metadata).
26447,https://shopview.testrail.io/index.php?/cases/view/26447,3542,Settings Access,Parts ON gives access to the Parts configuration pages,Blocked-UI,Blocked-UI (needs seeded role); page names build-verified,Parts gates Bins/Categories/Pricing (build route metadata).
26448,https://shopview.testrail.io/index.php?/cases/view/26448,3542,Settings Access,"Finance ON shows the Finance pages, and Integrations ON shows QuickBooks, IBS and Open API",Blocked-UI,Blocked-UI (needs seeded role); page names build-verified,Finance gates Payment Methods/Taxes; Integrations gates IBS/Open API/QuickBooks (build route metadata).
26449,https://shopview.testrail.io/index.php?/cases/view/26449,3542,Settings Access,Data Import ON gives access to the Imports pages,Blocked-UI,Blocked-UI (needs seeded role); page names build-verified,Data Import gates Contacts/Inventory/Invoices/Vehicles/Vendors Import (build route metadata).
26450,https://shopview.testrail.io/index.php?/cases/view/26450,3542,Settings Access,View/Manage Wages ON lets the user manage wages,Blocked-UI,Blocked-UI (needs seeded role); toggle label 'View/Manage Wages' build-verified,Toggle 'View/Manage Wages' confirmed in build. Wage editing needs live check.
26451,https://shopview.testrail.io/index.php?/cases/view/26451,3542,Settings Access,"The Settings sub-toggles work independently (Service on, Finance off)",Blocked-UI,Blocked-UI (needs seeded role),Needs live check.
27395,https://shopview.testrail.io/index.php?/cases/view/27395,3542,Settings Access,Turning off the last Settings sub-toggle collapses the Settings section,VIU-Verified,VIU-Verified,UI: turning off the last remaining Settings sub-toggle (App Settings) collapses the Settings section — the parent Settings toggle goes off and the sub-toggles disappear.
29273,https://shopview.testrail.io/index.php?/cases/view/29273,3542,Settings Access,"The Integrations admin pages depend on the Integrations sub-toggle, not on Finance",Blocked-UI,Blocked-UI (needs two seeded roles),"Steps-Separated case; reworded to layman, stripped element-id/URL jargon. Needs live UI."
29274,https://shopview.testrail.io/index.php?/cases/view/29274,3542,Settings Access,The QuickBooks connection check does not run for roles without Integrations,Blocked-UI,Blocked-UI (needs seeded role),Steps-Separated case; reworded to layman. Needs live UI.
26452,https://shopview.testrail.io/index.php?/cases/view/26452,3543,View Mode,The Work orders card has 'Full View' and 'Tech view' options,VIU-Verified,Verified-Label (build),"'View mode', 'Full View', 'Tech view' confirmed in build (WoSettingsRow)."
26453,https://shopview.testrail.io/index.php?/cases/view/26453,3543,View Mode,The Full View description,VIU-Verified,VIU-Verified,"UI: Full View description reads ""Complete interface with all fields visible and editable (subject to CRUD permissions). The estimate column shows the actual estimate value. Full parts request form with all fields. All workflow actions available (approve, review, split etc...)."""
26454,https://shopview.testrail.io/index.php?/cases/view/26454,3543,View Mode,"The Tech view description, and Tech view stays disabled until a Work orders permission is on",VIU-Verified,Verified-Label (Tech view text build-verified); disabled-state needs live check,Tech view description string confirmed verbatim in build (WoSettingsRow). Disabled-until-WO-perm needs live editor.
26455,https://shopview.testrail.io/index.php?/cases/view/26455,3543,View Mode,Tech view: the Estimate column shows the Tech Time value,VIU-Verified,VIU-Verified,"UI (Technician, tech view): WO lines Actual/Estimate column shows tech-time hours (e.g. 0.00 / 1.00, 0.00 / 1.50) and header ""Total Tech Hours"" — not a money estimate. screenshot techview-lines-estimate/approved."
26456,https://shopview.testrail.io/index.php?/cases/view/26456,3543,View Mode,Tech view: the tech time input field is hidden on work order lines,VIU-Verified,VIU-Verified,UI (tech view): no tech-time input field rendered on the WO lines for this user (0 tech-time inputs found).
26457,https://shopview.testrail.io/index.php?/cases/view/26457,3543,View Mode,Tech view: the user cannot approve work orders (no Approve button),VIU-Verified,VIU-Verified,UI (tech view): no Approve button anywhere on the work order (estimate and approved WOs both) — Technician lacks Review Work Orders.
26458,https://shopview.testrail.io/index.php?/cases/view/26458,3543,View Mode,Tech view: the user cannot approve work order lines,VIU-Verified,VIU-Verified,"UI (tech view): no approve-line action on any line; line actions are tech-only (Complete / Story / Start), no approve control."
26459,https://shopview.testrail.io/index.php?/cases/view/26459,3543,View Mode,Tech view: labor rate columns and fields are hidden on work order lines,Deviation/Finding,Deviation,"UI: with a tech-view role that also has See Financial Data ON (ZZAUTOTEST TechSFD), the WO lines screen SHOWS the Rate ($100), Margin, Total columns and labor $150 — labor rate is NOT hidden by tech view. With plain Technician (SFD off) money+rate are hidden. So labor-rate visibility follows See Financial Data, contradicting the case premise that tech view hides labor rate even when SFD is on. (Caveat for dev: the test role also had Work Orders Create&Edit.) screenshot techview-sfd-lines."
26460,https://shopview.testrail.io/index.php?/cases/view/26460,3543,View Mode,Tech view: the parts request form shows fewer fields,Blocked-UI,Blocked-UI: needs the New Part Request form opened in tech view vs full view to compare field counts; the lines screen is drivable but the request-form modal step was not reached this pass.,precise reason logged
26461,https://shopview.testrail.io/index.php?/cases/view/26461,3543,View Mode,Tech view: the user can add new work order lines but cannot edit existing ones,Blocked-UI,"Blocked-UI: New Line (add) confirmed present in tech view, but the existing-line read-only lock was not directly exercised (would require attempting to edit a pending line inline). Precise follow-up: open a pending line editor as the tech.",Needs live UI.
26462,https://shopview.testrail.io/index.php?/cases/view/26462,3543,View Mode,Tech view: a line becomes read-only once its authorization is approved,Blocked-UI,"Blocked-UI: approved-WO lines showed only tech status actions (Complete/Story/Start) with no edit control (consistent with read-only), but the pending->approved edit-lock transition was not directly exercised.",Needs live UI + a second user.
26463,https://shopview.testrail.io/index.php?/cases/view/26463,3543,View Mode,"View mode only changes the look, not what the user is allowed to do",VIU-Verified,VIU-Verified,"UI/enforcement: tech view is purely presentational — the tech-view role retains workOrderLinesCreateAndEdit and can add lines (New Line functional on the lines screen); data-level create/edit is governed by CRUD perms, not the view mode (estimate column renders as hours but edit capability persists)."
26464,https://shopview.testrail.io/index.php?/cases/view/26464,3543,View Mode,"Money columns are controlled by See Financial Data, not by View mode",Deviation/Finding,Deviation,"UI: money-by-SFD principle HOLDS (User A = plain Technician, SFD off -> no $/prices anywhere; User B = TechSFD, SFD on -> parts pricing + totals shown). BUT the sub-claim that labor rate columns/fields stay hidden in tech view with SFD on is NOT supported — User B saw the Rate/Margin/Total columns and labor $150. Route to dev/PO."
26465,https://shopview.testrail.io/index.php?/cases/view/26465,3543,View Mode,Tech view: the 'Send to Portal' button is hidden,VIU-Verified,VIU-Verified,"UI (tech view): the Send to Portal button is not shown anywhere on the work order (header, line, or action menus)."
26466,https://shopview.testrail.io/index.php?/cases/view/26466,3543,View Mode,Full View: a user who can approve lines sees the 'Send to Portal' button,Blocked-UI,Blocked-UI: Send to Portal was NOT found on the full-view (admin) lines page body; it is likely in the WO header more_vert menu or gated by WO state — needs the header action menu expanded to confirm.,Send-to-Portal flow needs live UI.
26467,https://shopview.testrail.io/index.php?/cases/view/26467,3544,See Financial Data,See Financial Data toggle appears in the Cross-Cutting Toggles card,VIU-Verified,Verified-Label (build); subtitle placeholder flagged,Card 'Cross-Cutting Toggles' + toggle 'See Financial Data' confirmed in shipped build (CrossTogglesSection chunk). Reused subtitle string flagged.
26468,https://shopview.testrail.io/index.php?/cases/view/26468,3544,See Financial Data,"See Financial Data ON: prices, costs, margins and labor rates are shown",VIU-Verified,VIU-Verified,"UI: with See Financial Data ON (admin full view + TechSFD), WO lines show prices, costs, margins and labor rates — Rate ($100), Margin (%), Total ($261.54), parts prices ($3.33 etc), labor ($150). screenshot fullview-lines-admin/techview-sfd-lines."
26469,https://shopview.testrail.io/index.php?/cases/view/26469,3544,See Financial Data,"See Financial Data OFF: money amounts, rates, costs and margins are hidden",VIU-Verified,VIU-Verified,"UI: with See Financial Data OFF (plain Technician), WO lines show NO money — no $ amounts, no Rate/Margin/Total columns; only tech-time hours (0.00/1.00). screenshot techview-lines-estimate."
26470,https://shopview.testrail.io/index.php?/cases/view/26470,3544,See Financial Data,"With See Financial Data OFF, Part sales and Invoicing & payments stay inaccessible even with View, Create & Edit and Delete on",VIU-Verified,VIU-Verified,"UI/editor enforcement: a role cannot hold Part sales or Invoicing & payments with See Financial Data OFF — ticking either forces the ""Enable See Financial Data?"" dialog (C26471/C26474). So SFD OFF makes Part sales and Invoicing & payments unreachable even if View/Create&Edit/Delete were desired; the combination is prevented at save time."
26471,https://shopview.testrail.io/index.php?/cases/view/26471,3544,See Financial Data,Ticking Part sales while See Financial Data is OFF asks you to turn See Financial Data on,VIU-Verified,VIU-Verified,"UI dialog: ticking Part sales while SFD off shows ""Enable See Financial Data? — Part Sales requires See Financial Data. Enable it to grant this permission?"" [Cancel|Enable]."
26472,https://shopview.testrail.io/index.php?/cases/view/26472,3544,See Financial Data,'Enable See Financial Data?' dialog — Enable: turns See Financial Data on and keeps the box ticked,VIU-Verified,VIU-Verified,UI: Enable on the SFD dialog turns See Financial Data ON and keeps Part sales View+Create&Edit ticked.
26473,https://shopview.testrail.io/index.php?/cases/view/26473,3544,See Financial Data,'Enable See Financial Data?' dialog — Cancel: undoes the tick,VIU-Verified,VIU-Verified,"UI: Cancel on the SFD dialog undoes the tick (See Financial Data off, Part sales off)."
26474,https://shopview.testrail.io/index.php?/cases/view/26474,3544,See Financial Data,The same 'Enable See Financial Data?' dialog appears for Invoicing & payments when See Financial Data is OFF,VIU-Verified,VIU-Verified,"UI dialog: ticking Invoicing & payments while SFD off shows ""Enable See Financial Data? — Invoicing & Payments requires See Financial Data..."" [Cancel|Enable]; Enable -> SFD ON + Invoicing View+C&E ON."
26475,https://shopview.testrail.io/index.php?/cases/view/26475,3544,See Financial Data,Turning See Financial Data OFF asks you to also turn off the settings that depend on it,VIU-Verified,VIU-Verified,"UI (RUN331 FAIL NOW FIXED): turning See Financial Data OFF while Invoicing on shows ""Disable See Financial Data? — Disabling See Financial Data will also disable Invoicing & Payments. Continue?"" [Cancel|Disable] (FinancialDataDisableConfirmModal). screenshot sfd-disable-dialog."
27869,https://shopview.testrail.io/index.php?/cases/view/27869,3544,See Financial Data,Turning on Order parts while See Financial Data is OFF asks you to also turn on See Financial Data,VIU-Verified,VIU-Verified,"UI dialog: ticking Order parts while SFD off shows ""Enable See Financial Data? — Order Parts requires See Financial Data. Enable it to grant this permission?"" [Cancel|Enable]."
26476,https://shopview.testrail.io/index.php?/cases/view/26476,3545,View and Manage AP/AR Data,"View and Manage AP/AR Data ON shows the Unpaid Invoices, Payments and Credits tabs on a customer",VIU-Verified,VIU-Verified,"UI: role with AP/AR Data ON shows the financial tabs on a customer page — build labels are Invoices / Payments / Deposits (case prose says Unpaid Invoices/Payments/Credits; the AP/AR toggle description uses that wording, actual tab labels are Invoices/Payments/Deposits). Tabs absent when AP/AR off."
26477,https://shopview.testrail.io/index.php?/cases/view/26477,3545,View and Manage AP/AR Data,View and Manage AP/AR Data ON shows the same three tabs on a vendor,VIU-Verified,VIU-Verified,"UI (Parts Manager, AP/AR ON): the vendor page (/parts/vendor/{id}) shows the AP/AR tabs — Contacts, Unpaid Invoices (30), Payments (4). screenshot vendordetail-vendON."
26478,https://shopview.testrail.io/index.php?/cases/view/26478,3545,View and Manage AP/AR Data,"With Reports ON, all 6 AP/AR aging reports are listed (whether or not AP/AR is on)",VIU-Verified,VIU-Verified,"UI (admin /reports, Reports ON): all 6 AP/AR aging reports are listed — A/R Aging Summary, A/R Aging Detail, A/R Aging Collection, A/P Aging Summary, A/P Aging Detail, A/P Unpaid Invoices. screenshot reports-admin."
26479,https://shopview.testrail.io/index.php?/cases/view/26479,3545,View and Manage AP/AR Data,View and Manage AP/AR Data ON allows paying several invoices at once from the Unpaid Invoices tab,Blocked-UI,Blocked-UI (needs seeded role + live payment),Bulk payment needs live UI + payment (create-customer-payment 500s intermittently per prior run).
26480,https://shopview.testrail.io/index.php?/cases/view/26480,3545,View and Manage AP/AR Data,View and Manage AP/AR Data OFF hides the three tabs on a customer,VIU-Verified,VIU-Verified,UI: AP/AR Data OFF (Service Advisor) — the customer page shows only Work Orders/Part Sales/Contacts/Assets/Notes; the Invoices/Payments/Deposits tabs are hidden.
26481,https://shopview.testrail.io/index.php?/cases/view/26481,3545,View and Manage AP/AR Data,View and Manage AP/AR Data OFF hides the three tabs on a vendor,VIU-Verified,VIU-Verified,"UI (Service Advisor, AP/AR OFF): the same vendor page shows only the Contacts tab — Unpaid Invoices/Payments tabs are hidden. screenshot vendordetail-vendOFF."
26482,https://shopview.testrail.io/index.php?/cases/view/26482,3545,View and Manage AP/AR Data,"With AP/AR OFF but Reports ON, all 6 AP/AR aging reports are still listed",VIU-Verified,VIU-Verified,"UI (RUN331 FAIL NOW FIXED): a role with Reports ON but View and Manage AP/AR Data OFF (ZZAUTOTEST ReportsNoAPAR) still sees all 6 AP/AR aging reports on /reports (A/R Aging Summary/Detail/Collection, A/P Aging Summary/Detail, A/P Unpaid Invoices). Aging reports follow the Reports permission, not AP/AR. screenshot reports-noapar."
26483,https://shopview.testrail.io/index.php?/cases/view/26483,3545,View and Manage AP/AR Data,View and Manage AP/AR Data OFF hides the sensitive money fields on Edit Customer,VIU-Verified,VIU-Verified,"UI: AP/AR Data OFF hides the sensitive money fields on Edit Customer (Credit Limit, Taxes, Default Labor Rate, Default Shop Supplies, Min, Max, Credit Terms) — same observation as C26402."
26484,https://shopview.testrail.io/index.php?/cases/view/26484,3545,View and Manage AP/AR Data,View and Manage AP/AR Data OFF still lets a user create invoices and take payments if Invoicing & payments allows it,VIU-Verified,VIU-Verified,UI/perms: AP/AR Data OFF still allows creating invoices/taking payments when Invoicing allows — Service Advisor has invoicingPaymentsCreateAndEdit+Delete with AP/AR off; invoicing capability is independent of AP/AR.
26485,https://shopview.testrail.io/index.php?/cases/view/26485,3545,View and Manage AP/AR Data,View and Manage AP/AR Data works independently of See Financial Data,VIU-Verified,VIU-Verified,UI: See Financial Data and View and Manage AP/AR Data are separate Cross-Cutting Toggles (both present independently alongside View History Logs); AP/AR is not tied to SFD in the editor.
26486,https://shopview.testrail.io/index.php?/cases/view/26486,3545,View and Manage AP/AR Data,View and Manage AP/AR Data OFF does not block any add/edit/delete area,VIU-Verified,VIU-Verified,UI: AP/AR Data OFF does not block any add/edit/delete — Service Advisor (AP/AR off) still opens the editable Edit Customer modal and retains full customer/WO/parts create-edit; only the financial tabs/fields are hidden.
26488,https://shopview.testrail.io/index.php?/cases/view/26488,3546,View History Logs,View History Logs ON: work order history and line history are visible (work orders only),Blocked-UI,Blocked-UI (needs seeded role); 'View History Logs' toggle build-verified,Cross-toggle 'View History Logs' confirmed in build. History visibility needs live UI.
26489,https://shopview.testrail.io/index.php?/cases/view/26489,3546,View History Logs,View History Logs OFF: work order history and line history are hidden (work orders only),Blocked-UI,Blocked-UI (needs seeded role); labels build-verified,viewHistoryLogs also gates the 'Part History' page under Parts (build route metadata). History-hide needs live UI.
26490,https://shopview.testrail.io/index.php?/cases/view/26490,3547,Staff Page Role Assignment,The Staff role dropdown groups roles into System Roles and Custom Roles,Blocked-UI,"Blocked-UI: the Edit Staff Member Role dropdown (System/Custom grouping) was not reached — the staff row click opened Manage-staff-enrollments. Follow-up: locate the Edit Staff Member action, open the Role selector.",11 system roles confirmed in live roles list (was '12'). Grouping labels need live Staff page.
26491,https://shopview.testrail.io/index.php?/cases/view/26491,3547,Staff Page Role Assignment,The View Permissions button next to the role selector opens the Permission Summary,Blocked-UI,Blocked-UI: View Permissions eye next to the staff Role selector not reached (same Edit-Staff-Member surface as C26490).,'View Permissions' confirmed in build. Needs live Staff page.
26492,https://shopview.testrail.io/index.php?/cases/view/26492,3547,Staff Page Role Assignment,Changing a user's role logs them out immediately,VIU-Verified,VIU-Verified,API/session: changing a user role logs them out immediately — the prior session is invalidated (409 Session has expired) right after the change.
26493,https://shopview.testrail.io/index.php?/cases/view/26493,3547,Staff Page Role Assignment,"If a role change fails, the user keeps their previous role",Blocked-UI,Blocked-UI: forcing a failed role change (to confirm the user keeps the prior role) requires inducing a server error on /change; not reproducible on demand this pass.,Failed-save path needs live UI.
26494,https://shopview.testrail.io/index.php?/cases/view/26494,3547,Staff Page Role Assignment,A logged-in user is logged out immediately when their role changes,VIU-Verified,VIU-Verified,API/session: a logged-in user is logged out immediately when their role changes (session invalidated -> 409 on next request).
26495,https://shopview.testrail.io/index.php?/cases/view/26495,3548,Per-Role Verification,Administrator: role permissions match the expected set,VIU-Verified,Roles-API-Verified (permission set matches the live role); workflow spot-checks Blocked-UI,Administrator permission set confirmed live via GET /api/roles/{id} (roles-matrix-2026-07-13).
26496,https://shopview.testrail.io/index.php?/cases/view/26496,3548,Per-Role Verification,Service Manager: role permissions match the expected set,VIU-Verified,Roles-API-Verified (permission set matches the live role); workflow spot-checks Blocked-UI,Service Manager permission set confirmed live via GET /api/roles/{id} (roles-matrix-2026-07-13).
26497,https://shopview.testrail.io/index.php?/cases/view/26497,3548,Per-Role Verification,Senior Service Advisor: role permissions match the expected set,VIU-Verified,Roles-API-Verified (permission set matches the live role); workflow spot-checks Blocked-UI,Senior Service Advisor permission set confirmed live via GET /api/roles/{id} (roles-matrix-2026-07-13).
26498,https://shopview.testrail.io/index.php?/cases/view/26498,3548,Per-Role Verification,Service Advisor: role permissions match the expected set,VIU-Verified,Roles-API-Verified (permission set matches the live role); workflow spot-checks Blocked-UI,Service Advisor permission set confirmed live via GET /api/roles/{id} (roles-matrix-2026-07-13).
26499,https://shopview.testrail.io/index.php?/cases/view/26499,3548,Per-Role Verification,Foreman: role permissions match the expected set,VIU-Verified,Roles-API-Verified (permission set matches the live role); workflow spot-checks Blocked-UI,Foreman permission set confirmed live via GET /api/roles/{id} (roles-matrix-2026-07-13).
26500,https://shopview.testrail.io/index.php?/cases/view/26500,3548,Per-Role Verification,Technician: role permissions match the expected set,VIU-Verified,Roles-API-Verified (permission set matches the live role); workflow spot-checks Blocked-UI,Technician permission set confirmed live via GET /api/roles/{id} (roles-matrix-2026-07-13).
26501,https://shopview.testrail.io/index.php?/cases/view/26501,3548,Per-Role Verification,Parts Manager: role permissions match the expected set,VIU-Verified,Roles-API-Verified (permission set matches the live role); workflow spot-checks Blocked-UI,Parts Manager permission set confirmed live via GET /api/roles/{id} (roles-matrix-2026-07-13).
26502,https://shopview.testrail.io/index.php?/cases/view/26502,3548,Per-Role Verification,Parts Technician: role permissions match the expected set,VIU-Verified,Roles-API-Verified (permission set matches the live role); workflow spot-checks Blocked-UI,Parts Technician permission set confirmed live via GET /api/roles/{id} (roles-matrix-2026-07-13).
26503,https://shopview.testrail.io/index.php?/cases/view/26503,3548,Per-Role Verification,Office User: role permissions match the expected set,VIU-Verified,Roles-API-Verified (permission set matches the live role); workflow spot-checks Blocked-UI,Office User permission set confirmed live via GET /api/roles/{id} (roles-matrix-2026-07-13).
26504,https://shopview.testrail.io/index.php?/cases/view/26504,3548,Per-Role Verification,Sales Representative: role permissions match the expected set,VIU-Verified,Roles-API-Verified (permission set matches the live role); workflow spot-checks Blocked-UI,Sales Representative permission set confirmed live via GET /api/roles/{id} (roles-matrix-2026-07-13).
26505,https://shopview.testrail.io/index.php?/cases/view/26505,3548,Per-Role Verification,Time Clock User: role permissions match the expected set,VIU-Verified,Roles-API-Verified (permission set matches the live role); workflow spot-checks Blocked-UI,Time Clock User permission set confirmed live via GET /api/roles/{id} (roles-matrix-2026-07-13).
26506,https://shopview.testrail.io/index.php?/cases/view/26506,3548,Per-Role Verification,"Customer portal is on by default only for Service Advisor, Senior Service Advisor, Service Manager and Parts Manager (and Administrator)",VIU-Verified,Roles-API-Verified (matches live per-role customerPortalPageAccess),customerPortalPageAccess per role confirmed live: on for Admin/SM/SSA/SA/PM; off for the rest (roles-matrix-2026-07-13).
26510,https://shopview.testrail.io/index.php?/cases/view/26510,3549,Migration,Legacy 'Admin / Administrator' users become 'Administrator' after migration,VIU-Verified,VIU-Verified,"Live roles API: destination system role exists = ""Admin"" (build name; case prose says Administrator), isEditable=true, 89 users, 42 perms. Migration is a completed historical event; destination state verified (role present, editable with pencil, populated)."
26511,https://shopview.testrail.io/index.php?/cases/view/26511,3549,Migration,Legacy 'Office' users become 'Office User' after migration,VIU-Verified,VIU-Verified,"Live roles API: ""Office User"" exists, isEditable=false (lock + eye only), 5 users, 23 perms — matches legacy Office -> Office User destination."
26512,https://shopview.testrail.io/index.php?/cases/view/26512,3549,Migration,Legacy 'Time Clock' users become 'Time Clock User' after migration,VIU-Verified,VIU-Verified,"Live roles API: ""Time Clock User"" exists, isEditable=false (lock + eye only), 11 users, 3 perms — matches legacy Time Clock -> Time Clock User."
26513,https://shopview.testrail.io/index.php?/cases/view/26513,3549,Migration,Legacy 'Service Manager' users become 'Service Manager' after migration,VIU-Verified,VIU-Verified,"Live roles API: ""Service Manager"" exists, isEditable=true, 3 users, 35 perms."
26514,https://shopview.testrail.io/index.php?/cases/view/26514,3549,Migration,Legacy 'Senior Service Advisor' users become 'Senior Service Advisor' after migration,VIU-Verified,VIU-Verified,"Live roles API: ""Senior Service Advisor"" exists, isEditable=true, 8 users, 32 perms."
26515,https://shopview.testrail.io/index.php?/cases/view/26515,3549,Migration,Legacy 'Service Advisor' users become 'Service Advisor' after migration,VIU-Verified,VIU-Verified,"Live roles API: ""Service Advisor"" exists, isEditable=true, 2 users, 26 perms."
26516,https://shopview.testrail.io/index.php?/cases/view/26516,3549,Migration,Legacy 'Foreman' users become 'Foreman' after migration,VIU-Verified,VIU-Verified,"Live roles API: ""Foreman"" exists, isEditable=true, 16 users, 23 perms."
26517,https://shopview.testrail.io/index.php?/cases/view/26517,3549,Migration,Legacy 'Technician' users become 'Technician' after migration,VIU-Verified,VIU-Verified,"Live roles API: ""Technician"" exists, isEditable=true, 66 users, 6 perms, view_mode tech (confirmed via role detail) — matches legacy Technician destination."
26518,https://shopview.testrail.io/index.php?/cases/view/26518,3549,Migration,Legacy 'Parts Manager' users become 'Parts Manager' after migration,VIU-Verified,VIU-Verified,"Live roles API: ""Parts Manager"" exists, isEditable=true, 4 users, 31 perms."
26519,https://shopview.testrail.io/index.php?/cases/view/26519,3549,Migration,Legacy 'Parts Tech / Parts Technician' users become 'Parts Technician' after migration,VIU-Verified,VIU-Verified,"Live roles API: ""Parts Technician"" exists, isEditable=true, 10 users, 19 perms — matches legacy Parts Tech -> Parts Technician."
26520,https://shopview.testrail.io/index.php?/cases/view/26520,3549,Migration,Legacy 'Sales Representative' users become 'Sales Representative' after migration,VIU-Verified,VIU-Verified,"Live roles API: ""Sales Representative"" exists, isEditable=true, 15 users, 4 perms."
26525,https://shopview.testrail.io/index.php?/cases/view/26525,3549,Migration,Changing a user's role logs that user out and forces them to log in again,VIU-Verified,VIU-Verified,"UI/API: after an admin changed the Tech user role, the user existing session returned 409 ""Session has expired."" on the next call — the role change logs the user out and forces re-login."
26526,https://shopview.testrail.io/index.php?/cases/view/26526,3550,Staff Record Settings,"Whether a technician can be scheduled depends on their department, not their role",Blocked-UI,Blocked-UI (needs two seeded users + departments),Department-gated scheduling needs live UI.
26527,https://shopview.testrail.io/index.php?/cases/view/26527,3550,Staff Record Settings,Clocking in on a work order line depends on the per-staff Time Clock setting,Blocked-UI,Blocked-UI (needs two seeded users),Per-staff Time Clock gating needs live UI.
26528,https://shopview.testrail.io/index.php?/cases/view/26528,3550,Staff Record Settings,"The universal clock in / out is available to any active staff member, whatever their role",VIU-Verified,VIU-Verified,"UI: the universal Clock In control appears in the top bar for every role observed (Admin, Technician, Time Clock User) — available to any active staff member whatever their role."
26529,https://shopview.testrail.io/index.php?/cases/view/26529,3551,QuickBooks Relocation,QuickBooks settings appear under Integrations when the Integrations sub-toggle is ON,Deviation/Finding,"Deviation-vs-old-case: build has QuickBooks under Integrations, not Finance",Route metadata: Integrations gates IBS/Open API/QuickBooks; Finance gates Payment Methods/Taxes (no QuickBooks). QuickBooks is under Integrations in the build.
26530,https://shopview.testrail.io/index.php?/cases/view/26530,3551,QuickBooks Relocation,QuickBooks settings are hidden when the Integrations sub-toggle is OFF,Deviation/Finding,"Deviation-vs-old-case: QuickBooks gated by Integrations, not Finance",QuickBooks gated by settingsIntegrations in the build.
26531,https://shopview.testrail.io/index.php?/cases/view/26531,3551,QuickBooks Relocation,"The Integrations settings section is present and hosts QuickBooks, IBS and Open API",Deviation/Finding,Deviation-vs-old-case: Integrations IS present in build (old case said removed),settingsIntegrations gates IBS/Open API/QuickBooks; the Settings 'Integrations' sub-toggle exists. Integrations is present in the build.
26532,https://shopview.testrail.io/index.php?/cases/view/26532,3552,User Feedback Strings,Create success message wording,VIU-Verified,Verified-Label (build),'Role created successfully.' confirmed in build.
26533,https://shopview.testrail.io/index.php?/cases/view/26533,3552,User Feedback Strings,Update success message wording,VIU-Verified,Verified-Label (build),'Role updated successfully.' confirmed in build.
26534,https://shopview.testrail.io/index.php?/cases/view/26534,3552,User Feedback Strings,Deleting a custom role with 0 users shows a confirmation dialog,VIU-Verified,VIU-Verified,"UI: deleting a 0-user custom role opens dialog ""Confirmation — Are you sure you want to delete this role? This action cannot be undone."" [Cancel|Delete]. screenshot delete-confirm-dialog."
26535,https://shopview.testrail.io/index.php?/cases/view/26535,3552,User Feedback Strings,Deleting a custom role that has users is blocked,VIU-Verified,VIU-Verified,"UI: a custom role with users (Parth Cust1, 1 user) has no Delete option in its 3-dot menu — deletion is blocked."
26536,https://shopview.testrail.io/index.php?/cases/view/26536,3552,User Feedback Strings,Turning See Financial Data on shows a confirmation dialog,VIU-Verified,Verified-Label (build),'Enable See Financial Data?' + Cancel/Enable confirmed in build (FinancialDataConfirmModal).
26537,https://shopview.testrail.io/index.php?/cases/view/26537,3552,User Feedback Strings,Creating a role with no name is blocked with a required-field error,VIU-Verified,VIU-Verified,"UI: creating a role with no name is blocked — Create disabled and inline ""Role name is a required field"" error when the field is touched/cleared."
26538,https://shopview.testrail.io/index.php?/cases/view/26538,3552,User Feedback Strings,Creating a role with the same permissions as an existing role shows a 'similar role' warning,VIU-Verified,VIU-Verified,"UI: creating a role with the same permissions as an existing role shows ""Similar role already exists"" warning with ""Create Anyway"" (SimilarRoleWarningModal, keyed on identical permissions)."
26539,https://shopview.testrail.io/index.php?/cases/view/26539,3552,User Feedback Strings,Reassigning a staff member's role updates the row with no success message (billing note in the window),Blocked-UI,Blocked-UI (needs live Staff page); billing note not re-captured this pass,No-toast-on-reassign + billing note need live Staff page (EditStaffMember chunk not fetched).
26540,https://shopview.testrail.io/index.php?/cases/view/26540,3553,Cross-Permission Combinations,A role with all permissions off blocks the user from every feature,Blocked-UI,Blocked-UI (needs live role editor / roles list),Needs seeded role.
26541,https://shopview.testrail.io/index.php?/cases/view/26541,3553,Cross-Permission Combinations,A role with all permissions on behaves like Administrator but is still a custom role,Blocked-UI,Blocked-UI (needs live role editor / roles list),Needs seeded role.
26542,https://shopview.testrail.io/index.php?/cases/view/26542,3553,Cross-Permission Combinations,A system role cannot be deleted,VIU-Verified,Roles-API-Verified (all system roles deletable=false),deletable=false for all system roles (live roles API).
26543,https://shopview.testrail.io/index.php?/cases/view/26543,3553,Cross-Permission Combinations,Only Office User and Time Clock User are non-editable; every other system role (including Administrator) is editable,VIU-Verified,Roles-API-Verified (editable flags match live),Live roles API: Office User & Time Clock User editable=false; all others (incl. Administrator) editable=true.
26544,https://shopview.testrail.io/index.php?/cases/view/26544,3553,Cross-Permission Combinations,Being unable to open Customers does not stop a user from picking a customer when creating a work order,Blocked-UI,Blocked-UI (needs live role editor / roles list),Needs seeded role.
26545,https://shopview.testrail.io/index.php?/cases/view/26545,3553,Cross-Permission Combinations,A Page Access toggle that is off overrides the add/edit/delete boxes inside it,Blocked-UI,Blocked-UI (needs live role editor / roles list),Needs seeded role.
26548,https://shopview.testrail.io/index.php?/cases/view/26548,3553,Cross-Permission Combinations,View off with Create & Edit on is prevented by the tick-cascade,Blocked-UI,Blocked-UI (needs live editor); cascade rule,Needs live editor; matches cascade rules.
26549,https://shopview.testrail.io/index.php?/cases/view/26549,3553,Cross-Permission Combinations,AP/AR OFF hides the sensitive customer fields on both the Edit Customer window and the customer overview,VIU-Verified,VIU-Verified,UI: AP/AR Data OFF hides the sensitive customer fields on the Edit Customer modal (and the financial tabs on the customer overview) — confirmed via Service Advisor (off) vs CustAPAR (on).
26550,https://shopview.testrail.io/index.php?/cases/view/26550,3553,Cross-Permission Combinations,The last Administrator cannot be left with zero users,Blocked-UI,Blocked-UI (needs live role editor / roles list),Needs live UI; invariant to confirm.
26551,https://shopview.testrail.io/index.php?/cases/view/26551,3553,Cross-Permission Combinations,Universal clock in/out works even for a user whose role has (almost) no permissions,VIU-Verified,VIU-Verified,UI: the Time Clock User role (only 3 perms: scheduleView/timesheetsView/workOrdersView) still shows the universal Clock In control — universal clock in is not gated by role/permissions.
