Report,Case ID,TestRail Link,Title,Source cited BEFORE,Source cited NOW,refs version BEFORE,refs version NOW,Requirements cited now,Anchor quote-verified against the LIVE spec body,Changed this pass,Could not be sourced / note
SBC,C30096,https://shopview.testrail.io/index.php?/cases/view/30096,"Sales By Customer listed under Performance, below existing links; titles correct",SBC spec v15,SBC spec v16,(none named),(none named),S1-R1; S1-R3; S1-R4,YES - all exist in live v16,yes,
SBC,C30098,https://shopview.testrail.io/index.php?/cases/view/30098,Ordinary reports access opens Sales By Customer — no separate permission,SBC spec v15,SBC spec v16,(none named),(none named),S1-R2,YES - all exist in live v16,yes,
SBC,C30099,https://shopview.testrail.io/index.php?/cases/view/30099,"Without reports access, Sales By Customer is not listed and cannot open",SBC spec v15,SBC spec v16,(none named),(none named),S1-N1,YES - all exist in live v16,yes,
SBC,C30100,https://shopview.testrail.io/index.php?/cases/view/30100,Opening an invoice you lack permission for shows access-denied; back works,SBC spec v15,SBC spec v16,v13,v16,S9-N2; S9-R1a,YES - all exist in live v16,yes,
SBC,C30101,https://shopview.testrail.io/index.php?/cases/view/30101,Location access enforced: no data from a location the user cannot access,SBC spec v15,SBC spec v16,v13,v16,S4-N1; S4-R7; S4-R8; S4-R9,YES - all exist in live v16,yes,
SBC,C30102,https://shopview.testrail.io/index.php?/cases/view/30102,"Date range picker offers nine periods in the specified order, no All Time",SBC spec v15,SBC spec v16,v13,v16,S2-R1; S2-R2,YES - all exist in live v16,yes,
SBC,C30104,https://shopview.testrail.io/index.php?/cases/view/30104,Building a custom range on the calendar cannot exceed a 366-day span,SBC spec v15,SBC spec v16,v13,v16,S2-N2; S2-R3; S2-R4,YES - all exist in live v16,yes,
SBC,C30105,https://shopview.testrail.io/index.php?/cases/view/30105,Changing the date range writes it into the page link for sharing,SBC spec v15,SBC spec v16,v13,v16,S2-R6; S2-R9,YES - all exist in live v16,yes,
SBC,C30107,https://shopview.testrail.io/index.php?/cases/view/30107,Product Type: three options with Parts & Service default; S/P prefix filtering,SBC spec v15,SBC spec v16,v13,v16,S3-R1; S3-R2; S3-R3; S3-R4; S3-R5; S3-R6,YES - all exist in live v16,yes,
SBC,C30109,https://shopview.testrail.io/index.php?/cases/view/30109,"Location filter: rightmost, lists accessible locations, All locations on top",SBC spec v15,SBC spec v16,(none named),(none named),S4-R1; S4-R2; S4-R3,YES - all exist in live v16,yes,
SBC,C30111,https://shopview.testrail.io/index.php?/cases/view/30111,Selecting locations scopes the data; All locations covers every accessible one,SBC spec v15,SBC spec v16,(none named),(none named),S4-R5; S4-R6,YES - all exist in live v16,yes,unwarranted divergence hedge removed - S4-R5/S4-R6 agree outright
SBC,C30112,https://shopview.testrail.io/index.php?/cases/view/30112,"Customer filter sits between Product Type and Location, carries a search icon",SBC spec v15,SBC spec v16,v13,v16,S18-R1; S18-R2,YES - all exist in live v16,yes,
SBC,C30113,https://shopview.testrail.io/index.php?/cases/view/30113,Typing in the Customer filter lists matching customers by contains match,SBC spec v15,SBC spec v16,v13,v16,S18-R2,YES - all exist in live v16,yes,
SBC,C30114,https://shopview.testrail.io/index.php?/cases/view/30114,Pinned control toggles All customers and Clear all; clearing shows empty state,SBC spec v15,SBC spec v16,v15,v16,S17-E1; S18-N1; S18-R3,YES - all exist in live v16,yes,
SBC,C30115,https://shopview.testrail.io/index.php?/cases/view/30115,First load starts in the all-customers state and the report shows every customer,SBC spec v15,SBC spec v16,v13,v16,S18-E1; S18-R4; S18-R5; S18-R9,YES - all exist in live v16,yes,
SBC,C30116,https://shopview.testrail.io/index.php?/cases/view/30116,"Collapsed label reads None, the customer's name, or N selected",SBC spec v15,SBC spec v16,v13,v16,S18-R5,YES - all exist in live v16,yes,
SBC,C30117,https://shopview.testrail.io/index.php?/cases/view/30117,Changing the customer selection narrows the table and refreshes the totals,SBC spec v15,SBC spec v16,v13,v16,S18-R11; S18-R5,YES - all exist in live v16,yes,
SBC,C30120,https://shopview.testrail.io/index.php?/cases/view/30120,A subset customer selection reconciles on a filter change; kept if present,SBC spec v15,SBC spec v16,v13,v16,S18-E1; S18-R9,YES - all exist in live v16,yes,
SBC,C30121,https://shopview.testrail.io/index.php?/cases/view/30121,Each customer gets one summary row with its invoice count in parentheses,SBC spec v15,SBC spec v16,v13,v16,S7-R1; S7-R2; S7-R3; S7-R4; S7-R5,YES - all exist in live v16,yes,
SBC,C30122,https://shopview.testrail.io/index.php?/cases/view/30122,A customer with no matching invoices in the current view is not shown,SBC spec v15,SBC spec v16,v13,v16,S7-N1,YES - all exist in live v16,yes,
SBC,C30123,https://shopview.testrail.io/index.php?/cases/view/30123,Expanding a customer reveals asset rows; chevrons toggle and are independent,SBC spec v15,SBC spec v16,v13,v16,S8-R1; S8-R15; S8-R2; S8-R5; S8-R5a; S8-R5b; S8-R5c,YES - all exist in live v16,yes,
SBC,C30124,https://shopview.testrail.io/index.php?/cases/view/30124,Expanding an asset reveals its invoice rows with number link and date,SBC spec v15,SBC spec v16,v13,v16,S20-R14; S8-R12; S8-R12a; S8-R4,YES - all exist in live v16,yes,
SBC,C30125,https://shopview.testrail.io/index.php?/cases/view/30125,Invoices group into one asset row per vehicle record,SBC spec v15,SBC spec v16,v13,v16,S8-R3,YES - all exist in live v16,yes,
SBC,C30126,https://shopview.testrail.io/index.php?/cases/view/30126,Asset rows order A to Z with the Parts Sales bucket always last,SBC spec v15,SBC spec v16,v13,v16,S10-R6; S8-R6; S8-R6a,YES - all exist in live v16,yes,
SBC,C30128,https://shopview.testrail.io/index.php?/cases/view/30128,Header-row chevron expands or collapses every customer on the current page,SBC spec v15,SBC spec v16,v13,v16,S8-R16; S8-R17; S8-R18; S8-R19,YES - all exist in live v16,yes,
SBC,C30129,https://shopview.testrail.io/index.php?/cases/view/30129,Reload-causing changes collapse expansion; Customer filter typing does not,SBC spec v15,SBC spec v16,v13,v16,S10-R8a; S10-R8b; S10-R8c; S8-R20; S8-R21,YES - all exist in live v16,yes,
SBC,C30130,https://shopview.testrail.io/index.php?/cases/view/30130,Edge: a single-invoice asset can still be expanded,SBC spec v15,SBC spec v16,v13,v16,S8-E1; S8-E2,YES - all exist in live v16,yes,
SBC,C30131,https://shopview.testrail.io/index.php?/cases/view/30131,A service (S) invoice with no vehicle also lands in the Parts Sales bucket,SBC spec v15,SBC spec v16,v13,v16,S8-E3,YES - all exist in live v16,yes,
SBC,C30132,https://shopview.testrail.io/index.php?/cases/view/30132,Reversed and voided invoices are excluded from every row; count and total,SBC spec v15,SBC spec v16,v13,v16,S7-N2; S7-R7,YES - all exist in live v16,yes,
SBC,C30133,https://shopview.testrail.io/index.php?/cases/view/30133,Every row type renders the same columns in the same order,SBC spec v15,SBC spec v16,v13,v16,S7-R10; S7-R15; S7-R16; S7-R8; S7-R9,YES - all exist in live v16,yes,
SBC,C30134,https://shopview.testrail.io/index.php?/cases/view/30134,"Asset identified by VIN, falling back to Unit #, then plate",SBC spec v15,SBC spec v16,(none named),(none named),S8-R10; S8-R7; S8-R8; S8-R9,YES - all exist in live v16,yes,
SBC,C30137,https://shopview.testrail.io/index.php?/cases/view/30137,Duplicate asset labels get stable (#1)/(#2) suffixes that survive reloads,SBC spec v15,SBC spec v16,v13,v16,S8-R11,YES - all exist in live v16,yes,
SBC,C30138,https://shopview.testrail.io/index.php?/cases/view/30138,The invoice number opens the invoice in the same browser tab,SBC spec v15,SBC spec v16,v13,v16,S9-R1; S9-R2; S9-R2a; S9-R2b,YES - all exist in live v16,yes,
SBC,C30139,https://shopview.testrail.io/index.php?/cases/view/30139,Browser back from an invoice restores filters; sort and columns; rows shut,SBC spec v15,SBC spec v16,v13,v16,S9-R3; S9-R4,YES - all exist in live v16,yes,
SBC,C30140,https://shopview.testrail.io/index.php?/cases/view/30140,Customer name is plain text; the invoice link never turns visited-purple,SBC spec v15,SBC spec v16,v13,v16,S9-R5; S9-R6; S9-R7; S9-R8,YES - all exist in live v16,yes,
SBC,C30141,https://shopview.testrail.io/index.php?/cases/view/30141,An invoice deleted after load shows the not-found state and back returns,SBC spec v15,SBC spec v16,v13,v16,S9-N1,YES - all exist in live v16,yes,
SBC,C30142,https://shopview.testrail.io/index.php?/cases/view/30142,"All columns sortable except chevron; text alphabetical, numbers by value",SBC spec v15,SBC spec v16,v13,v16,S10-R1; S10-R2; S10-R6,YES - all exist in live v16,yes,
SBC,C30143,https://shopview.testrail.io/index.php?/cases/view/30143,Default sort is Customer name ascending case-insensitive,SBC spec v15,SBC spec v16,v13,v16,S10-R4; S10-R7,YES - all exist in live v16,yes,
SBC,C30144,https://shopview.testrail.io/index.php?/cases/view/30144,Missing values sort to the bottom ascending and to the top descending,SBC spec v15,SBC spec v16,v13,v16,S10-R3,YES - all exist in live v16,yes,
SBC,C30145,https://shopview.testrail.io/index.php?/cases/view/30145,Sorting by Date orders customers by their most recent invoice date,SBC spec v15,SBC spec v16,v13,v16,S10-R5,YES - all exist in live v16,yes,
SBC,C30149,https://shopview.testrail.io/index.php?/cases/view/30149,Financial columns run in the specified order with Subtotal and Margin rules,SBC spec v15,SBC spec v16,v13,v16,S11-R1; S20-R19; S4-R12; S7-R6,YES - all exist in live v16,yes,
SBC,C30150,https://shopview.testrail.io/index.php?/cases/view/30150,Margin % is Margin over Subtotal to one decimal; em dash when Subtotal <= 0,SBC spec v15,SBC spec v16,v13,v16,S7-R11; S7-R12; S7-R13; S7-R14,YES - all exist in live v16,yes,
SBC,C30151,https://shopview.testrail.io/index.php?/cases/view/30151,Inv. Hrs heading is verbatim; value shows +green / -red / 0.0 on every row,SBC spec v15,SBC spec v16,v13,v16,S12-R1; S12-R2; S12-R3; S12-R4; S12-R5; S12-R6,YES - all exist in live v16,yes,
SBC,C30152,https://shopview.testrail.io/index.php?/cases/view/30152,Inv. Hrs is never blank: no-labor rows and near-zero values both show 0.0,SBC spec v15,SBC spec v16,v13,v16,S12-E1; S12-E2; S12-N1,YES - all exist in live v16,yes,
SBC,C30153,https://shopview.testrail.io/index.php?/cases/view/30153,Invoice subtotals sum to their asset row and asset subtotals to the customer,SBC spec v15,SBC spec v16,v13,v16,S8-R13,YES - all exist in live v16,yes,
SBC,C30154,https://shopview.testrail.io/index.php?/cases/view/30154,Subtotal is the rightmost column; pinned on scroll and bold everywhere,SBC spec v15,SBC spec v16,v13,v16,S11-N1; S11-R1; S11-R2; S11-R3,YES - all exist in live v16,yes,
SBC,C30155,https://shopview.testrail.io/index.php?/cases/view/30155,The totals row covers the whole filtered set; not just the current page,SBC spec v15,SBC spec v16,v13,v16,S18-R6,YES - all exist in live v16,yes,
SBC,C30156,https://shopview.testrail.io/index.php?/cases/view/30156,Column selector is its own toolbar button with nine toggles all on,SBC spec v15,SBC spec v16,v13,v16,S13-R1; S13-R2; S13-R3; S13-R4; S13-R7; S4-R12; S4-R13,YES - all exist in live v16,yes,
SBC,C30157,https://shopview.testrail.io/index.php?/cases/view/30157,"Column toggles hide header+cells; Customer, Subtotal and chevron never in list",SBC spec v15,SBC spec v16,v13,v16,S13-N1; S13-R5; S13-R6,YES - all exist in live v16,yes,
SBC,C30159,https://shopview.testrail.io/index.php?/cases/view/30159,The overflow menu holds exactly the four download items - no Print,SBC spec v15,SBC spec v16,v13,v16,S14-R1; S14-R2; S15-R1; S15-R2; S20-R16,YES - all exist in live v16,yes,
SBC,C30160,https://shopview.testrail.io/index.php?/cases/view/30160,Download file names carry the version and the active date range,SBC spec v15,SBC spec v16,v13,v16,S14-R14; S14-R15; S15-R6,YES - all exist in live v16,yes,
SBC,C30161,https://shopview.testrail.io/index.php?/cases/view/30161,"Expanded View CSV: column order, blank-cell rules, and the Locations line",SBC spec v15,SBC spec v16,v13,v16,S14-R13; S14-R5; S14-R6; S14-R7; S14-R8; S4-R13,YES - all exist in live v16,yes,
SBC,C30162,https://shopview.testrail.io/index.php?/cases/view/30162,CSV formats: Margin % plain; dates mm-dd-yyyy; currency plain; no color,SBC spec v15,SBC spec v16,v13,v16,S14-R10; S14-R11; S14-R12; S14-R13; S14-R9,YES - all exist in live v16,yes,
SBC,C30163,https://shopview.testrail.io/index.php?/cases/view/30163,CSV and PDF hold exactly the customers matching the active filters and sort,SBC spec v15,SBC spec v16,v13,v16,S14-R3; S15-R3; S18-R7; S2-R7; S3-R7; S4-R10,YES - all exist in live v16,yes,
SBC,C30164,https://shopview.testrail.io/index.php?/cases/view/30164,Each download item shows a loading state and its own export-failed toast,SBC spec v15,SBC spec v16,v13,v16,S14-E1; S14-N1; S15-E1; S15-N1,YES - all exist in live v16,yes,
SBC,C30166,https://shopview.testrail.io/index.php?/cases/view/30166,"PDF page: A4 landscape, uniform margins, ShopView footer and page numbers",SBC spec v15,SBC spec v16,v13,v16,S15-R5; S15-R6; S15-R7; S15-R8,YES - all exist in live v16,yes,
SBC,C30167,https://shopview.testrail.io/index.php?/cases/view/30167,"PDF header: title, organization, date range, Product Type and Locations lines",SBC spec v15,SBC spec v16,v13,v16,S15-R10; S15-R11; S15-R14; S15-R7; S15-R8; S15-R9; S4-R13,YES - all exist in live v16,yes,unwarranted divergence hedge removed - S15-R7..R11/S15-R14/S4-R13 agree outright
SBC,C30168,https://shopview.testrail.io/index.php?/cases/view/30168,"PDF logo is embedded, scales without distortion",SBC spec v15,SBC spec v16,v13,v16,S15-R12; S15-R13; S15-R14; S15-R15; S15-R16; S15-R17; S15-R18,YES - all exist in live v16,yes,
SBC,C30169,https://shopview.testrail.io/index.php?/cases/view/30169,Expanded View PDF body matches the CSV's columns and on-screen rules,SBC spec v15,SBC spec v16,v13,v16,S15-R13; S15-R19; S15-R20; S15-R21; S15-R22; S15-R23; S15-R24; S15-R5; S4-R13,YES - all exist in live v16,yes,
SBC,C30172,https://shopview.testrail.io/index.php?/cases/view/30172,"An export over 10,000 data rows is refused with the too-large toast",SBC spec v15,SBC spec v16,v13,v16,S14-R14; S14-R16; S15-R22; S15-R25,YES - all exist in live v16,yes,unwarranted divergence hedge removed - S14-R16/S15-R25 state the cap in the SBC spec itself
SBC,C30173,https://shopview.testrail.io/index.php?/cases/view/30173,A no-match export still downloads headers and a zero totals row,SBC spec v15,SBC spec v16,v15,v16,S18-R10,YES - all exist in live v16,yes,
SBC,C30174,https://shopview.testrail.io/index.php?/cases/view/30174,Filters; sort and visible columns are restored on the next visit,SBC spec v15,SBC spec v16,v13,v16,S10-R9; S13-R8; S2-R8; S3-R8; S4-R11; S6-R1; S6-R2; S6-R4,YES - all exist in live v16,yes,
SBC,C30175,https://shopview.testrail.io/index.php?/cases/view/30175,"Type-ahead search text, expansion state and scroll position are not saved",SBC spec v15,SBC spec v16,v13,v16,S6-R3; S8-R22,YES - all exist in live v16,yes,
SBC,C30176,https://shopview.testrail.io/index.php?/cases/view/30176,A saved value that is no longer valid is dropped and falls back to default,SBC spec v15,SBC spec v16,v13,v16,S6-R5; S6-R6,YES - all exist in live v16,yes,
SBC,C30177,https://shopview.testrail.io/index.php?/cases/view/30177,The saved view is specific to this report and does not affect any other report,SBC spec v15,SBC spec v16,v13,v16,S6-R7,YES - all exist in live v16,yes,
SBC,C30178,https://shopview.testrail.io/index.php?/cases/view/30178,With no saved view every setting uses its own default,SBC spec v15,SBC spec v16,v13,v16,S2-R5; S4-R4; S6-N1,YES - all exist in live v16,yes,
SBC,C30179,https://shopview.testrail.io/index.php?/cases/view/30179,When a saved view and a page-link range clash the saved view wins,SBC spec v15,SBC spec v16,v13,v16,S2-R9,YES - all exist in live v16,yes,
SBC,C30180,https://shopview.testrail.io/index.php?/cases/view/30180,Customer filter restore: all-customers stays all; an id set is intersected,SBC spec v15,SBC spec v16,v13,v16,S18-R8,YES - all exist in live v16,yes,
SBC,C30181,https://shopview.testrail.io/index.php?/cases/view/30181,Empty state shows in the table body; toolbar interactive; kept selection returns,SBC spec v15,SBC spec v16,v13,v16,S17-E1; S17-N1; S17-R1; S17-R2; S17-R3; S2-N1; S3-N1; S4-N2; S8-N1,YES - all exist in live v16,yes,
SBC,C30184,https://shopview.testrail.io/index.php?/cases/view/30184,A failed data fetch shows the error toast which fades after 5 seconds,SBC spec v15,SBC spec v16,(none named),(none named),(section-level),YES - section located in live v16,yes,
SBC,C30185,https://shopview.testrail.io/index.php?/cases/view/30185,Page and toolbar match the suite theme in padding; surface and alignment,SBC spec v15,SBC spec v16,v13,v16,S20-R1; S20-R12; S20-R13; S20-R15; S20-R17; S20-R2; S20-R3; S20-R4; S20-R5; S20-R6; S20-R7,YES - all exist in live v16,yes,
SBC,C30186,https://shopview.testrail.io/index.php?/cases/view/30186,Row surfaces alternate by tree level; header and totals rows stay white,SBC spec v15,SBC spec v16,v13,v16,S20-R10; S20-R11; S20-R14; S20-R8; S20-R9,YES - all exist in live v16,yes,
SBC,C30187,https://shopview.testrail.io/index.php?/cases/view/30187,Dark mode darkens every surface while the PDF always renders light,SBC spec v15,SBC spec v16,v13,v16,S20-R18,YES - all exist in live v16,yes,
SBC,C30188,https://shopview.testrail.io/index.php?/cases/view/30188,On a phone every toolbar control works on touch; the toolbar splits in two,SBC spec v15,SBC spec v16,v13,v16,S21-R1; S21-R2; S21-R3,YES - all exist in live v16,yes,
SBC,C30189,https://shopview.testrail.io/index.php?/cases/view/30189,On touch the table scrolls sideways with Subtotal pinned and chevrons work,SBC spec v15,SBC spec v16,v13,v16,S21-R4; S21-R5; S21-R6,YES - all exist in live v16,yes,
SBC,C30190,https://shopview.testrail.io/index.php?/cases/view/30190,Asset and invoice rows are fetched on first expand; one call per customer,SBC spec v15,SBC spec v16,v13,v16,S8-R14; S8-R16,YES - all exist in live v16,yes,
SBC,C30191,https://shopview.testrail.io/index.php?/cases/view/30191,Sorting is applied on the server and re-fetches the first page,SBC spec v15,SBC spec v16,v13,v16,S10-R8; S10-R8b,YES - all exist in live v16,yes,
SBC,C30192,https://shopview.testrail.io/index.php?/cases/view/30192,The Customer type-ahead queries the server instead of loading every name,SBC spec v15,SBC spec v16,v13,v16,S18-R2; S18-R4,YES - all exist in live v16,yes,
SBC,C30193,https://shopview.testrail.io/index.php?/cases/view/30193,Customer rows are server-paginated; the totals row is server-computed,SBC spec v15,SBC spec v16,v13,v16,S18-R11; S18-R6,YES - all exist in live v16,yes,
SBC,C30194,https://shopview.testrail.io/index.php?/cases/view/30194,"Exports are server-generated and the 10,000-row cap is counted first",SBC spec v15,SBC spec v16,v13,v16,S14-R14; S14-R3; S15-R22; S15-R3,YES - all exist in live v16,yes,
SBC,C38856,https://shopview.testrail.io/index.php?/cases/view/38856,Summary and Expanded View downloads exist for both PDF and CSV,SBC spec v15,SBC spec v16,v13,v16,S14-R1; S14-R2; S14-R4; S15-R1; S15-R2; S15-R4; S15-R5; S4-R13,YES - all exist in live v16,yes,
SBC,C38912,https://shopview.testrail.io/index.php?/cases/view/38912,"Location column: shown to any multi-location user, Multiple on aggregating rows",SBC spec v16,SBC spec v16,v16,v16,S20-R19; S4-R12; S4-R12a; S4-R13,YES - all exist in live v16,no - already current,
SBC,C39447,https://shopview.testrail.io/index.php?/cases/view/39447,No Sales By Customer permission is offered in the role permission editor,SBC spec v15,SBC spec v16,(none named),(none named),S1-R2,YES - all exist in live v16,yes,
SBC,C43546,https://shopview.testrail.io/index.php?/cases/view/43546,The back end serves SBC report data and export on ordinary reports access,SBC spec v15,SBC spec v16,v13,v16,S1-N1; S1-R2,YES - all exist in live v16,yes,
SBC,C43550,https://shopview.testrail.io/index.php?/cases/view/43550,A one-location user never sees Location in the column-selection list,SBC spec v15,SBC spec v16,v13,v16,S10-R4; S4-R12; S4-R3,YES - all exist in live v16,yes,
SBC,C43553,https://shopview.testrail.io/index.php?/cases/view/43553,A logo that is set but will not load falls back to the ShopView logo,SBC spec v15,SBC spec v16,v13,v16,S15-R17,YES - all exist in live v16,yes,
SBC,C43558,https://shopview.testrail.io/index.php?/cases/view/43558,You cannot reach an invoice you have no permission to open,SBC spec v15,SBC spec v16,v15,v16,S9-N2; S9-R1a,YES - all exist in live v16,yes,
TU,C30392,https://shopview.testrail.io/index.php?/cases/view/30392,"Technician Utilization sits under Performance, below existing report links",TU spec v6,TU spec v7,(none named),(none named),S1-R1,YES - all exist in live v7,yes,
TU,C30393,https://shopview.testrail.io/index.php?/cases/view/30393,One row per technician who clocked time in the range at those locations,TU spec v6,TU spec v7,v5,v7,S1-R2,YES - all exist in live v7,yes,
TU,C30394,https://shopview.testrail.io/index.php?/cases/view/30394,First visit defaults to the This Month preset and the user's active location,TU spec v6,TU spec v7,v5,v7,S1-R3; S1-R6; S9-R2,YES - all exist in live v7,yes,
TU,C30395,https://shopview.testrail.io/index.php?/cases/view/30395,Changing the date range reloads the rows; a Custom range is capped at 366 days,TU spec v6,TU spec v7,v5,v7,S1-R4; S1-R5,YES - all exist in live v7,yes,
TU,C30396,https://shopview.testrail.io/index.php?/cases/view/30396,The loading indicator shows on load and reload; rows swap only on data,TU spec v6,TU spec v7,v5,v7,S1-R10,YES - all exist in live v7,yes,
TU,C30397,https://shopview.testrail.io/index.php?/cases/view/30397,All clock records are day-grouped and windowed in one report-level time zone,TU spec v6,TU spec v7,v5,v7,S1-R7,YES - all exist in live v7,yes,
TU,C30398,https://shopview.testrail.io/index.php?/cases/view/30398,Without reports access Technician Utilization is hidden,TU spec v6,TU spec v7,(none named),v7,S1-N1,YES - all exist in live v7,yes,refs claimed Chris still owed a spec edit; TU v7 Story 1 now states the single reports permission
TU,C30399,https://shopview.testrail.io/index.php?/cases/view/30399,Standard no-data message when no time in scope or all technicians cleared,TU spec v6,TU spec v7,v5,v7,S1-N2; S3-N1; S5-N1; S9-N2,YES - all exist in live v7,yes,
TU,C30401,https://shopview.testrail.io/index.php?/cases/view/30401,"Headers in fixed order; Total, WO and Internal Hours show clocked hours (2 dp)",TU spec v6,TU spec v7,v5,v7,S2-R1; S2-R2; S2-R3; S2-R4; S2-R5; S9-R9,YES - all exist in live v7,yes,
TU,C30402,https://shopview.testrail.io/index.php?/cases/view/30402,Utilization % is WO hours over total hours from unrounded values,TU spec v6,TU spec v7,v5,v7,S2-R6; S2-R7,YES - all exist in live v7,yes,
TU,C30403,https://shopview.testrail.io/index.php?/cases/view/30403,A technician with only internal hours shows 0.0% utilization,TU spec v6,TU spec v7,v5,v7,S2-E1; S2-R7,YES - all exist in live v7,yes,
TU,C30404,https://shopview.testrail.io/index.php?/cases/view/30404,Est. Lost Labor values internal hours at each location's default rate,TU spec v6,TU spec v7,v5,v7,S2-R8; S2-R9,YES - all exist in live v7,yes,
TU,C30405,https://shopview.testrail.io/index.php?/cases/view/30405,"Est. Lost Labor, when shown, is pinned right and bold with the info icon",TU spec v6,TU spec v7,v5,v7,S10-R3; S2-R10; S2-R11; S8-N1; S8-R4; S8-R6; S8-R7,YES - all exist in live v7,yes,
TU,C30406,https://shopview.testrail.io/index.php?/cases/view/30406,"Zero internal hours - or a configured $0.00 rate - shows $0.00, never an em-dash",TU spec v6,TU spec v7,v5,v7,S2-E2,YES - all exist in live v7,yes,
TU,C30407,https://shopview.testrail.io/index.php?/cases/view/30407,Internal hours with no default labor rate anywhere show an em-dash,TU spec v6,TU spec v7,v5,v7,S2-E3; S2-R4; S8-R11,YES - all exist in live v7,yes,
TU,C30408,https://shopview.testrail.io/index.php?/cases/view/30408,Internal hours split across rated and unrated locations show a part value,TU spec v6,TU spec v7,v5,v7,S2-E4,YES - all exist in live v7,yes,
TU,C30409,https://shopview.testrail.io/index.php?/cases/view/30409,On load rows sort by Technician A to Z with the ascending indicator,TU spec v6,TU spec v7,v5,v7,S2-R12; S8-R10; S8-R8,YES - all exist in live v7,yes,
TU,C30410,https://shopview.testrail.io/index.php?/cases/view/30410,"All six columns sort on screen: ascending first, toggling with no third state",TU spec v7,TU spec v7,v5,v7,S2-R13; S2-R14,YES - all exist in live v7,yes,
TU,C30411,https://shopview.testrail.io/index.php?/cases/view/30411,A data reload resets the sort to Technician A to Z,TU spec v6,TU spec v7,v5,v7,S2-R15,YES - all exist in live v7,yes,
TU,C30412,https://shopview.testrail.io/index.php?/cases/view/30412,Sorting reorders only the technician rows,TU spec v6,TU spec v7,v5,v7,S2-R16,YES - all exist in live v7,yes,
TU,C30413,https://shopview.testrail.io/index.php?/cases/view/30413,Sorting Est. Lost Labor keeps em-dash rows last both ways; $0.00 sorts as 0,TU spec v6,TU spec v7,v5,v7,S2-R17,YES - all exist in live v7,yes,
TU,C30414,https://shopview.testrail.io/index.php?/cases/view/30414,"A pinned Summary row labeled Summary sits at the bottom, stays visible on scroll",TU spec v6,TU spec v7,v5,v7,S3-R1; S3-R2; S3-R6; S3-R7; S8-R5,YES - all exist in live v7,yes,
TU,C30415,https://shopview.testrail.io/index.php?/cases/view/30415,Summary totals visible technicians from unrounded hours; 0.01 drift expected,TU spec v6,TU spec v7,v5,v7,S3-R3; S5-E1,YES - all exist in live v7,yes,
TU,C30416,https://shopview.testrail.io/index.php?/cases/view/30416,Summary Utilization % is the weighted rate; not an average of the rows,TU spec v6,TU spec v7,v5,v7,S3-R4,YES - all exist in live v7,yes,
TU,C30417,https://shopview.testrail.io/index.php?/cases/view/30417,Summary Est. Lost Labor sums rated contributions; em-dash only if all are,TU spec v6,TU spec v7,v5,v7,S3-R5,YES - all exist in live v7,yes,
TU,C30418,https://shopview.testrail.io/index.php?/cases/view/30418,Each technician row has an accessible expand/collapse control,TU spec v7,TU spec v7,v5,v7,S4-R1; S8-R12,YES - all exist in live v7,yes,
TU,C30419,https://shopview.testrail.io/index.php?/cases/view/30419,"Expanding shows one row per clocked day in date order, loaded on demand",TU spec v6,TU spec v7,v5,v7,S4-N1; S4-R2; S9-R4,YES - all exist in live v7,yes,
TU,C30420,https://shopview.testrail.io/index.php?/cases/view/30420,Day rows use the same columns and formats as the technician rows,TU spec v6,TU spec v7,v5,v7,S2-R8; S4-R3,YES - all exist in live v7,yes,
TU,C30421,https://shopview.testrail.io/index.php?/cases/view/30421,One control in the table header expands or collapses all technician rows,TU spec v6,TU spec v7,v5,v7,S4-R4; S8-R12; S8-R3,YES - all exist in live v7,yes,
TU,C30422,https://shopview.testrail.io/index.php?/cases/view/30422,Expansion state is view-only: it resets on any reload and fresh visit,TU spec v6,TU spec v7,v5,v7,S4-R5,YES - all exist in live v7,yes,
TU,C30423,https://shopview.testrail.io/index.php?/cases/view/30423,Filter by Technician starts with every technician selected on a first visit,TU spec v7,TU spec v7,v5,v7,S5-R1; S5-R2,YES - all exist in live v7,yes,
TU,C30424,https://shopview.testrail.io/index.php?/cases/view/30424,Deselecting a technician hides the row and recalculates the Summary,TU spec v7,TU spec v7,v5,v7,S5-R3; S5-R4; S5-R5,YES - all exist in live v7,yes,
TU,C30425,https://shopview.testrail.io/index.php?/cases/view/30425,All technicians and Clear all controls set every technician on or off,TU spec v6,TU spec v7,v5,v7,S5-R6; S5-R7; S5-R8; S5-R9,YES - all exist in live v7,yes,
TU,C30426,https://shopview.testrail.io/index.php?/cases/view/30426,Previously deselected technicians stay deselected on the next visit,TU spec v6,TU spec v7,v5,v7,S1-R8; S5-R10,YES - all exist in live v7,yes,
TU,C30428,https://shopview.testrail.io/index.php?/cases/view/30428,Total Hours is a real link with a non-color affordance and keyboard access,TU spec v6,TU spec v7,v5,v7,S6-N1; S6-R1; S8-R14,YES - all exist in live v7,yes,
TU,C30429,https://shopview.testrail.io/index.php?/cases/view/30429,The Total Hours link opens Timesheet Activities in the same tab,TU spec v6,TU spec v7,v5,v7,S6-R2; S6-R3; S6-R4,YES - all exist in live v7,yes,
TU,C30430,https://shopview.testrail.io/index.php?/cases/view/30430,"Same range, single location, closed records: Total Hours matches Timesheet",TU spec v6,TU spec v7,v5,v7,S1-R9,YES - all exist in live v7,yes,
TU,C30431,https://shopview.testrail.io/index.php?/cases/view/30431,Reconcile exception (a): an open clock is snapshotted at each load instant,TU spec v6,TU spec v7,v5,v7,S1-E1; S1-R9,YES - all exist in live v7,yes,
TU,C30432,https://shopview.testrail.io/index.php?/cases/view/30432,Reconciliation exception (b): the link passes no location,TU spec v6,TU spec v7,v5,v7,S1-R9; S6-R6,YES - all exist in live v7,yes,
TU,C30433,https://shopview.testrail.io/index.php?/cases/view/30433,A day row's Total Hours links to that technician's single-day timesheet,TU spec v6,TU spec v7,v5,v7,S6-R5,YES - all exist in live v7,yes,
TU,C30434,https://shopview.testrail.io/index.php?/cases/view/30434,"Three-dot menu is leftmost, then Column Selection; three download options",TU spec v6,TU spec v7,v5,v7,S7-R1; S7-R2; S7-R3; S7-R4; S8-R2,YES - all exist in live v7,yes,
TU,C30435,https://shopview.testrail.io/index.php?/cases/view/30435,The Summary PDF holds the technician rows plus the Summary,TU spec v6,TU spec v7,v5,v7,S7-R12; S7-R5; S7-R6,YES - all exist in live v7,yes,
TU,C30436,https://shopview.testrail.io/index.php?/cases/view/30436,"The CSV is always summary-level, quotes comma-containing values",TU spec v6,TU spec v7,v5,v7,S7-R10; S7-R12; S7-R7,YES - all exist in live v7,yes,
TU,C30437,https://shopview.testrail.io/index.php?/cases/view/30437,"Downloads cover only selected technicians, locations, and date range",TU spec v6,TU spec v7,v5,v7,S7-E1; S7-R10; S7-R13; S7-R8; S7-R9; S9-R8,YES - all exist in live v7,yes,
TU,C30438,https://shopview.testrail.io/index.php?/cases/view/30438,Downloads always order rows Technician A to Z; the on-screen sort is ignored,TU spec v6,TU spec v7,v5,v7,S7-R10; S7-R10a,YES - all exist in live v7,yes,
TU,C30439,https://shopview.testrail.io/index.php?/cases/view/30439,PDF logo follows the uploaded logo; the spreadsheet never carries one,TU spec v6,TU spec v7,v5,v7,S7-N2; S7-N3; S7-R11,YES - all exist in live v7,yes,
TU,C30440,https://shopview.testrail.io/index.php?/cases/view/30440,Choosing a download with no technician selected is a silent no-op,TU spec v6,TU spec v7,v5,v7,S7-N1,YES - all exist in live v7,yes,
TU,C30441,https://shopview.testrail.io/index.php?/cases/view/30441,A starting download notifies; a failed one shows the failure message,TU spec v6,TU spec v7,v5,v7,(section-level),YES - section located in live v7,yes,
TU,C30442,https://shopview.testrail.io/index.php?/cases/view/30442,The Location filter is the rightmost multi-select; All Locations = select-all,TU spec v6,TU spec v7,v5,v7,S9-R1,YES - all exist in live v7,yes,unwarranted divergence hedge removed - S9-R1 agrees outright
TU,C30443,https://shopview.testrail.io/index.php?/cases/view/30443,Location changes reload with hours pooled into one row per technician,TU spec v6,TU spec v7,v5,v7,S9-R3; S9-R4; S9-R5,YES - all exist in live v7,yes,
TU,C30444,https://shopview.testrail.io/index.php?/cases/view/30444,The saved location selection restores defensively; bad ones are dropped,TU spec v6,TU spec v7,v5,v7,S1-R8; S9-R2; S9-R6; S9-R7,YES - all exist in live v7,yes,
TU,C30446,https://shopview.testrail.io/index.php?/cases/view/30446,Technician Utilization: Location filter hidden for a one-location user,TU spec v6,TU spec v7,(none named),v7,S9-N1,YES - all exist in live v7,yes,refs claimed the S9-N1 note was stale and the edit pending; TU v7 S9-N1 now matches the ruling
TU,C30447,https://shopview.testrail.io/index.php?/cases/view/30447,All-white table with no row shading; toolbar controls in the fixed order,TU spec v6,TU spec v7,v5,v7,S8-R1; S8-R2; S8-R3,YES - all exist in live v7,yes,
TU,C30448,https://shopview.testrail.io/index.php?/cases/view/30448,Dark mode keeps every report element legible,TU spec v6,TU spec v7,v5,v7,S8-R13; S8-R14; S8-R9,YES - all exist in live v7,yes,
TU,C30449,https://shopview.testrail.io/index.php?/cases/view/30449,The per-day breakdown is fetched only when a technician row is expanded,TU spec v6,TU spec v7,v5,v7,S4-R2; S4-R5,YES - all exist in live v7,yes,
TU,C30450,https://shopview.testrail.io/index.php?/cases/view/30450,Date-range and location changes trigger a fresh server load,TU spec v6,TU spec v7,v5,v7,S1-R5; S2-R13; S9-R3,YES - all exist in live v7,yes,
TU,C38859,https://shopview.testrail.io/index.php?/cases/view/38859,"Column Selection: Technician always on, the other five toggleable, remembered",TU spec v6,TU spec v7,v5,v7,S10-R1; S10-R2; S10-R3; S10-R4; S10-R5; S10-R6; S8-R16,YES - all exist in live v7,yes,
TU,C38887,https://shopview.testrail.io/index.php?/cases/view/38887,An over-cap Technician Utilization export is refused with the too-large message,TU spec v6,TU spec v7,v5,v7,S7-R14,YES - all exist in live v7,yes,source upgraded from the engineering tech plan to the new TU v7 S7-R14
TU,C38915,https://shopview.testrail.io/index.php?/cases/view/38915,Location column: leftmost for a multi-location user; Summary row blank,TU spec v7,TU spec v7,v7,v7,S10-R4; S2-R1; S7-R13; S8-R15; S9-R10; S9-R9,YES - all exist in live v7,no - already current,
TU,C43552,https://shopview.testrail.io/index.php?/cases/view/43552,Both spreadsheet downloads hold the summary rows and no per-day rows,TU spec v6,TU spec v7,v5,v7,S7-R7,YES - all exist in live v7,yes,
WIP,C30451,https://shopview.testrail.io/index.php?/cases/view/30451,Work In Progress appears in the reports navigation under the Performance group,WIP spec v9,WIP spec v10,v6,v10,S1-R1; S1-R5,YES - all exist in live v10,yes,
WIP,C30452,https://shopview.testrail.io/index.php?/cases/view/30452,Four tabs in a fixed order with the partially-completed tab selected,WIP spec v9,WIP spec v10,v6,v10,S1-R2; S1-R3; S1-R4,YES - all exist in live v10,yes,
WIP,C30455,https://shopview.testrail.io/index.php?/cases/view/30455,There is no Trend / over-time tab or chart,WIP spec v9,WIP spec v10,v6,v10,S11-R7,YES - all exist in live v10,yes,
WIP,C30456,https://shopview.testrail.io/index.php?/cases/view/30456,Every open service WO at a selected location appears in the report,WIP spec v9,WIP spec v10,v6,v10,S2-R1,YES - all exist in live v10,yes,
WIP,C30457,https://shopview.testrail.io/index.php?/cases/view/30457,Invoiced; Paid and part-sale work orders never appear,WIP spec v9,WIP spec v10,v6,v10,S2-R2; S2-R3,YES - all exist in live v10,yes,
WIP,C30458,https://shopview.testrail.io/index.php?/cases/view/30458,Each qualifying work order appears exactly once in exactly one tab,WIP spec v9,WIP spec v10,v6,v10,S2-R4,YES - all exist in live v10,yes,
WIP,C30459,https://shopview.testrail.io/index.php?/cases/view/30459,While loading the standard indicator shows and old rows stay until data,WIP spec v9,WIP spec v10,v6,v10,S2-R5; S2-R6,YES - all exist in live v10,yes,
WIP,C30460,https://shopview.testrail.io/index.php?/cases/view/30460,No qualifying work orders: every tab shows the no-data message and no Totals,WIP spec v9,WIP spec v10,v6,v10,S2-N1; S2-N2; S6-N1,YES - all exist in live v10,yes,
WIP,C30462,https://shopview.testrail.io/index.php?/cases/view/30462,"Status-to-tab mapping: Estimate, Complete, In Progress and Review work orders",WIP spec v9,WIP spec v10,v6,v10,S3-R1; S3-R2; S3-R3,YES - all exist in live v10,yes,
WIP,C30464,https://shopview.testrail.io/index.php?/cases/view/30464,Approved started-boundary: time or part received vs neither decides the tab,WIP spec v9,WIP spec v10,v6,v10,S3-R4,YES - all exist in live v10,yes,
WIP,C30466,https://shopview.testrail.io/index.php?/cases/view/30466,"With all toggleable columns on, the fixed column order and alignment hold",WIP spec v9,WIP spec v10,v6,v10,S4-R1; S4-R3; S4-R4,YES - all exist in live v10,yes,
WIP,C30467,https://shopview.testrail.io/index.php?/cases/view/30467,First visit shows the default columns; the rest are in the column selector,WIP spec v10,WIP spec v10,v10,v10,S4-R2; S4-R3; S8-R3; S8-R4,YES - all exist in live v10,no - already current,
WIP,C30468,https://shopview.testrail.io/index.php?/cases/view/30468,The WO # is a link that opens the WO in the same browser tab,WIP spec v10,WIP spec v10,v6,v10,S4-R5,YES - all exist in live v10,yes,
WIP,C30469,https://shopview.testrail.io/index.php?/cases/view/30469,Status shows as a color-coded badge whose label text is always present,WIP spec v9,WIP spec v10,v6,v10,S10-R8; S4-R6,YES - all exist in live v10,yes,
WIP,C30470,https://shopview.testrail.io/index.php?/cases/view/30470,The Asset cell shows the Unit # in bold with the VIN underneath,WIP spec v9,WIP spec v10,(none named),(none named),S4-R10; S4-R7; S4-R8,YES - all exist in live v10,yes,
WIP,C30471,https://shopview.testrail.io/index.php?/cases/view/30471,Customer shows the customer's company name,WIP spec v9,WIP spec v10,v6,v10,S4-R11,YES - all exist in live v10,yes,
WIP,C30472,https://shopview.testrail.io/index.php?/cases/view/30472,Days Open shows whole days since creation and reads 0 days / 1 days,WIP spec v9,WIP spec v10,v6,v10,S4-R12,YES - all exist in live v10,yes,
WIP,C30473,https://shopview.testrail.io/index.php?/cases/view/30473,Last Activity shows Today; Xd ago; or an em-dash when there is none,WIP spec v9,WIP spec v10,v6,v10,S4-R13,YES - all exist in live v10,yes,
WIP,C30474,https://shopview.testrail.io/index.php?/cases/view/30474,Money columns show US dollars to two decimals with thousands separators,WIP spec v9,WIP spec v10,v6,v10,S4-R14,YES - all exist in live v10,yes,
WIP,C30475,https://shopview.testrail.io/index.php?/cases/view/30475,Labor Earned is the clocked share of each approved line's quoted value,WIP spec v9,WIP spec v10,v6,v10,S4-R15,YES - all exist in live v10,yes,
WIP,C30476,https://shopview.testrail.io/index.php?/cases/view/30476,Labor Remaining is the approved labor's quoted value minus Labor Earned,WIP spec v9,WIP spec v10,v6,v10,S4-R16,YES - all exist in live v10,yes,
WIP,C30477,https://shopview.testrail.io/index.php?/cases/view/30477,Parts Earned is the sell value of approved-line parts already received,WIP spec v9,WIP spec v10,v6,v10,S4-R17,YES - all exist in live v10,yes,
WIP,C30478,https://shopview.testrail.io/index.php?/cases/view/30478,Parts Remaining values the not-yet-received quantity at its sell price,WIP spec v9,WIP spec v10,v6,v10,S4-R18,YES - all exist in live v10,yes,
WIP,C30479,https://shopview.testrail.io/index.php?/cases/view/30479,Earned + Remaining make Total; not the WO's grand total,WIP spec v9,WIP spec v10,v6,v10,S4-R19; S4-R20; S4-R21,YES - all exist in live v10,yes,
WIP,C30480,https://shopview.testrail.io/index.php?/cases/view/30480,Lines that are not yet approved contribute nothing to any money figure,WIP spec v9,WIP spec v10,(none named),(none named),S4-R15,YES - all exist in live v10,yes,
WIP,C30481,https://shopview.testrail.io/index.php?/cases/view/30481,Inv. Hrs shows quoted minus worked hours; signed to one decimal,WIP spec v9,WIP spec v10,v6,v10,S4-E2; S4-R23; S4-R24,YES - all exist in live v10,yes,
WIP,C30482,https://shopview.testrail.io/index.php?/cases/view/30482,An open estimate with no approved work shows $0.00 in every money column,WIP spec v9,WIP spec v10,v6,v10,S2-R4; S4-E1,YES - all exist in live v10,yes,
WIP,C30483,https://shopview.testrail.io/index.php?/cases/view/30483,The initial sort is Days Open with the longest-open work order first,WIP spec v9,WIP spec v10,v6,v10,S4-R25,YES - all exist in live v10,yes,
WIP,C30484,https://shopview.testrail.io/index.php?/cases/view/30484,"Clicking a header sorts ascending, clicking again toggles descending",WIP spec v9,WIP spec v10,v6,v10,S4-R26,YES - all exist in live v10,yes,
WIP,C30485,https://shopview.testrail.io/index.php?/cases/view/30485,Columns sort by their underlying values; Asset sorts by the Unit #,WIP spec v9,WIP spec v10,(none named),(none named),S4-R27; S4-R9,YES - all exist in live v10,yes,
WIP,C30486,https://shopview.testrail.io/index.php?/cases/view/30486,Sorting reorders only the active tab's rows; Totals stays at the bottom,WIP spec v9,WIP spec v10,v6,v10,S4-R28,YES - all exist in live v10,yes,
WIP,C30487,https://shopview.testrail.io/index.php?/cases/view/30487,The summary strip shows seven figures in a fixed order as US dollars,WIP spec v9,WIP spec v10,v6,v10,S5-R1; S5-R10,YES - all exist in live v10,yes,
WIP,C30488,https://shopview.testrail.io/index.php?/cases/view/30488,Total Earned is the hero figure and equals the started-stage figures summed,WIP spec v9,WIP spec v10,v6,v10,S5-R2,YES - all exist in live v10,yes,
WIP,C30489,https://shopview.testrail.io/index.php?/cases/view/30489,Total Remaining equals Not Started plus Started — Remaining,WIP spec v9,WIP spec v10,v6,v10,S5-R3,YES - all exist in live v10,yes,
WIP,C30490,https://shopview.testrail.io/index.php?/cases/view/30490,Each per-stage figure equals the matching tab's money total,WIP spec v9,WIP spec v10,v6,v10,S5-R4; S5-R5; S5-R6; S5-R7,YES - all exist in live v10,yes,
WIP,C30491,https://shopview.testrail.io/index.php?/cases/view/30491,"The Estimates figure is the Estimates tab's total quoted value, shown muted",WIP spec v9,WIP spec v10,v6,v10,S5-R8; S5-R9,YES - all exist in live v10,yes,
WIP,C30493,https://shopview.testrail.io/index.php?/cases/view/30493,Each summary figure's information icon reveals its plain explanation,WIP spec v9,WIP spec v10,v6,v10,S5-R12,YES - all exist in live v10,yes,
WIP,C30494,https://shopview.testrail.io/index.php?/cases/view/30494,"Each tab has a Totals row pinned to the bottom, labeled ""Totals""",WIP spec v9,WIP spec v10,v6,v10,S6-R1; S6-R4; S6-R5,YES - all exist in live v10,yes,
WIP,C30495,https://shopview.testrail.io/index.php?/cases/view/30495,The Totals row sums each visible money column and the Inv. Hrs column,WIP spec v9,WIP spec v10,v6,v10,S6-R2; S6-R3,YES - all exist in live v10,yes,
WIP,C30498,https://shopview.testrail.io/index.php?/cases/view/30498,The Advisor filter lists the advisors in the loaded jobs; screen only,WIP spec v9,WIP spec v10,v9,v10,S7-R1,YES - all exist in live v10,yes,
WIP,C30499,https://shopview.testrail.io/index.php?/cases/view/30499,"Customer filter is a type-ahead multi-select reading ""All customers""",WIP spec v9,WIP spec v10,v9,v10,S7-R2; S7-R3,YES - all exist in live v10,yes,
WIP,C30500,https://shopview.testrail.io/index.php?/cases/view/30500,Asset filter shows Unit # and VIN and matches text against either one,WIP spec v9,WIP spec v10,v9,v10,S7-R4; S7-R5,YES - all exist in live v10,yes,
WIP,C30501,https://shopview.testrail.io/index.php?/cases/view/30501,The date range offers the presets plus Custom; This Week default; no All Time,WIP spec v9,WIP spec v10,v6,v10,S7-R6,YES - all exist in live v10,yes,
WIP,C30502,https://shopview.testrail.io/index.php?/cases/view/30502,The date range filters on the WO's created date and reloads on change,WIP spec v9,WIP spec v10,v6,v10,S7-R7; S7-R8,YES - all exist in live v10,yes,
WIP,C30503,https://shopview.testrail.io/index.php?/cases/view/30503,"Location filter: rightmost multi-select with All locations, reloads on change",WIP spec v9,WIP spec v10,(none named),(none named),S7-R10; S7-R9,YES - all exist in live v10,yes,
WIP,C30504,https://shopview.testrail.io/index.php?/cases/view/30504,The location scope never includes an inaccessible location,WIP spec v9,WIP spec v10,v6,v10,S7-R11; S8-R8,YES - all exist in live v10,yes,
WIP,C30505,https://shopview.testrail.io/index.php?/cases/view/30505,"Advisor, customer and asset filters AND together and recompute strip and Totals",WIP spec v9,WIP spec v10,v6,v10,S5-R11; S6-R6; S7-N1; S7-R12,YES - all exist in live v10,yes,
WIP,C30506,https://shopview.testrail.io/index.php?/cases/view/30506,Column Selection toggles columns; Total is not offered at all,WIP spec v9,WIP spec v10,v6,v10,S8-R1; S8-R2,YES - all exist in live v10,yes,
WIP,C30507,https://shopview.testrail.io/index.php?/cases/view/30507,Toggling columns never reorders them (Total always last),WIP spec v9,WIP spec v10,v6,v10,S4-R1; S8-R5; S8-R6,YES - all exist in live v10,yes,
WIP,C30508,https://shopview.testrail.io/index.php?/cases/view/30508,"Remembers the date range, filter selections, location, columns",WIP spec v9,WIP spec v10,v6,v10,S8-R7,YES - all exist in live v10,yes,
WIP,C30509,https://shopview.testrail.io/index.php?/cases/view/30509,A saved setting that is no longer valid falls back to its default,WIP spec v9,WIP spec v10,v6,v10,S8-R8,YES - all exist in live v10,yes,
WIP,C30510,https://shopview.testrail.io/index.php?/cases/view/30510,Work In Progress: a three-dot menu holds Download (PDF) and Download (CSV),WIP spec v10,WIP spec v10,v6,v10,S9-R1,YES - all exist in live v10,yes,
WIP,C30511,https://shopview.testrail.io/index.php?/cases/view/30511,"Downloads keep shown columns, honor filters, include the tab's Totals row",WIP spec v9,WIP spec v10,v6,v10,S7-R13; S9-E1; S9-R10a; S9-R2; S9-R3; S9-R4,YES - all exist in live v10,yes,"v9 self-contradiction resolved in v10 S7-R13; the ""Chris has not answered"" claim was stale"
WIP,C30512,https://shopview.testrail.io/index.php?/cases/view/30512,Downloaded money and Inv. Hrs values keep the on-screen formats,WIP spec v9,WIP spec v10,v6,v10,S9-R5; S9-R6,YES - all exist in live v10,yes,
WIP,C30513,https://shopview.testrail.io/index.php?/cases/view/30513,Inv. Hrs green/red coloring appears on screen and in the PDF; not the CSV,WIP spec v9,WIP spec v10,v6,v10,S9-R7,YES - all exist in live v10,yes,
WIP,C30514,https://shopview.testrail.io/index.php?/cases/view/30514,Days Open in a download is frozen at the moment the file is generated,WIP spec v9,WIP spec v10,v6,v10,S9-R8,YES - all exist in live v10,yes,
WIP,C30515,https://shopview.testrail.io/index.php?/cases/view/30515,"The downloaded files are named ""wip-2-report.pdf"" and ""wip-2-report.csv""",WIP spec v9,WIP spec v10,v6,v10,S9-R9,YES - all exist in live v10,yes,
WIP,C30516,https://shopview.testrail.io/index.php?/cases/view/30516,"Export headers read ""Unit"" and ""Branch"" — documented limitation, do not file",WIP spec v9,WIP spec v10,(none named),(none named),S9-E1,YES - all exist in live v10,yes,
WIP,C30517,https://shopview.testrail.io/index.php?/cases/view/30517,The PDF shows the shop logo at the top when one is set,WIP spec v9,WIP spec v10,v6,v10,S9-R10,YES - all exist in live v10,yes,
WIP,C30518,https://shopview.testrail.io/index.php?/cases/view/30518,"Export notifications: success caption, ""Empty export"" warning",WIP spec v9,WIP spec v10,v6,v10,S9-R11; S9-R12; S9-R13,YES - all exist in live v10,yes,WIP v10 numbers S9-R11 TWICE; citation disambiguated to the Error-handling one
WIP,C30519,https://shopview.testrail.io/index.php?/cases/view/30519,Each tab uses an all-white table with no alternating row shading,WIP spec v9,WIP spec v10,v6,v10,S10-R1,YES - all exist in live v10,yes,
WIP,C30520,https://shopview.testrail.io/index.php?/cases/view/30520,The summary strip is a bold band ruled top and bottom above the tabs,WIP spec v9,WIP spec v10,v6,v10,S10-R2,YES - all exist in live v10,yes,
WIP,C30521,https://shopview.testrail.io/index.php?/cases/view/30521,The Total column is bold and stays pinned right on sideways scroll,WIP spec v9,WIP spec v10,v6,v10,S10-R3; S4-R22,YES - all exist in live v10,yes,
WIP,C30522,https://shopview.testrail.io/index.php?/cases/view/30522,The Totals row stays visible while only the active tab's body scrolls,WIP spec v9,WIP spec v10,v6,v10,S10-R4; S10-R5,YES - all exist in live v10,yes,
WIP,C30523,https://shopview.testrail.io/index.php?/cases/view/30523,The WO # link is keyboard-focusable and opens the work order,WIP spec v10,WIP spec v10,v6,v10,S10-R6,YES - all exist in live v10,yes,
WIP,C30524,https://shopview.testrail.io/index.php?/cases/view/30524,Each summary figure's info icon is keyboard-reachable and screen-read,WIP spec v9,WIP spec v10,v6,v10,S10-R7; S5-R12,YES - all exist in live v10,yes,
WIP,C30525,https://shopview.testrail.io/index.php?/cases/view/30525,In dark mode every table; strip; link and coloring stays legible,WIP spec v9,WIP spec v10,v6,v10,S10-R9,YES - all exist in live v10,yes,
WIP,C30526,https://shopview.testrail.io/index.php?/cases/view/30526,Ordinary reports access covers opening and downloading Work In Progress,WIP spec v9,WIP spec v10,(none named),v10,(section-level),YES - section located in live v10,yes,refs claimed the WIP prerequisite still named a per-report permission; WIP v10 states the single permission
WIP,C30527,https://shopview.testrail.io/index.php?/cases/view/30527,Without reports access Work In Progress is absent from the navigation,WIP spec v9,WIP spec v10,(none named),(none named),S1-N1,YES - all exist in live v10,yes,
WIP,C30528,https://shopview.testrail.io/index.php?/cases/view/30528,Nightly snapshot records one row per then-open job per calendar date,WIP spec v9,WIP spec v10,v6,v10,S11-R1; S11-R2,YES - all exist in live v10,yes,
WIP,C30530,https://shopview.testrail.io/index.php?/cases/view/30530,Captured Earned and Remaining use the same maths as the on-screen report,WIP spec v9,WIP spec v10,v6,v10,S11-R3; S11-R5,YES - all exist in live v10,yes,
WIP,C30531,https://shopview.testrail.io/index.php?/cases/view/30531,Nightly snapshot spans every location with no user location filter,WIP spec v9,WIP spec v10,v6,v10,S11-R4; S2-R1,YES - all exist in live v10,yes,
WIP,C30533,https://shopview.testrail.io/index.php?/cases/view/30533,Nightly snapshot: a job with nothing approved is captured at $0.00; not skipped,WIP spec v9,WIP spec v10,v6,v10,S11-R6; S4-E1,YES - all exist in live v10,yes,
WIP,C38890,https://shopview.testrail.io/index.php?/cases/view/38890,"A technician still clocked in counts toward Labor Earned, capped at the quote",WIP spec v9,WIP spec v10,v6,v10,S4-R15,YES - all exist in live v10,yes,
WIP,C38916,https://shopview.testrail.io/index.php?/cases/view/38916,Location column names each work order's location and never reads Multiple,WIP spec v10,WIP spec v10,v10,v10,S10-R5a; S4-R3; S7-R13; S7-R14; S9-E1,YES - all exist in live v10,no - already current,
WIP,C38918,https://shopview.testrail.io/index.php?/cases/view/38918,An over-cap Work In Progress download is refused with the too-large message,WIP spec v9,WIP spec v10,(none named),v10,S9-R11,YES - all exist in live v10,yes,cap now exists as WIP v10 S9-R11 (Edge Cases); obsolete divergence hedge removed
WIP,C43551,https://shopview.testrail.io/index.php?/cases/view/43551,A hand-made Location column choice is remembered like any other column,WIP spec v10,WIP spec v10,v10,v10,S4-R3; S8-R7,YES - all exist in live v10,no - already current,
WIP,C43557,https://shopview.testrail.io/index.php?/cases/view/43557,"The WO # is plain text, not a link, without Work Order permission",WIP spec v10,WIP spec v10,v9,v10,S4-R5,YES - all exist in live v10,yes,
