"Date Range: Aug 1, 2026 - Aug 10, 2026"
"Locations: Staging Heavy Duty - 9919"
Customer,"Inv. Hrs","Labor Invoiced","Labor Margin","Parts Invoiced","Parts Margin","Shop Supplies",Margin,"Margin %",Subtotal
"Aacrest Works",+2.0,$200.00,$200.00,"$1,210.00",$800.00,$21.00,"$1,000.00",70.9%,"$1,431.00"
"Aagrove Equipment",0.0,$0.00,$0.00,"$12,361.00","$6,111.00",$0.00,"$6,111.00",49.4%,"$12,361.00"
"Aborough Media",0.0,$0.00,$0.00,$10.00,$6.50,$0.00,$6.50,65.0%,$10.00
"E2E COD Customer",0.0,$0.00,$0.00,$195.00,$65.00,$0.00,$65.00,33.3%,$195.00
"E2E Credits Customer",+2.0,$290.00,$290.00,$340.00,$130.00,$30.46,$420.00,66.7%,$660.46
"E2E Term Customer",+3.0,$435.00,$435.00,$0.00,$0.00,$45.68,$435.00,100.0%,$480.68
TestVT1,+12.0,"$1,740.00","$1,740.00",$100.00,$60.00,$182.72,"$1,800.00",97.8%,"$2,022.72"
Totals,+19.0,"$2,665.00","$2,665.00","$14,216.00","$7,172.50",$279.86,"$9,837.50",58.3%,"$17,160.86"
