arm,canned_line_name,canned_line_id,pricing_shape,catalogue_parts,work_order_id,line_to_complete_http,wo_to_complete_http,invoices_create_http,x_request_id,response_body
no contact,HD CVIP air brake trailer single/tandem,ce1f2549-24a9-485c-a849-267f8918d66e,FIXED LABOUR (fixed_price set),0,d26abf28-0b78-4da4-a7d8-3bdc8995bffc,200,201,500,7e737b53-7d9c-4810-8089-f27180a5c2ac,"{""errors"":[{""error"":""An error occurred. We're sorry for this inconvenience, please try again a bit later later.""},{""requestId"":""7e737b53-7d9c-4810-8089-f27180a5"
no contact,HD Wheels off air brake trailer tri-axle,3a212080-8c00-4981-a46d-de91db43f3e7,FIXED LABOUR (fixed_price set),0,753598f7-1f2a-472d-a3bd-c64ae3c4fd4c,200,201,500,15d42e63-560e-4ed2-a384-68c54cc60a0b,"{""errors"":[{""error"":""An error occurred. We're sorry for this inconvenience, please try again a bit later later.""},{""requestId"":""15d42e63-560e-4ed2-a384-68c54cc6"
no contact,Service - Perform Annual Inspection,c08b8759-97dc-40c5-9cab-fef38fe117a1,FIXED LABOUR (fixed_price set),0,5a8e279d-1380-4a0a-9d70-caaaafebac49,200,201,500,0a0ecaa2-9779-4d9a-8b46-a766117c63de,"{""errors"":[{""error"":""An error occurred. We're sorry for this inconvenience, please try again a bit later later.""},{""requestId"":""0a0ecaa2-9779-4d9a-8b46-a766117c"
no contact,CVIP Driving Force,e55c893f-8253-4aa9-8901-7282c804d056,FIXED LINE TOTAL (fixed_line_total set),0,5ed4b9ac-b4d1-4674-b810-4a7e20bd6ec8,200,201,500,81e6e3c1-c6ec-4a8f-9163-b6c8e91149dc,"{""errors"":[{""error"":""An error occurred. We're sorry for this inconvenience, please try again a bit later later.""},{""requestId"":""81e6e3c1-c6ec-4a8f-9163-b6c8e911"
no contact,Wheels off Driving Force,5fd21946-4da4-43b6-9331-cf7df66c3032,FIXED LINE TOTAL (fixed_line_total set),0,c4068d95-a8a9-4d64-bafe-2eb0d66dfa6c,200,201,500,56d79aa5-de16-4fb1-8bcd-ad2ce4ca43be,"{""errors"":[{""error"":""An error occurred. We're sorry for this inconvenience, please try again a bit later later.""},{""requestId"":""56d79aa5-de16-4fb1-8bcd-ad2ce4ca"
no contact,HD - Quality Control Check Over,ee1d7466-8798-40ec-b785-3c5c7f33159e,FIXED LINE TOTAL (fixed_line_total set),0,ab0a821b-a1fa-4277-bcff-4951a5110fbb,200,201,500,11da8552-f4c7-4b2a-9a0e-4d7201a407e7,"{""errors"":[{""error"":""An error occurred. We're sorry for this inconvenience, please try again a bit later later.""},{""requestId"":""11da8552-f4c7-4b2a-9a0e-4d7201a4"
no contact,Champ X Service air filter,53b26ca7-92ca-4def-bfd0-7f5649a775ca,HOURLY LABOUR RATE (labour_rate set),0,c46b62f1-7354-4023-a8a6-3d4bdf909e05,200,201,500,b4d610ac-d83c-46b1-a1f8-feeb443f8867,"{""errors"":[{""error"":""An error occurred. We're sorry for this inconvenience, please try again a bit later later.""},{""requestId"":""b4d610ac-d83c-46b1-a1f8-feeb443f"
no contact,Service - Transmission service (Automatic),0f9a7759-1982-4855-96d5-4a4cf1773a23,HOURLY LABOUR RATE (labour_rate set),2,cfb25e63-6225-496a-ade9-854e25ff8cac,400,400,400,1b7e1eb0-dc42-4701-b987-138938104279,"{""errors"":[{""error"":""Work order is not complete.""}]}"
no contact,Champ X Service oil and fuel,2623d064-20b9-460c-9c59-ec00552e30ce,HOURLY LABOUR RATE (labour_rate set),5,71e8747c-5d88-49d6-b2d8-a73998a0d448,400,400,400,88b79d6a-81ce-4b40-999e-996eb3c5bf86,"{""errors"":[{""error"":""Work order is not complete.""}]}"
no contact,Service - Perform LOF and inspection,5506a77e-31e7-48b6-9171-dc904919f028,HOURLY LABOUR RATE (labour_rate set),5,9f61b973-3a36-4310-af85-8b3ab5e6383b,400,400,400,663c84e6-d42f-4350-b576-a9fba4c04db8,"{""errors"":[{""error"":""Work order is not complete.""}]}"
no contact,Service - Adjust brakes,c84bd165-2687-4c13-8e34-06d2d773045a,HOURLY LABOUR RATE (labour_rate set),0,41eeb2c6-e437-45d7-8a0f-70edfce50647,200,201,500,1199cb9c-c94d-4817-b6b9-efa940b36dc0,"{""errors"":[{""error"":""An error occurred. We're sorry for this inconvenience, please try again a bit later later.""},{""requestId"":""1199cb9c-c94d-4817-b6b9-efa940b3"
no contact,Service - PDI,3b52c4f5-f9e3-47bd-b205-7efa2e03c98a,HOURLY LABOUR RATE (labour_rate set),0,f2b9fe60-dc45-40fc-be79-0526fb91cbcf,200,201,500,3aa3f11b-dc4a-4461-86e8-01d349e84b4d,"{""errors"":[{""error"":""An error occurred. We're sorry for this inconvenience, please try again a bit later later.""},{""requestId"":""3aa3f11b-dc4a-4461-86e8-01d349e8"
no contact,Service - Perform winterization inspection,da0a0c9f-57ee-45f6-901c-aeea01e21665,HOURLY LABOUR RATE (labour_rate set),0,e0411b90-605a-4363-b8cf-06045a7ede9b,200,201,500,fc42b699-5ec9-43d1-8363-68745db12130,"{""errors"":[{""error"":""An error occurred. We're sorry for this inconvenience, please try again a bit later later.""},{""requestId"":""fc42b699-5ec9-43d1-8363-68745db1"
no contact,HD Misc Buffer,68d59b05-ac52-4081-a193-1c0ab1fbda1d,HOURLY LABOUR RATE (labour_rate set),0,4742a1c4-cd1b-45f0-afd9-84b6fdb3581f,200,201,500,fb390515-742d-43b8-b5df-7b51fccdda36,"{""errors"":[{""error"":""An error occurred. We're sorry for this inconvenience, please try again a bit later later.""},{""requestId"":""fb390515-742d-43b8-b5df-7b51fccd"
no contact,Sublet - Tow,c83f70f6-fb1d-4b47-958e-4c98978d47f0,HOURLY LABOUR RATE (labour_rate set),1,c992c20f-9f89-4038-8822-2ad01734f6a9,400,400,400,3bc11a53-8993-4584-9586-6690006b5542,"{""errors"":[{""error"":""Work order is not complete.""}]}"
no contact,Replace - Tie rod,9deb042f-a103-4ca8-a6c0-9b2925125114,HOURLY LABOUR RATE (labour_rate set),1,b272ecd9-1a50-4fdf-a6b5-6e2a8506dbd3,400,400,400,2c7bc380-b482-458a-94e8-7393acc8ca10,"{""errors"":[{""error"":""Work order is not complete.""}]}"
contact set,HD CVIP air brake trailer single/tandem,ce1f2549-24a9-485c-a849-267f8918d66e,FIXED LABOUR,,cd2011aa-7756-44f6-b2ed-6de647ff7b54,200,201,201,6e3f48a6-4d4e-46ad-b78d-c77a7ee2bffe,"{""data"":{""invoice_id"":""88f5adb9-7cf3-41c4-8c82-d322e3fe131a"",""customer_account_id"":""ee9ade86-2fa6-4a45-81c6-4370869f2fab"",""auto_paid"":false,""auto_paid_credit_id"
contact set,CVIP Driving Force,e55c893f-8253-4aa9-8901-7282c804d056,FIXED LINE TOTAL,,f0b9591f-946f-4d66-b9f0-6dfb6f24bed4,200,201,201,a4741f1b-b1cf-4f56-8c04-840830d5f2bf,"{""data"":{""invoice_id"":""a1ea3f90-3dd3-43df-9806-12c767dfa4f8"",""customer_account_id"":""4998cb32-dcff-41fe-9211-fb94c41344c4"",""auto_paid"":false,""auto_paid_credit_id"
contact set,Champ X Service air filter,53b26ca7-92ca-4def-bfd0-7f5649a775ca,HOURLY LABOUR RATE,,9c2a1dcc-c84c-48d2-ac89-91a0786113d7,200,201,201,d721c58e-5ae0-4b45-b218-cfd650791bc5,"{""data"":{""invoice_id"":""8a1e65e3-d7fe-4f10-898b-b49eae570bc1"",""customer_account_id"":""9b51b765-d844-46e3-b679-4d63fb1e8a78"",""auto_paid"":false,""auto_paid_credit_id"
contact set,Service - Adjust brakes,c84bd165-2687-4c13-8e34-06d2d773045a,HOURLY LABOUR RATE (HD Door Rate),,6dc7dd2b-0619-493c-b2f6-021ed5e4579e,200,201,201,aeeb2588-64ad-4b6c-97be-844a974783b2,"{""data"":{""invoice_id"":""0eeccceb-6917-43f9-a6ea-fc648d7d38a2"",""customer_account_id"":""934527f3-5ad2-4683-8607-26556ff03017"",""auto_paid"":false,""auto_paid_credit_id"
isolation — WITHOUT contact,HD CVIP air brake trailer single/tandem,ce1f2549-24a9-485c-a849-267f8918d66e,FIXED LABOUR,0,3a0250d2-5b4c-4628-bd3c-d588970bbda4,200,201,500,6c492a5b-552a-49e0-84a1-95486072e191,"{""errors"":[{""error"":""An error occurred. We're sorry for this inconvenience, please try again a bit later later.""},{""requestId"":""6c492a5b-552a-49e0-84a1-95486072"
isolation — WITH contact,HD CVIP air brake trailer single/tandem,ce1f2549-24a9-485c-a849-267f8918d66e,FIXED LABOUR,0,c3914e04-e165-47ff-b48d-f8e0c9e5288d,200,201,201,b1f4c9e7-61eb-4bd4-b31e-2491a1c52bd2,"{""data"":{""invoice_id"":""986cdda0-75a3-4751-a75c-a2fcaae45353"",""customer_account_id"":""ee9ade86-2fa6-4a45-81c6-4370869f2fab"",""auto_paid"":false,""auto_paid_credit_id"
