internal_id,testrail_case_id,testrail_link,area,title,title_len,useful_verdict,sense_verdict,genuine_layman,refs,viu_status
SCH-API-01,C38872,https://shopview.testrail.io/index.php?/cases/view/38872,Schedule,API - Schedule reads need View; writes need Edit; deletes need Delete (403),75,KEEP,SENSIBLE,PASS,"SV-8685 [epic - cross-cutting, no single-story owner] (§14 + tech-plan §4 NFR-003 permissions)",VIU-Pending
SCH-API-02,C38873,https://shopview.testrail.io/index.php?/cases/view/38873,Schedule,API - Series past 8 weeks returns 409 until acknowledged; over 120 shifts 422,77,KEEP,SENSIBLE,PASS,SV-8691 (§4.5 + tech-plan D8 error cases),VIU-Pending
SCH-API-03,C38874,https://shopview.testrail.io/index.php?/cases/view/38874,Schedule,API - No pricing fields in Schedule responses; WO details need Work Orders View,79,KEEP,SENSIBLE,PASS,"SV-8685 [epic - cross-cutting, no single-story owner] (§14 + tech-plan D6/NFR-002 no pricing)",VIU-Pending
SCH-API-04,C38875,https://shopview.testrail.io/index.php?/cases/view/38875,Schedule,"API - A shift from another location returns 404, not another shop's data",72,KEEP,SENSIBLE,PASS,"SV-8685 [epic - cross-cutting, no single-story owner] (tech-plan NFR-001 location scoping)",VIU-Pending
SCH-BLOCK-01,C29991,https://shopview.testrail.io/index.php?/cases/view/29991,Shift Block Anatomy,"A single-line shift block shows customer, unit number and line name",67,KEEP,SENSIBLE,PASS,SV-8690 (§4.4),VIU-Pending
SCH-BLOCK-02,C29992,https://shopview.testrail.io/index.php?/cases/view/29992,Shift Block Anatomy,Whole-order and multi-line shifts both read 'N Lines' on the block,66,KEEP,SENSIBLE,PASS,"SV-8690 (§4.4, §12)",VIU-Pending
SCH-BLOCK-05,C29995,https://shopview.testrail.io/index.php?/cases/view/29995,Shift Block Anatomy,The conflict icon is the only icon on a shift block,51,WEAK-KEEP,SENSIBLE,PASS,SV-8690 (§4.4),VIU-Pending
SCH-CAP-01,C30030,https://shopview.testrail.io/index.php?/cases/view/30030,Capacity Bars,"Capacity bar fill = booked (shifts + events) vs available, clamped, equal tracks",80,KEEP,SENSIBLE,PASS,SV-8698 (§4.12 (Blue fill - aggregate booked = shifts plus events)),VIU-Pending
SCH-CAP-02,C30031,https://shopview.testrail.io/index.php?/cases/view/30031,Capacity Bars,"Over capacity, an amber spill extends past the track's right edge",65,KEEP,SENSIBLE,PASS,SV-8698 (§4.12 (Amber spill)),VIU-Pending
SCH-CAP-03,C30032,https://shopview.testrail.io/index.php?/cases/view/30032,Capacity Bars,'OT' text tag appears when one technician exceeds their own daily hours,71,KEEP,SENSIBLE,PASS,"SV-8698 (§4.12 (OT tag), §11 (not color-only))",VIU-Pending
SCH-CAP-04,C30033,https://shopview.testrail.io/index.php?/cases/view/30033,Capacity Bars,Hovering a capacity bar shows a per-technician breakdown,56,KEEP,SENSIBLE,PASS,SV-8698 (§4.12 (Hover tooltip)),VIU-Pending
SCH-COLOR-01,C30071,https://shopview.testrail.io/index.php?/cases/view/30071,Color System,"Blue is the default color for all shifts, including long and multi-week jobs",76,KEEP,SENSIBLE,PASS,SV-8700 (§10),VIU-Pending
SCH-COLOR-02,C30072,https://shopview.testrail.io/index.php?/cases/view/30072,Color System,"Shift modal color picker recolors that shift only, in matching tones",68,KEEP,SENSIBLE,PASS,"SV-8700 (§10, §4.9 (Color picker)); SV-8690 (§4.4, §10)",VIU-Pending
SCH-COLOR-03,C30073,https://shopview.testrail.io/index.php?/cases/view/30073,Color System,Color labels are editable per shop,34,KEEP,SENSIBLE,PASS,"SV-8700 (§10 (Color labels are editable per shop), §4.10 (shared picker))",VIU-Pending
SCH-CONF-01,C30023,https://shopview.testrail.io/index.php?/cases/view/30023,Conflict Detection,Double-booked: two overlapping work orders on one technician are flagged,72,KEEP,SENSIBLE,PASS,SV-8697 (§4.11 (Double-booked)),VIU-Pending
SCH-CONF-02,C30024,https://shopview.testrail.io/index.php?/cases/view/30024,Conflict Detection,Working-day conflict: a shift outside the tech's working days is flagged,72,KEEP,SENSIBLE (was CONTRADICTION X7 - RESOLVED this pass),PASS,SV-8697 (§4.11 (Weekend shift)),VIU-Pending
SCH-CONF-03,C30025,https://shopview.testrail.io/index.php?/cases/view/30025,Conflict Detection,Before-hours and after-hours shifts are flagged against the tech's hours,72,KEEP,SENSIBLE,PASS,"SV-8697 (§4.11 (Before hours, After hours), §4.2 (working-hours hierarchy; 7:00 AM to 7:00 PM default))",VIU-Pending
SCH-CONF-05,C30027,https://shopview.testrail.io/index.php?/cases/view/30027,Conflict Detection,The toolbar conflict pill shows the count and opens a list,58,KEEP,SENSIBLE,PASS,"SV-8697 (§4.11, §6 (Conflict pill))",VIU-Pending
SCH-CONF-06,C30028,https://shopview.testrail.io/index.php?/cases/view/30028,Conflict Detection,Clicking a conflict in the dropdown navigates to the relevant technician and day,80,KEEP,SENSIBLE,PASS,SV-8697 (§4.11 (Clicking a conflict navigates)),VIU-Pending
SCH-CONF-07,C30029,https://shopview.testrail.io/index.php?/cases/view/30029,Conflict Detection,"Red styling is only for conflicts and errors, never for overtime",64,WEAK-KEEP,SENSIBLE,PASS,"SV-8697 (§4.11 (styling rule), §4.12)",VIU-Pending
SCH-DAY-01,C30001,https://shopview.testrail.io/index.php?/cases/view/30001,Day View Timeline,Day view auto-scrolls to the working-day start; manual scrolling stands,71,KEEP,SENSIBLE,PASS,SV-8694 (§4.8 (Auto-scroll to business hours)),VIU-Pending
SCH-DAY-03,C30003,https://shopview.testrail.io/index.php?/cases/view/30003,Day View Timeline,Date and time headers stick to the top during vertical scroll,61,WEAK-KEEP,SENSIBLE,PASS,SV-8694 (§4.8 (Sticky header bar)),VIU-Pending
SCH-DAY-04,C30004,https://shopview.testrail.io/index.php?/cases/view/30004,Day View Timeline,Dragging a shift sideways moves its start time in 15-minute steps,65,KEEP,SENSIBLE,PASS,"SV-8694 (§4.8 (Horizontal drag), §7 (toast))",VIU-Pending
SCH-DAY-05,C30005,https://shopview.testrail.io/index.php?/cases/view/30005,Day View Timeline,Dragging a shift's left or right edge resizes its duration,58,KEEP,SENSIBLE,PASS,SV-8694 (§4.8 (Edge resize)),VIU-Pending
SCH-DAY-06,C30006,https://shopview.testrail.io/index.php?/cases/view/30006,Day View Timeline,"A now line marks the current time on today's day view, with a label on hover",76,WEAK-KEEP,SENSIBLE,PASS,SV-8694 (§4.8 (Now line)),VIU-Pending
SCH-DEL-01,C30057,https://shopview.testrail.io/index.php?/cases/view/30057,"Deletion, Series Scopes and Undo",Deleting a middle shift of a series offers all three scope options,66,KEEP,SENSIBLE,PASS,SV-8692 (§7 (Series-aware deletion)),VIU-Pending
SCH-DEL-02,C30058,https://shopview.testrail.io/index.php?/cases/view/30058,"Deletion, Series Scopes and Undo",'This shift only' removes that day and the series keeps the gap,63,KEEP,SENSIBLE,PASS,SV-8692 (§7 (This shift only)),VIU-Pending
SCH-DEL-03,C30059,https://shopview.testrail.io/index.php?/cases/view/30059,"Deletion, Series Scopes and Undo",'This and everything after' removes from the clicked shift onward,65,KEEP,SENSIBLE,PASS,SV-8692 (§7 (This and everything after)),VIU-Pending
SCH-DEL-04,C30060,https://shopview.testrail.io/index.php?/cases/view/30060,"Deletion, Series Scopes and Undo",'The whole series' removes all of the series' shifts for that technician,72,KEEP,SENSIBLE,PASS,SV-8692 (§7 (The whole series - 'for that technician')),VIU-Pending
SCH-DEL-05,C30061,https://shopview.testrail.io/index.php?/cases/view/30061,"Deletion, Series Scopes and Undo",Scope options adapt: the first and last shift each show only two,64,KEEP,SENSIBLE,PASS,SV-8692 (§7 (options adapt to position)),VIU-Pending
SCH-DEL-06,C30062,https://shopview.testrail.io/index.php?/cases/view/30062,"Deletion, Series Scopes and Undo",Deleting a standalone (non-series) shift does not ask for a series scope,72,WEAK-KEEP,SENSIBLE,PASS,SV-8692 (§7 (derived - scope prompt is for series shifts)),VIU-Pending
SCH-DEL-08,C30064,https://shopview.testrail.io/index.php?/cases/view/30064,"Deletion, Series Scopes and Undo","Toast lasts ~7s with Undo (about 4s without); stays on hover, goes on leave",75,WEAK-KEEP,SENSIBLE,PASS,"SV-8688 (§7 (Toast notifications), §11 (Undo))",VIU-Pending
SCH-DEL-09,C30065,https://shopview.testrail.io/index.php?/cases/view/30065,"Deletion, Series Scopes and Undo","Every create/delete/move/reassign toasts with Undo, and Undo restores",69,KEEP,SENSIBLE,PASS,"SV-8688 (§7 (Toast notifications), §11 (Undo))",VIU-Pending
SCH-DEL-10,C38864,https://shopview.testrail.io/index.php?/cases/view/38864,"Deletion, Series Scopes and Undo","Schedule actions save immediately - Undo reverses them, closing does not cancel",79,KEEP,SENSIBLE,PASS,SV-8688 (§7 toast/undo + tech-plan D10),VIU-Pending
SCH-DND-01,C29955,https://shopview.testrail.io/index.php?/cases/view/29955,Drag-and-Drop Scheduling,Dropping a single-line work order creates a shift with no scope picker,70,KEEP,SENSIBLE,PASS,"SV-8688 (§4.1 (Single-line work order), §1.2 (roster sync), §7 (toast))",VIU-Pending
SCH-DND-02,C29956,https://shopview.testrail.io/index.php?/cases/view/29956,Drag-and-Drop Scheduling,Dropping a multi-line work order on a technician cell opens the scope picker,76,KEEP,SENSIBLE,PASS,"SV-8688 (§4.1 (Multi-line work order), §4.3)",VIU-Pending
SCH-DND-03,C29957,https://shopview.testrail.io/index.php?/cases/view/29957,Drag-and-Drop Scheduling,Dragging a line from the drill-down creates a single-line shift,63,KEEP,SENSIBLE,PASS,SV-8688 (§4.1 (Specific line drag)),VIU-Pending
SCH-DND-04,C29958,https://shopview.testrail.io/index.php?/cases/view/29958,Drag-and-Drop Scheduling,A job over the technician's daily hours opens the spread step,61,KEEP,SENSIBLE,PASS,"SV-8688 (§4.1 (Large job), §4.5)",VIU-Pending
SCH-DND-05,C29959,https://shopview.testrail.io/index.php?/cases/view/29959,Drag-and-Drop Scheduling,A scope that fits one working day skips the spread step,55,KEEP,SENSIBLE,PASS,SV-8688 (§4.1 (spread step is conditional)),VIU-Pending
SCH-DND-06,C29960,https://shopview.testrail.io/index.php?/cases/view/29960,Drag-and-Drop Scheduling,"While dragging, target cells highlight and a ghost block follows",64,WEAK-KEEP,SENSIBLE,PASS,SV-8688 (§7 (Drag feedback)),VIU-Pending
SCH-DND-07,C29961,https://shopview.testrail.io/index.php?/cases/view/29961,Drag-and-Drop Scheduling,Scheduling a technician onto a line adds them to its labor roster,65,KEEP,SENSIBLE,PASS,"SV-8688 (§1.2 (Goals - roster sync), §4.3 (roster add), §7)",VIU-Pending
SCH-DND-08,C29962,https://shopview.testrail.io/index.php?/cases/view/29962,Drag-and-Drop Scheduling,A click-to-arm alternative exists for scheduling without dragging,65,KEEP,SENSIBLE,PASS,"SV-8688 (§7 (Keyboard support - click-to-arm), §11 (Accessibility))",VIU-Pending
SCH-EDGE-02,C30086,https://shopview.testrail.io/index.php?/cases/view/30086,Edge Cases and Responsiveness,Below 960px the grid scrolls sideways and the sidebar collapses,63,KEEP,SENSIBLE,PASS,"SV-8686,SV-8687 (§11 (Responsiveness - grid scrolls horizontally below 960px; sidebar collapses))",VIU-Pending
SCH-EDGE-03,C30087,https://shopview.testrail.io/index.php?/cases/view/30087,Edge Cases and Responsiveness,The sidebar work order list and line drill-down stay smooth with 50+ items,74,WEAK-KEEP,SENSIBLE,PASS,SV-8687 (§11 (Performance - sidebar list and line drill-down virtualize at 50+ items)),VIU-Pending
SCH-EDGE-04,C30088,https://shopview.testrail.io/index.php?/cases/view/30088,Edge Cases and Responsiveness,The grid renders smoothly at full load - 15 technicians over 7 days,67,WEAK-KEEP,SENSIBLE,PASS,SV-8686 (§11 (Performance)),VIU-Pending
SCH-EDGE-05,C30089,https://shopview.testrail.io/index.php?/cases/view/30089,Edge Cases and Responsiveness,Shop closures do NOT block spread in V1 - shifts can land on closure days,73,KEEP,SENSIBLE,PASS,"SV-8691 (§12 (Shop closures), §4.5)",VIU-Pending
SCH-EDGE-06,C30090,https://shopview.testrail.io/index.php?/cases/view/30090,Edge Cases and Responsiveness,"Scheduled, estimated and actual clocked hours are three separate numbers",72,WEAK-KEEP,SENSIBLE,PASS,"SV-8691 (§4.5 (three separate quantities), §12)",VIU-Pending
SCH-EDGE-07,C38865,https://shopview.testrail.io/index.php?/cases/view/38865,Edge Cases and Responsiveness,A multi-week series keeps the same local start time across the clock change,75,KEEP,SENSIBLE,PASS,SV-8691 (§4.5 + tech-plan D2 NFR-005 DST),VIU-Pending
SCH-EDGE-08,C38866,https://shopview.testrail.io/index.php?/cases/view/38866,Edge Cases and Responsiveness,Schedule and all its dialogs display correctly in dark mode,59,KEEP,SENSIBLE,PASS,"SV-8685 (§11 (Dark theme - user-selectable Light / Dark, persisted per user))",VIU-Pending
SCH-EVT-01,C30016,https://shopview.testrail.io/index.php?/cases/view/30016,Events,Create an event via left-click 'Create Event' on empty grid space,65,KEEP,SENSIBLE,PASS,"SV-8696 (§4.10 (left-click menu on empty grid space), §7)",VIU-Pending
SCH-EVT-02,C30017,https://shopview.testrail.io/index.php?/cases/view/30017,Events,Day view event creation shows a live preview block you can drag to resize,73,KEEP,SENSIBLE,PASS,"SV-8696 (§4.10 (left-click menu entry; day-view live preview, drag-to-resize))",VIU-Pending
SCH-EVT-03,C30018,https://shopview.testrail.io/index.php?/cases/view/30018,Events,Event modal fields all save; the all-day toggle creates an all-day event,72,KEEP,SENSIBLE,PASS,"SV-8696 (§4.10 (Event modal), §8.1 (Event allDay field))",VIU-Pending
SCH-EVT-05,C30020,https://shopview.testrail.io/index.php?/cases/view/30020,Events,Events can be dragged to another technician or another day,58,KEEP,SENSIBLE,PASS,"SV-8696 (§4.10 (Drag-and-drop to reassign/move), §7 (toast))",VIU-Pending
SCH-EVT-06,C30021,https://shopview.testrail.io/index.php?/cases/view/30021,Events,Event cards look structurally distinct from shift cards,55,KEEP,SENSIBLE,PASS,SV-8696 (§4.10 (Event card anatomy)),VIU-Pending
SCH-EVT-07,C30022,https://shopview.testrail.io/index.php?/cases/view/30022,Events,Events default to grey; choosing a color tints the card and chip,64,WEAK-KEEP,SENSIBLE,PASS,"SV-8696 (§4.10 (Event color), §10)",VIU-Pending
SCH-EVT-08,C30615,https://shopview.testrail.io/index.php?/cases/view/30615,Events,An event's hours count toward the capacity bar but raise no conflict,68,KEEP,SENSIBLE,PASS,"SV-8696 (§4.10 (Events), §4.11 (events not conflict-checked), §4.12 (event time included in the utilization total))",VIU-Pending
SCH-FILT-01,C29942,https://shopview.testrail.io/index.php?/cases/view/29942,Sidebar - Work Order Filters,The 'Filters' button opens Assignment / Status / Priority filter groups,71,KEEP,SENSIBLE,PASS,SV-8687 (§5.1),VIU-Pending
SCH-FILT-02,C29943,https://shopview.testrail.io/index.php?/cases/view/29943,Sidebar - Work Order Filters,Assignment filter narrows the list to Assigned or Unassigned work orders,72,KEEP,SENSIBLE,PASS,"SV-8687 (§5.1, §3.1)",VIU-Pending
SCH-FILT-03,C29944,https://shopview.testrail.io/index.php?/cases/view/29944,Sidebar - Work Order Filters,Status filter narrows the list to work orders in the chosen status(es),70,KEEP,SENSIBLE,PASS,SV-8687 (§5.1),VIU-Pending
SCH-FILT-04,C29945,https://shopview.testrail.io/index.php?/cases/view/29945,Sidebar - Work Order Filters,"Priority filter offers High, Medium, Low and narrows the list accordingly",73,KEEP,SENSIBLE,PASS,SV-8687 (§5.1),VIU-Pending
SCH-FILT-05,C29946,https://shopview.testrail.io/index.php?/cases/view/29946,Sidebar - Work Order Filters,'Clear all' resets every applied sidebar filter in one click,60,KEEP,SENSIBLE,PASS,SV-8687 (§5.1),VIU-Pending
SCH-FILT-06,C29947,https://shopview.testrail.io/index.php?/cases/view/29947,Sidebar - Work Order Filters,Search and filter work together - both can be active at the same time,69,KEEP,SENSIBLE,PASS,SV-8687 (§5.1),VIU-Pending
SCH-HRS-02,C38847,https://shopview.testrail.io/index.php?/cases/view/38847,Working Hours Settings,Business-hours toggle reveals a per-day (Mon-Sun) From-To editor,64,KEEP,SENSIBLE,PASS,"SV-8699 (§4.2 Working Hours - business hours toggle, per-day From/To editor)",VIU-Pending
SCH-HRS-03,C38848,https://shopview.testrail.io/index.php?/cases/view/38848,Working Hours Settings,"Edit Staff has a 'Set custom hours for this technician' toggle, off by default",78,KEEP,SENSIBLE,PASS,SV-8699 (§4.2 Working Hours - technician custom-hours toggle),VIU-Pending
SCH-HRS-04,C38849,https://shopview.testrail.io/index.php?/cases/view/38849,Working Hours Settings,A technician with no custom hours inherits the shop business hours,66,KEEP,SENSIBLE,PASS,SV-8699 (§4.2 Working Hours - inherit shop hours when no custom hours),VIU-Pending
SCH-HRS-05,C38850,https://shopview.testrail.io/index.php?/cases/view/38850,Working Hours Settings,"'Add hours' appends a removable second range for split shifts, starting empty",77,KEEP,SENSIBLE,PASS,SV-8699 (§4.2 Working Hours - Add hours split shifts),VIU-Pending
SCH-HRS-06,C38851,https://shopview.testrail.io/index.php?/cases/view/38851,Working Hours Settings,Overlapping hour ranges block Save; incomplete rows are ignored,63,KEEP,SENSIBLE,PASS,SV-8699 (§4.2 Working Hours - overlap validation; incomplete rows ignored by overlap check),VIU-Pending
SCH-KEY-01,C30066,https://shopview.testrail.io/index.php?/cases/view/30066,Keyboard Interactions,"Escape closes the topmost open modal or popover, following the stacking order",77,KEEP,SENSIBLE,PASS,"SV-8700 (§7 (Keyboard support - Escape, including within the shift modal))",VIU-Pending
SCH-KEY-03,C30068,https://shopview.testrail.io/index.php?/cases/view/30068,Keyboard Interactions,"Enter confirms the active dialog, but not inside a note textarea",64,KEEP,SENSIBLE,PASS,SV-8700 (§7 (Keyboard support - Enter; Enter does not fire inside textareas)),VIU-Pending
SCH-KEY-05,C30070,https://shopview.testrail.io/index.php?/cases/view/30070,Keyboard Interactions,Modals trap focus and all interactive elements are keyboard-reachable,69,KEEP,SENSIBLE,PASS,SV-8700 (§11 (Accessibility)),VIU-Pending
SCH-LANE-01,C29996,https://shopview.testrail.io/index.php?/cases/view/29996,Overlap and Lane Stacking,"Non-overlapping same-day shifts share one lane, even from different orders",74,KEEP,SENSIBLE,PASS,"SV-8693 (§4.7, §12 (edge case))",VIU-Pending
SCH-LANE-02,C29997,https://shopview.testrail.io/index.php?/cases/view/29997,Overlap and Lane Stacking,Shifts whose times intersect split into stacked lanes and the row grows to fit,78,KEEP,SENSIBLE,PASS,"SV-8693 (§4.7, §4.11)",VIU-Pending
SCH-LANE-03,C29998,https://shopview.testrail.io/index.php?/cases/view/29998,Overlap and Lane Stacking,Visible lanes cap at 3; extra overlapping shifts collapse into '+N more',72,KEEP,SENSIBLE,PASS,SV-8693 (§4.7),VIU-Pending
SCH-LANE-04,C29999,https://shopview.testrail.io/index.php?/cases/view/29999,Overlap and Lane Stacking,"Lane stacking and the '+N more' overflow apply in day, week, and month views",76,KEEP,SENSIBLE,PASS,SV-8693 (§4.7),VIU-Pending
SCH-LINE-01,C29948,https://shopview.testrail.io/index.php?/cases/view/29948,Sidebar - Line Drill-Down,"Work order card opens the line drill-down in place, with header and back control",80,KEEP,SENSIBLE,PASS,SV-8687 (§3.1 (Line drill-down)),VIU-Pending
SCH-LINE-03,C29950,https://shopview.testrail.io/index.php?/cases/view/29950,Sidebar - Line Drill-Down,Only approved work order lines appear in the drill-down,55,KEEP,SENSIBLE,PASS,SV-8687 (§3.1 (Line drill-down - approved-only)),VIU-Pending
SCH-LINE-04,C29951,https://shopview.testrail.io/index.php?/cases/view/29951,Sidebar - Line Drill-Down,"Line row shows title, hours, the technician roster and a drag handle",68,KEEP,SENSIBLE,PASS,"SV-8687 (§3.1 (Line drill-down), §8.1 (Line labor roster - no cap))",VIU-Pending
SCH-LINE-05,C29952,https://shopview.testrail.io/index.php?/cases/view/29952,Sidebar - Line Drill-Down,Lines with no technician assigned show a 'Needs techs' badge,60,KEEP,SENSIBLE,PASS,SV-8687 (§3.1 (Line drill-down - Needs techs badge)),VIU-Pending
SCH-LINE-06,C29953,https://shopview.testrail.io/index.php?/cases/view/29953,Sidebar - Line Drill-Down,'Search lines' matches the line title/name only,47,KEEP,SENSIBLE,PASS,SV-8687 (§3.1 (Line search)),VIU-Pending
SCH-LINE-07,C29954,https://shopview.testrail.io/index.php?/cases/view/29954,Sidebar - Line Drill-Down,'All / Unscheduled' filter chips show counts and filter the line list,69,KEEP,SENSIBLE,PASS,"SV-8687 (§3.1, §5.1 (drill-down filters))",VIU-Pending
SCH-MCAL-01,C29932,https://shopview.testrail.io/index.php?/cases/view/29932,Sidebar - Mini Calendar,Clicking a date in the mini calendar navigates the main grid to that date,73,KEEP,SENSIBLE,PASS,"SV-8687 (§3.1, §5.2)",VIU-Pending
SCH-MCAL-02,C29933,https://shopview.testrail.io/index.php?/cases/view/29933,Sidebar - Mini Calendar,Mini calendar month/year picker has month buttons and year arrows,65,KEEP,SENSIBLE,PASS,SV-8687 (§5.2),VIU-Pending
SCH-MCAL-03,C29934,https://shopview.testrail.io/index.php?/cases/view/29934,Sidebar - Mini Calendar,A chevron toggle collapses and expands the mini calendar grid,61,KEEP,SENSIBLE,PASS,"SV-8687 (§3.1, §5.2)",VIU-Pending
SCH-MCAL-04,C29935,https://shopview.testrail.io/index.php?/cases/view/29935,Sidebar - Mini Calendar,"Mini calendar highlights the selected date, today, and the hovered week",71,WEAK-KEEP,SENSIBLE,PASS,SV-8687 (§5.2),VIU-Pending
SCH-MODAL-01,C30008,https://shopview.testrail.io/index.php?/cases/view/30008,Shift Detail Modal,"Clicking a shift opens its detail modal, with VIN always visible",64,KEEP,SENSIBLE,PASS,"SV-8695 (§4.9, §9 (VIN always in modal))",VIU-Pending
SCH-MODAL-02,C30009,https://shopview.testrail.io/index.php?/cases/view/30009,Shift Detail Modal,Scheduled date and start/end time pickers work in 15-minute increments,70,KEEP,SENSIBLE,PASS,SV-8695 (§4.9),VIU-Pending
SCH-MODAL-03,C30010,https://shopview.testrail.io/index.php?/cases/view/30010,Shift Detail Modal,The modal shows the technician and time logged vs estimate progress,67,KEEP,SENSIBLE,PASS,SV-8695 (§4.9),VIU-Pending
SCH-MODAL-04,C30011,https://shopview.testrail.io/index.php?/cases/view/30011,Shift Detail Modal,The modal lists the scheduled line(s) with no money fields,58,KEEP,SENSIBLE,PASS,"SV-8695 (§4.9, §4.4)",VIU-Pending
SCH-MODAL-05,C30012,https://shopview.testrail.io/index.php?/cases/view/30012,Shift Detail Modal,Estimated hours can be edited inline in the modal,49,KEEP,SENSIBLE,PASS,SV-8695 (§4.9 (Estimated hours with inline edit)),VIU-Pending
SCH-MODAL-06,C30013,https://shopview.testrail.io/index.php?/cases/view/30013,Shift Detail Modal,"Notes can be added, edited, and deleted per work order from the modal",69,KEEP,SENSIBLE,PASS,"SV-8695 (§4.9 (Notes: add, edit, and delete per work order))",VIU-Pending
SCH-MODAL-07,C30014,https://shopview.testrail.io/index.php?/cases/view/30014,Shift Detail Modal,A conflicted shift's modal shows a conflict banner with an 'Adjust' action,74,KEEP,SENSIBLE,PASS,SV-8695 (§4.9 (conflict banner + Adjust)),VIU-Pending
SCH-MODAL-08,C30015,https://shopview.testrail.io/index.php?/cases/view/30015,Shift Detail Modal,Shift modal offers Delete only - there is no Reassign action,60,KEEP,SENSIBLE,PASS,"SV-8695 (§4.9 (Actions - Delete only; Reassign removed in Confluence v23), §7)",VIU-Pending
SCH-NAV-01,C29925,https://shopview.testrail.io/index.php?/cases/view/29925,Navigation and Layout,Schedule opens from the top-level navigation into a sidebar + grid layout,73,KEEP,SENSIBLE,PASS,"SV-8686 (§3, §3.1, §3.2)",VIU-Pending
SCH-NAV-03,C29927,https://shopview.testrail.io/index.php?/cases/view/29927,Navigation and Layout,Day / Week / Month segmented control switches the grid between the three views,78,KEEP,SENSIBLE,PASS,"SV-8686 (§3.2, §6)",VIU-Pending
SCH-NAV-04,C29928,https://shopview.testrail.io/index.php?/cases/view/29928,Navigation and Layout,Grid rows are grouped by department under group headers,55,KEEP,SENSIBLE,PASS,"SV-8686 (§3.2, §14.4)",VIU-Pending
SCH-NAV-05,C29929,https://shopview.testrail.io/index.php?/cases/view/29929,Navigation and Layout,Collapsing a department header hides its technician rows,56,KEEP,SENSIBLE,PASS,SV-8686 (§3.2),VIU-Pending
SCH-NAV-06,C29930,https://shopview.testrail.io/index.php?/cases/view/29930,Navigation and Layout,No Tech/Dept toggle - department grouping is the only grid grouping,67,WEAK-KEEP,SENSIBLE,PASS,SV-8686 (§3.2),VIU-Pending
SCH-NAV-07,C29931,https://shopview.testrail.io/index.php?/cases/view/29931,Navigation and Layout,"An Unassigned row sits inside the grid, not in a separate tray",62,KEEP,SENSIBLE,PASS,"SV-8686 (§3.2, §4.2)",VIU-Pending
SCH-PERM-01,C30074,https://shopview.testrail.io/index.php?/cases/view/30074,Permissions,Schedule: View grants the full read-only experience across the whole page,73,KEEP,SENSIBLE,PASS,"SV-8685 [epic - cross-cutting, no single-story owner] (§14.1 (Schedule: View), §14.3)",VIU-Pending
SCH-PERM-02,C30075,https://shopview.testrail.io/index.php?/cases/view/30075,Permissions,View-only: every editing affordance is hidden or disabled,57,KEEP,SENSIBLE,PASS,"SV-8685 [epic - cross-cutting, no single-story owner] (§14.1 (Schedule: View - editing affordances hidden or disabled))",VIU-Pending
SCH-PERM-03,C30076,https://shopview.testrail.io/index.php?/cases/view/30076,Permissions,"With Schedule: View OFF, the Schedule top-level nav item is hidden entirely",75,KEEP,SENSIBLE,PASS,"SV-8685 [epic - cross-cutting, no single-story owner] (§14.1 (When Schedule: View is OFF))",VIU-Pending
SCH-PERM-04,C30077,https://shopview.testrail.io/index.php?/cases/view/30077,Permissions,Schedule: Edit unlocks all creation and modification interactions,65,KEEP,SENSIBLE,PASS,"SV-8685 [epic - cross-cutting, no single-story owner] (§14.1 (Schedule: Edit))",VIU-Pending
SCH-PERM-05,C30078,https://shopview.testrail.io/index.php?/cases/view/30078,Permissions,Edit without Delete: the user can create and modify but not remove,66,KEEP,SENSIBLE,PASS,"SV-8685 [epic - cross-cutting, no single-story owner] (§14.1 (Schedule: Delete - without it))",VIU-Pending
SCH-PERM-06,C30079,https://shopview.testrail.io/index.php?/cases/view/30079,Permissions,Schedule: Delete unlocks deleting shifts and events,51,KEEP,SENSIBLE,PASS,"SV-8685 [epic - cross-cutting, no single-story owner] (§14.1 (Schedule: Delete))",VIU-Pending
SCH-PERM-07,C30080,https://shopview.testrail.io/index.php?/cases/view/30080,Permissions,"Permission tiers nest: Delete requires Edit, Edit requires View",63,KEEP,SENSIBLE,PASS,"SV-8685 [epic - cross-cutting, no single-story owner] (§14 (Delete requires Edit and Edit requires View))",VIU-Pending
SCH-PERM-08,C30081,https://shopview.testrail.io/index.php?/cases/view/30081,Permissions,Schedule without Work Orders: View - the sidebar hides the work order list,74,KEEP,SENSIBLE,PASS,SV-8687 (§14.2),VIU-Pending
SCH-PERM-09,C30082,https://shopview.testrail.io/index.php?/cases/view/30082,Permissions,No own-only restriction: a View user sees ALL technicians' shifts,65,KEEP,SENSIBLE,PASS,"SV-8685 [epic - cross-cutting, no single-story owner] (§14.3)",VIU-Pending
SCH-PERM-10,C30083,https://shopview.testrail.io/index.php?/cases/view/30083,Permissions,"Grid rows are department-based, not role-based",46,KEEP,SENSIBLE,PASS,SV-8686 (§14.4),VIU-Pending
SCH-PERM-11,C30084,https://shopview.testrail.io/index.php?/cases/view/30084,Permissions,Clocking into line tasks is gated by the staff 'Time Clock' setting,67,KEEP,SENSIBLE,PASS,SV-8686 (§14.4 (Time Clock setting)),VIU-Pending
SCH-PERM-12,C30614,https://shopview.testrail.io/index.php?/cases/view/30614,Permissions,"With Work Orders: View OFF, work order details on shifts are hidden",67,KEEP,SENSIBLE,PASS,SV-8687 (§14.2 (Work Orders: View dependency)),VIU-Pending
SCH-REAS-01,C30052,https://shopview.testrail.io/index.php?/cases/view/30052,Reassignment and Context Menu,"Dragging a shift to another technician row reassigns it, with a confirm modal",77,KEEP,SENSIBLE,PASS,"SV-8695 (§7 (Shift reassignment), §12)",VIU-Pending
SCH-REAS-03,C30054,https://shopview.testrail.io/index.php?/cases/view/30054,Reassignment and Context Menu,Left-click empty grid space opens a menu: Create Event and New Work Order,73,KEEP,SENSIBLE,PASS,"SV-8700 (§7 (left-click menu on empty grid space; View Day and New Shift removed), §14.1 (creation via the cell menu))",VIU-Pending
SCH-REAS-06,C38855,https://shopview.testrail.io/index.php?/cases/view/38855,Reassignment and Context Menu,'New Work Order' in the cell menu points the user to the Work Orders tab,72,KEEP,SENSIBLE,PASS,SV-8700 (§7 / §4.10 New Work Order cell-menu shortcut),VIU-Pending
SCH-REG-01,C38867,https://shopview.testrail.io/index.php?/cases/view/38867,Cross-Module and Rewrite Regression,Shifts and events created before the Schedule rewrite still appear after it,75,KEEP,SENSIBLE,PASS,"SV-8685 [epic - cross-cutting, no single-story owner] (tech-plan §3 FR-015 data migration)",VIU-Pending
SCH-REG-02,C38868,https://shopview.testrail.io/index.php?/cases/view/38868,Cross-Module and Rewrite Regression,Dashboard shows one schedule row per work order even with many shifts,69,KEEP,SENSIBLE,PASS,"SV-8685 [epic - cross-cutting, no single-story owner] (tech-plan §4 Dashboard FR-016)",VIU-Pending
SCH-REG-03,C38869,https://shopview.testrail.io/index.php?/cases/view/38869,Cross-Module and Rewrite Regression,A work order created with an appointment shows up on the Schedule board,71,KEEP,SENSIBLE,PASS,"SV-8685 [epic - cross-cutting, no single-story owner] (tech-plan §4 WO-create AppointmentScheduler)",VIU-Pending
SCH-REG-04,C38870,https://shopview.testrail.io/index.php?/cases/view/38870,Cross-Module and Rewrite Regression,A multi-location technician's shift appears only on the work order's location,77,KEEP,SENSIBLE,PASS,"SV-8685 [epic - cross-cutting, no single-story owner] (tech-plan §3 WO-primary location resolution)",VIU-Pending
SCH-REG-05,C38871,https://shopview.testrail.io/index.php?/cases/view/38871,Cross-Module and Rewrite Regression,Work order form offers a Priority (High/Medium/Low) that drives the sidebar,75,KEEP,SENSIBLE,PASS,SV-8687 (§5.1 + tech-plan FR-P4 WO priority),VIU-Pending
SCH-SCOPE-01,C29963,https://shopview.testrail.io/index.php?/cases/view/29963,Scope Picker,Scope picker contents: the pinned whole-order row and the line rows,67,KEEP,SENSIBLE,PASS,SV-8689 (§4.3),VIU-Pending
SCH-SCOPE-02,C29964,https://shopview.testrail.io/index.php?/cases/view/29964,Scope Picker,'Schedule whole work order' assigns all lines and creates one shift,67,KEEP,SENSIBLE,PASS,"SV-8689 (§4.3, §4.4)",VIU-Pending
SCH-SCOPE-03,C29965,https://shopview.testrail.io/index.php?/cases/view/29965,Scope Picker,Tapping a line row creates a single-line shift with no confirm step,67,KEEP,SENSIBLE,PASS,SV-8689 (§4.3 (Individual line rows - fast path)),VIU-Pending
SCH-SCOPE-05,C29967,https://shopview.testrail.io/index.php?/cases/view/29967,Scope Picker,"'Select multiple' checkbox mode: running tally, Select all, and Cancel",70,KEEP,SENSIBLE,PASS,"SV-8689 (§4.3 (Select multiple, Select all shortcut, Cancel))",VIU-Pending
SCH-SER-01,C29987,https://shopview.testrail.io/index.php?/cases/view/29987,Linked Series and Banners,"Month view: series banner wraps across weeks, labeled once, then 'continues'",76,KEEP,SENSIBLE,PASS,SV-8692 (§4.6 (Month view)),VIU-Pending
SCH-SER-02,C29988,https://shopview.testrail.io/index.php?/cases/view/29988,Linked Series and Banners,"Week view: series banner spans the week, with chevrons and 'week N of M'",72,KEEP,SENSIBLE,PASS,SV-8692 (§4.6 (Week view)),VIU-Pending
SCH-SER-03,C29989,https://shopview.testrail.io/index.php?/cases/view/29989,Linked Series and Banners,Day view shows the series day as one block with a multi-week cue,64,WEAK-KEEP,SENSIBLE,PASS,SV-8692 (§4.6 (Day view)),VIU-Pending
SCH-SER-04,C29990,https://shopview.testrail.io/index.php?/cases/view/29990,Linked Series and Banners,A series is just a grouping - capacity and conflicts use the daily shifts,73,KEEP,SENSIBLE,PASS,"SV-8692 (§4.6, §8.2)",VIU-Pending
SCH-SPREAD-02,C29978,https://shopview.testrail.io/index.php?/cases/view/29978,Multi-Day Spread Scheduling,Spread step header shows the scope; 'Change scope' returns to the picker,72,KEEP,SENSIBLE,PASS,SV-8691 (§4.5),VIU-Pending
SCH-SPREAD-03,C29979,https://shopview.testrail.io/index.php?/cases/view/29979,Multi-Day Spread Scheduling,How-much selector defaults to Full estimate; preset amounts apply at once,73,KEEP,SENSIBLE,PASS,SV-8691 (§4.5 (How much to schedule)),VIU-Pending
SCH-SPREAD-04,C29980,https://shopview.testrail.io/index.php?/cases/view/29980,Multi-Day Spread Scheduling,'Until a date…' reveals a single finish-by date field,53,KEEP,SENSIBLE,PASS,SV-8691 (§4.5 (progressive disclosure)),VIU-Pending
SCH-SPREAD-05,C29981,https://shopview.testrail.io/index.php?/cases/view/29981,Multi-Day Spread Scheduling,'Specific hours…' reveals an hours stepper,42,KEEP,SENSIBLE,PASS,SV-8691 (§4.5 (progressive disclosure)),VIU-Pending
SCH-SPREAD-06,C29982,https://shopview.testrail.io/index.php?/cases/view/29982,Multi-Day Spread Scheduling,Start date defaults to the earliest working day and can be changed,66,KEEP,SENSIBLE,PASS,SV-8691 (§4.5 (Start date)),VIU-Pending
SCH-SPREAD-07,C29983,https://shopview.testrail.io/index.php?/cases/view/29983,Multi-Day Spread Scheduling,Spread uses the tech's working hours; skips weekends only when hours not set,76,KEEP,SENSIBLE,PASS,"SV-8691 (§4.5, §12 (shop closures))",VIU-Pending
SCH-SPREAD-08,C29984,https://shopview.testrail.io/index.php?/cases/view/29984,Multi-Day Spread Scheduling,"Spread preview: one-line summary, expandable to a week-by-week breakdown",72,KEEP,SENSIBLE,PASS,SV-8691 (§4.5 (Preview)),VIU-Pending
SCH-SPREAD-09,C29985,https://shopview.testrail.io/index.php?/cases/view/29985,Multi-Day Spread Scheduling,Confirming the spread creates a linked series of daily shifts,61,KEEP,SENSIBLE,PASS,"SV-8691 (§4.5 (Confirming), §4.6, §8.2)",VIU-Pending
SCH-SPREAD-10,C29986,https://shopview.testrail.io/index.php?/cases/view/29986,Multi-Day Spread Scheduling,The same work order on a second technician spreads the full estimate again,74,KEEP,SENSIBLE,PASS,"SV-8691 (§4.5 (independent per-tech spread), §12)",VIU-Pending
SCH-SPREAD-11,C38863,https://shopview.testrail.io/index.php?/cases/view/38863,Multi-Day Spread Scheduling,Spread past 8 weeks asks to confirm; a series can never exceed 120 shifts,73,KEEP,SENSIBLE,PASS,SV-8691 (§4.5 + tech-plan D8 series caps),VIU-Pending
SCH-START-01,C29969,https://shopview.testrail.io/index.php?/cases/view/29969,Shift Start Times and Unassigned Shifts,A shift's start time uses the technician's own working hours when set,69,KEEP,SENSIBLE,PASS,SV-8688 (§4.2),VIU-Pending
SCH-START-02,C29970,https://shopview.testrail.io/index.php?/cases/view/29970,Shift Start Times and Unassigned Shifts,"With no technician hours set, start time falls back to business hours",69,KEEP,SENSIBLE,PASS,SV-8688 (§4.2),VIU-Pending
SCH-START-03,C29971,https://shopview.testrail.io/index.php?/cases/view/29971,Shift Start Times and Unassigned Shifts,"With neither technician hours nor business hours set, a 7:00 AM default applies",79,KEEP,SENSIBLE,PASS,SV-8688 (§4.2),VIU-Pending
SCH-START-04,C29972,https://shopview.testrail.io/index.php?/cases/view/29972,Shift Start Times and Unassigned Shifts,In day view the start time comes from the drop position,55,KEEP,SENSIBLE,PASS,SV-8688 (§4.2 (day view drop position)),VIU-Pending
SCH-START-05,C29973,https://shopview.testrail.io/index.php?/cases/view/29973,Shift Start Times and Unassigned Shifts,Dropping onto the Unassigned row creates a shift with no technician,67,KEEP,SENSIBLE,PASS,"SV-8688 (§4.2 (Unassigned shifts), §3.2)",VIU-Pending
SCH-START-06,C29974,https://shopview.testrail.io/index.php?/cases/view/29974,Shift Start Times and Unassigned Shifts,Unassigned shift start time uses business hours or the default,62,WEAK-KEEP,SENSIBLE,PASS,SV-8688 (§4.2),VIU-Pending
SCH-START-07,C29975,https://shopview.testrail.io/index.php?/cases/view/29975,Shift Start Times and Unassigned Shifts,Dragging an unassigned shift onto a technician row assigns it,61,KEEP,SENSIBLE,PASS,"SV-8688 (§3.2 (Unassigned placeholder), §4.2)",VIU-Pending
SCH-TIP-01,C30034,https://shopview.testrail.io/index.php?/cases/view/30034,Hover Tooltips,Shift hover tooltip shows the full shift summary incl. up to 3 line names,73,KEEP,SENSIBLE,PASS,SV-8695 (§4.13 (Shift tooltip)),VIU-Pending
SCH-TIP-02,C30035,https://shopview.testrail.io/index.php?/cases/view/30035,Hover Tooltips,A conflicted shift's tooltip shows the icon and reason in amber,63,WEAK-KEEP,SENSIBLE,PASS,SV-8695 (§4.13 (Shift tooltip - conflict)),VIU-Pending
SCH-TIP-03,C30036,https://shopview.testrail.io/index.php?/cases/view/30036,Hover Tooltips,"Event hover tooltip shows name, grey category dot, time range and tech",70,KEEP,SENSIBLE,PASS,SV-8695 (§4.13 (Event tooltip)),VIU-Pending
SCH-TIP-04,C30037,https://shopview.testrail.io/index.php?/cases/view/30037,Hover Tooltips,"Tooltips open after a hover delay, dismiss on mouse-leave, are read-only",72,KEEP,SENSIBLE,PASS,SV-8695 (§4.13 (Behavior)),VIU-Pending
SCH-TIP-05,C30038,https://shopview.testrail.io/index.php?/cases/view/30038,Hover Tooltips,The tooltip flips or shifts to stay within the viewport - never clipped,71,WEAK-KEEP,SENSIBLE,PASS,SV-8695 (§4.13 (flip/shift to stay in viewport)),VIU-Pending
SCH-TOOL-01,C30039,https://shopview.testrail.io/index.php?/cases/view/30039,Grid Toolbar,'Today' button jumps the grid to the current date,49,KEEP,SENSIBLE,PASS,SV-8686 (§6 (Today button)),VIU-Pending
SCH-TOOL-02,C30040,https://shopview.testrail.io/index.php?/cases/view/30040,Grid Toolbar,"Left/right arrows step by day, week, or month to match the active range",71,KEEP,SENSIBLE,PASS,"SV-8686 (§6 (Left/right arrows, Date label))",VIU-Pending
SCH-TOOL-03,C30041,https://shopview.testrail.io/index.php?/cases/view/30041,Grid Toolbar,Toolbar search highlights matching blocks and fades non-matching ones,69,KEEP,SENSIBLE,PASS,SV-8686 (§6 (Search)),VIU-Pending
SCH-VIEW-01,C30042,https://shopview.testrail.io/index.php?/cases/view/30042,Filter and Display and View Options,"'Filter & Display' dropdown combines department toggles, My Shifts, and VIN",75,KEEP,SENSIBLE,PASS,"SV-8700 (§6, §9 (Filter and Display dropdown))",VIU-Pending
SCH-VIEW-02,C30043,https://shopview.testrail.io/index.php?/cases/view/30043,Filter and Display and View Options,Department toggles show or hide individual department groups in the grid,72,KEEP,SENSIBLE,PASS,SV-8700 (§9 (Department toggles)),VIU-Pending
SCH-VIEW-03,C30044,https://shopview.testrail.io/index.php?/cases/view/30044,Filter and Display and View Options,'My Shifts' filters the grid to only the current user's shifts,62,KEEP,SENSIBLE,PASS,"SV-8700 (§9 (My Shifts), §14.3)",VIU-Pending
SCH-VIEW-04,C30045,https://shopview.testrail.io/index.php?/cases/view/30045,Filter and Display and View Options,'VIN Number' toggle gates the block VIN only - tooltip and modal always show it,79,KEEP,SENSIBLE,PASS,"SV-8700 (§9 (VIN), §4.4); SV-8690 (§4.4, §9 (VIN option)); SV-8694 (§4.8 (Lane height with VIN))",VIU-Pending
SCH-VIEW-05,C30046,https://shopview.testrail.io/index.php?/cases/view/30046,Filter and Display and View Options,'View Options': six toggles with defaults; Capacity Bars and Events flip,72,KEEP,SENSIBLE,PASS,"SV-8700 (§6, §9 (View Options popover, Capacity Bars, Events), §4.12)",VIU-Pending
SCH-VIEW-06,C30047,https://shopview.testrail.io/index.php?/cases/view/30047,Filter and Display and View Options,Business Hours toggle shades non-working hours in day view,58,KEEP,SENSIBLE,PASS,"SV-8700 (§9 (Business Hours), §4.8 (Business-hours shading))",VIU-Pending
SCH-VIEW-09,C30050,https://shopview.testrail.io/index.php?/cases/view/30050,Filter and Display and View Options,Tech Hours toggle displays each technician's working hours next to their name,77,KEEP,SENSIBLE,PASS,SV-8700 (§9 (Tech Hours)),VIU-Pending
SCH-VIEW-10,C30051,https://shopview.testrail.io/index.php?/cases/view/30051,Filter and Display and View Options,Saturday and Sunday toggles include or exclude the weekend columns,66,KEEP,SENSIBLE,PASS,"SV-8700 (§9 (Saturday, Sunday), §3.2 (Week view))",VIU-Pending
SCH-WOL-01,C29936,https://shopview.testrail.io/index.php?/cases/view/29936,Sidebar - Work Order List and Search,The sidebar is a flat list of work order cards with no tabs,59,KEEP,SENSIBLE,PASS,"SV-8687 (§3.1, §5.1)",VIU-Pending
SCH-WOL-02,C29937,https://shopview.testrail.io/index.php?/cases/view/29937,Sidebar - Work Order List and Search,"Work order card anatomy, incl. the status-colored left border",61,KEEP,SENSIBLE,PASS,SV-8687 (§3.1 (Work order card anatomy)),VIU-Pending
SCH-WOL-04,C29939,https://shopview.testrail.io/index.php?/cases/view/29939,Sidebar - Work Order List and Search,"'Search work orders' matches work order number, customer, unit, and technician",78,KEEP,SENSIBLE,PASS,"SV-8687 (§3.1 (Sidebar search, Work order card anatomy))",VIU-Pending
SCH-WOL-05,C29940,https://shopview.testrail.io/index.php?/cases/view/29940,Sidebar - Work Order List and Search,Sidebar search filters the card list in real time as you type,61,WEAK-KEEP,SENSIBLE,PASS,SV-8687 (§3.1 (Sidebar search)),VIU-Pending
SCH-WOL-06,C29941,https://shopview.testrail.io/index.php?/cases/view/29941,Sidebar - Work Order List and Search,Sidebar search with no matching work orders shows an empty list,63,WEAK-KEEP,SENSIBLE,PASS,SV-8687 (§3.1 (derived - search behavior with no matches)),VIU-Pending
