"Date Range: Jul 1, 2026 - Aug 4, 2026"
"Locations: Staging Heavy Duty - 9919"
Representative,"Invoice #",Date,Customer,"Invoice Status","Hrs Worked","Hrs Invoiced","Inv. Hrs","Labor Invoiced","Labor Margin","Parts Invoiced","Parts Margin",Margin,"Margin %",Subtotal
"Parth Fadadu",,,,,0.0,0.0,0.0,"$1,979.40","$1,979.40","$2,459.48","$2,459.48","$4,438.88",100.0%,"$4,438.88"
,S-15826,"Jul 31 2026","Beman Systems",Unpaid,0.0,0.0,0.0,"$1,979.40","$1,979.40","$2,459.48","$2,459.48","$4,438.88",100.0%,"$4,438.88"
"ZZAUTOTEST RepA",,,,,0.0,0.0,0.0,$224.92,$224.92,$0.00,$0.00,$224.92,100.0%,$224.92
,S-16244,"Aug 04 2026","Aaborough Works",Unpaid,0.0,0.0,0.0,$224.92,$224.92,$0.00,$0.00,$224.92,100.0%,$224.92
"ZZAUTOTEST RepB",,,,,0.0,0.0,0.0,$799.84,$799.84,$0.00,$0.00,$799.84,100.0%,$799.84
,S-16243,"Aug 04 2026","Aacastle Services",Unpaid,0.0,0.0,0.0,$224.92,$224.92,$0.00,$0.00,$224.92,100.0%,$224.92
,S-16242,"Aug 04 2026","Aachester Partners",Unpaid,0.0,0.0,0.0,$224.92,$224.92,$0.00,$0.00,$224.92,100.0%,$224.92
,S-16241,"Aug 04 2026","Aacrest Works",Unpaid,0.0,0.0,0.0,$350.00,$350.00,$0.00,$0.00,$350.00,100.0%,$350.00
Totals,,,,,0.0,0.0,0.0,"$3,004.16","$3,004.16","$2,459.48","$2,459.48","$5,463.64",100.0%,"$5,463.64"
