"Date Range: Jun 30, 2026 - Aug 4, 2026"
"Locations: Staging Heavy Duty - 9919"
"WO #",Status,Customer,Branch,Total
S2-15953,Estimate,"Aicrest Motors","Staging Heavy Duty - 9919",$0.00
S2-15952,Estimate,"Aichester Electrical","Staging Heavy Duty - 9919",$0.00
S2-15951,Estimate,"Aicastle Ventures","Staging Heavy Duty - 9919",$0.00
S2-15948,Estimate,"Aibridge Landscaping","Staging Heavy Duty - 9919",$0.00
S2-15949,Estimate,"Aibrook Logistics","Staging Heavy Duty - 9919",$0.00
S2-15950,Estimate,"Aibrook Retail","Staging Heavy Duty - 9919",$0.00
S2-15946,Estimate,"Aiboro Oilfield Services","Staging Heavy Duty - 9919",$0.00
S2-15947,Estimate,"Aiborough Apparel","Staging Heavy Duty - 9919",$0.00
S2-15945,Estimate,"Ahaven Farms","Staging Heavy Duty - 9919",$0.00
S2-15944,Estimate,"Ahall Foods","Staging Heavy Duty - 9919",$0.00
S2-15943,Estimate,"Afield Equipment","Staging Heavy Duty - 9919",$0.00
S2-15942,Estimate,"Afalls Builders","Staging Heavy Duty - 9919",$0.00
S2-15941,Estimate,"Aewick Fabrication","Staging Heavy Duty - 9919",$0.00
S2-15940,Estimate,"Aeview Motors","Staging Heavy Duty - 9919",$0.00
S2-15938,Estimate,"Aevale Design","Staging Heavy Duty - 9919",$0.00
S2-15939,Estimate,"Aevale Maintenance","Staging Heavy Duty - 9919",$0.00
S2-15936,Estimate,"Aetown Mechanical","Staging Heavy Duty - 9919",$0.00
S2-15937,Estimate,"Aetown Towing","Staging Heavy Duty - 9919",$0.00
S2-15935,Estimate,"Aesquare Distributors","Staging Heavy Duty - 9919",$0.00
S2-15934,Estimate,"Aespring Towing","Staging Heavy Duty - 9919",$0.00
S2-15933,Estimate,"Aeson Technology","Staging Heavy Duty - 9919",$0.00
S2-15931,Estimate,"Aeridge Mechanical","Staging Heavy Duty - 9919",$0.00
S2-15932,Estimate,"Aeriver Media","Staging Heavy Duty - 9919",$0.00
S2-15929,Estimate,"Aemill Media","Staging Heavy Duty - 9919",$0.00
S2-15930,Estimate,"Aeridge Farms","Staging Heavy Duty - 9919",$0.00
S2-15927,Estimate,"Aemarket Farms","Staging Heavy Duty - 9919",$0.00
S2-15926,Estimate,"Aeman Maintenance","Staging Heavy Duty - 9919",$0.00
S2-15928,Estimate,"Aemill Fabrication","Staging Heavy Duty - 9919",$0.00
S2-15924,Estimate,"Aeline Industries","Staging Heavy Duty - 9919",$0.00
S2-15925,Estimate,"Aeline Ventures","Staging Heavy Duty - 9919",$0.00
S2-15922,Estimate,"Aehaven Solutions","Staging Heavy Duty - 9919",$0.00
S2-15923,Estimate,"Aeisland Ventures","Staging Heavy Duty - 9919",$0.00
S2-15921,Estimate,"Aehaven Hauling","Staging Heavy Duty - 9919",$0.00
S2-15920,Estimate,"Aeharbor Systems","Staging Heavy Duty - 9919",$0.00
S2-15919,Estimate,"Aehampton Solutions","Staging Heavy Duty - 9919",$0.00
S2-15918,Estimate,"Aehampton Electrical","Staging Heavy Duty - 9919",$0.00
S2-15916,Estimate,"Aegrove Enterprises","Staging Heavy Duty - 9919",$0.00
S2-15917,Estimate,"Aegrove Rentals","Staging Heavy Duty - 9919",$0.00
S2-15914,Estimate,"Aeford Rentals","Staging Heavy Duty - 9919",$0.00
S2-15915,Estimate,"Aegate Supply","Staging Heavy Duty - 9919",$0.00
S2-15913,Estimate,"Aeford Mechanical","Staging Heavy Duty - 9919",$0.00
S2-15912,Estimate,"Aefield Towing","Staging Heavy Duty - 9919",$0.00
S2-15911,Estimate,"Aefield Distributors","Staging Heavy Duty - 9919",$0.00
S2-15909,Estimate,"Aebrook Farms","Staging Heavy Duty - 9919",$0.00
S2-15910,Estimate,"Aecrest Industries","Staging Heavy Duty - 9919",$0.00
S2-15907,Estimate,"Achester Logistics","Staging Heavy Duty - 9919",$0.00
S2-15908,Estimate,"Adale Transport","Staging Heavy Duty - 9919",$0.00
S2-15905,Estimate,"Abridge Rentals","Staging Heavy Duty - 9919",$0.00
S2-15906,Estimate,"Aburg Industries","Staging Heavy Duty - 9919",$0.00
S2-15903,Estimate,"Aborough Media","Staging Heavy Duty - 9919",$0.00
S2-15904,Estimate,"Abridge Builders","Staging Heavy Duty - 9919",$0.00
S2-15901,Estimate,"Aawood Management","Staging Heavy Duty - 9919",$0.00
S2-15902,Estimate,"Aborough Enterprises","Staging Heavy Duty - 9919",$0.00
S2-15900,Estimate,"Aavale Partners","Staging Heavy Duty - 9919",$0.00
S2-15899,Estimate,"Aavale Apparel","Staging Heavy Duty - 9919",$0.00
S2-15897,Estimate,"Aastone Landscaping","Staging Heavy Duty - 9919",$0.00
S2-15898,Estimate,"Aastone Plumbing","Staging Heavy Duty - 9919",$0.00
S2-15896,Estimate,"Aaspring Retail","Staging Heavy Duty - 9919",$0.00
S2-15895,Estimate,"Aaspring Electrical","Staging Heavy Duty - 9919",$0.00
S2-15894,Estimate,"Aason Works","Staging Heavy Duty - 9919",$0.00
S2-15893,Estimate,"Aason Ventures","Staging Heavy Duty - 9919",$0.00
S2-15892,Estimate,"Aariver Technology","Staging Heavy Duty - 9919",$0.00
Totals,,,,$0.00
