"Date Range: Dec 31, 2025 - Aug 10, 2026"
"Locations: 3rd Loc"
"WO #",Status,Customer,Unit,Branch,Advisor,"Days Open",Earned,Remaining,Total
S3-16526,Estimate,"E2E PO Required Customer",,"3rd Loc","Admin ShopView","0 days",$0.00,$275.00,$275.00
S3-16525,Estimate,TestVT1,,"3rd Loc","Admin ShopView","0 days",$0.00,$325.00,$325.00
S3-16523,Estimate,TestVT1,,"3rd Loc","Admin ShopView","0 days",$0.00,$215.00,$215.00
S3-16522,Estimate,TestVT1,,"3rd Loc","Admin ShopView","0 days",$0.00,$641.78,$641.78
S3-16519,Estimate,TestVT1,,"3rd Loc","Admin ShopView","0 days",$0.00,$200.00,$200.00
S3-16518,Estimate,TestVT1,,"3rd Loc","Admin ShopView","0 days",$0.00,$275.00,$275.00
S3-16516,Estimate,TestVT1,,"3rd Loc","Admin ShopView","0 days",$0.00,$350.00,$350.00
S3-16514,Estimate,TestVT1,,"3rd Loc","Admin ShopView","0 days",$0.00,$200.00,$200.00
S3-16513,Estimate,TestVT1,,"3rd Loc","Admin ShopView","0 days",$0.00,$700.00,$700.00
S3-16512,Estimate,TestVT1,,"3rd Loc","Admin ShopView","0 days",$0.00,$600.00,$600.00
S3-16511,Estimate,TestVT1,,"3rd Loc","Admin ShopView","0 days",$0.00,$600.00,$600.00
S3-16510,Estimate,TestVT1,,"3rd Loc","Admin ShopView","0 days",$0.00,"$1,200.00","$1,200.00"
S3-16509,Estimate,TestVT1,,"3rd Loc","Admin ShopView","0 days",$0.00,$700.00,$700.00
S3-16508,Estimate,TestVT1,,"3rd Loc","Admin ShopView","0 days",$0.00,$550.00,$550.00
S3-16500,Estimate,"E2E PO Required Customer",,"3rd Loc","Admin ShopView","0 days",$0.00,$275.00,$275.00
S3-16499,Estimate,TestVT1,,"3rd Loc","Admin ShopView","0 days",$0.00,$325.00,$325.00
S3-16497,Estimate,TestVT1,,"3rd Loc","Admin ShopView","0 days",$0.00,$215.00,$215.00
S3-16496,Estimate,TestVT1,,"3rd Loc","Admin ShopView","0 days",$0.00,$641.78,$641.78
S3-16493,Estimate,TestVT1,,"3rd Loc","Admin ShopView","0 days",$0.00,$200.00,$200.00
S3-16492,Estimate,TestVT1,,"3rd Loc","Admin ShopView","0 days",$0.00,$275.00,$275.00
S3-16490,Estimate,TestVT1,,"3rd Loc","Admin ShopView","0 days",$0.00,$350.00,$350.00
S3-16488,Estimate,TestVT1,,"3rd Loc","Admin ShopView","0 days",$0.00,$200.00,$200.00
S3-16487,Estimate,TestVT1,,"3rd Loc","Admin ShopView","0 days",$0.00,$700.00,$700.00
S3-16486,Estimate,TestVT1,,"3rd Loc","Admin ShopView","0 days",$0.00,$600.00,$600.00
S3-16485,Estimate,TestVT1,,"3rd Loc","Admin ShopView","0 days",$0.00,$600.00,$600.00
S3-16484,Estimate,TestVT1,,"3rd Loc","Admin ShopView","0 days",$0.00,"$1,200.00","$1,200.00"
S3-16483,Estimate,TestVT1,,"3rd Loc","Admin ShopView","0 days",$0.00,$700.00,$700.00
S3-16482,Estimate,TestVT1,,"3rd Loc","Admin ShopView","0 days",$0.00,$550.00,$550.00
S3-16472,Estimate,"E2E PO Required Customer",,"3rd Loc","Admin ShopView","0 days",$0.00,$275.00,$275.00
S3-16471,Estimate,TestVT1,,"3rd Loc","Admin ShopView","0 days",$0.00,$325.00,$325.00
S3-16469,Estimate,TestVT1,,"3rd Loc","Admin ShopView","0 days",$0.00,$215.00,$215.00
S3-16468,Estimate,TestVT1,,"3rd Loc","Admin ShopView","0 days",$0.00,$641.78,$641.78
S3-16465,Estimate,TestVT1,,"3rd Loc","Admin ShopView","0 days",$0.00,$200.00,$200.00
S3-16464,Estimate,TestVT1,,"3rd Loc","Admin ShopView","0 days",$0.00,$275.00,$275.00
S3-16462,Estimate,TestVT1,,"3rd Loc","Admin ShopView","0 days",$0.00,$350.00,$350.00
S3-16460,Estimate,TestVT1,,"3rd Loc","Admin ShopView","0 days",$0.00,$200.00,$200.00
S3-16459,Estimate,TestVT1,,"3rd Loc","Admin ShopView","0 days",$0.00,$700.00,$700.00
S3-16458,Estimate,TestVT1,,"3rd Loc","Admin ShopView","0 days",$0.00,$600.00,$600.00
S3-16457,Estimate,TestVT1,,"3rd Loc","Admin ShopView","0 days",$0.00,$600.00,$600.00
S3-16456,Estimate,TestVT1,,"3rd Loc","Admin ShopView","0 days",$0.00,"$1,200.00","$1,200.00"
S3-16455,Estimate,TestVT1,,"3rd Loc","Admin ShopView","0 days",$0.00,$700.00,$700.00
S3-16454,Estimate,TestVT1,,"3rd Loc","Admin ShopView","0 days",$0.00,$550.00,$550.00
S3-16446,Estimate,"E2E PO Required Customer",,"3rd Loc","Admin ShopView","0 days",$0.00,$275.00,$275.00
S3-16445,Estimate,TestVT1,,"3rd Loc","Admin ShopView","0 days",$0.00,$325.00,$325.00
S3-16443,Estimate,TestVT1,,"3rd Loc","Admin ShopView","0 days",$0.00,$215.00,$215.00
S3-16442,Estimate,TestVT1,,"3rd Loc","Admin ShopView","0 days",$0.00,$641.78,$641.78
S3-16439,Estimate,TestVT1,,"3rd Loc","Admin ShopView","0 days",$0.00,$200.00,$200.00
S3-16438,Estimate,TestVT1,,"3rd Loc","Admin ShopView","0 days",$0.00,$275.00,$275.00
S3-16436,Estimate,TestVT1,,"3rd Loc","Admin ShopView","0 days",$0.00,$350.00,$350.00
S3-16434,Estimate,TestVT1,,"3rd Loc","Admin ShopView","0 days",$0.00,$200.00,$200.00
S3-16433,Estimate,TestVT1,,"3rd Loc","Admin ShopView","0 days",$0.00,$700.00,$700.00
S3-16432,Estimate,TestVT1,,"3rd Loc","Admin ShopView","0 days",$0.00,$600.00,$600.00
S3-16431,Estimate,TestVT1,,"3rd Loc","Admin ShopView","0 days",$0.00,$600.00,$600.00
S3-16430,Estimate,TestVT1,,"3rd Loc","Admin ShopView","0 days",$0.00,"$1,200.00","$1,200.00"
S3-16429,Estimate,TestVT1,,"3rd Loc","Admin ShopView","0 days",$0.00,$700.00,$700.00
S3-16428,Estimate,TestVT1,,"3rd Loc","Admin ShopView","0 days",$0.00,$550.00,$550.00
S3-16420,Estimate,"E2E PO Required Customer",,"3rd Loc","Admin ShopView","0 days",$0.00,$275.00,$275.00
S3-16419,Estimate,TestVT1,,"3rd Loc","Admin ShopView","0 days",$0.00,$325.00,$325.00
S3-16417,Estimate,TestVT1,,"3rd Loc","Admin ShopView","0 days",$0.00,$215.00,$215.00
S3-16416,Estimate,TestVT1,,"3rd Loc","Admin ShopView","0 days",$0.00,$641.78,$641.78
S3-16413,Estimate,TestVT1,,"3rd Loc","Admin ShopView","0 days",$0.00,$200.00,$200.00
S3-16412,Estimate,TestVT1,,"3rd Loc","Admin ShopView","0 days",$0.00,$275.00,$275.00
S3-16410,Estimate,TestVT1,,"3rd Loc","Admin ShopView","0 days",$0.00,$350.00,$350.00
S3-16408,Estimate,TestVT1,,"3rd Loc","Admin ShopView","0 days",$0.00,$200.00,$200.00
S3-16407,Estimate,TestVT1,,"3rd Loc","Admin ShopView","0 days",$0.00,$700.00,$700.00
S3-16406,Estimate,TestVT1,,"3rd Loc","Admin ShopView","0 days",$0.00,$600.00,$600.00
S3-16405,Estimate,TestVT1,,"3rd Loc","Admin ShopView","0 days",$0.00,$600.00,$600.00
S3-16404,Estimate,TestVT1,,"3rd Loc","Admin ShopView","0 days",$0.00,"$1,200.00","$1,200.00"
S3-16403,Estimate,TestVT1,,"3rd Loc","Admin ShopView","0 days",$0.00,$700.00,$700.00
S3-16402,Estimate,TestVT1,,"3rd Loc","Admin ShopView","0 days",$0.00,$550.00,$550.00
Totals,,,,,,,$0.00,"$34,158.90","$34,158.90"
