C-id,TestRail link,Title,Source cited BEFORE,Source cited NOW,Requirements now cited,Anchor quote-verified live,Changed this pass,What changed,Raw markup in tester text,Automation marker
C29925,https://shopview.testrail.io/index.php?/cases/view/29925,Schedule opens from the top-level navigation into a sidebar + grid layout,spec v23 | refs names no spec version,spec v27 | refs names no spec version,§3; §3.1; §3.2,yes,yes,spec version re-stamp only,no,AUTOMATION: READY
C29927,https://shopview.testrail.io/index.php?/cases/view/29927,Day / Week / Month segmented control switches the grid between the three views,spec v23 | refs names no spec version,spec v27 | refs names no spec version,§3.2; §6,yes,yes,spec version re-stamp only,"YES - pre-existing, not repaired",AUTOMATION: READY - EXPECT FAIL (SV-8826)
C29928,https://shopview.testrail.io/index.php?/cases/view/29928,Grid rows are grouped by department under group headers,spec v23 | refs names no spec version,spec v27 | refs names no spec version,§14.4; §3.2,yes,yes,spec version re-stamp only,no,AUTOMATION: READY
C29929,https://shopview.testrail.io/index.php?/cases/view/29929,Collapsing a department header hides its technician rows,spec v23 | refs names no spec version,spec v27 | refs names no spec version,§3.2,yes,yes,spec version re-stamp only,"YES - pre-existing, not repaired",AUTOMATION: READY
C29930,https://shopview.testrail.io/index.php?/cases/view/29930,No Tech/Dept toggle - department grouping is the only grid grouping,spec v23 | refs names no spec version,spec v27 | refs names no spec version,§3.2,yes,yes,spec version re-stamp only,no,AUTOMATION: READY
C29931,https://shopview.testrail.io/index.php?/cases/view/29931,"An Unassigned row sits inside the grid, not in a separate tray",spec v23 | refs names no spec version,spec v27 | refs names no spec version,§3.2; §4.2,yes,yes,spec version re-stamp only,no,AUTOMATION: READY
C43554,https://shopview.testrail.io/index.php?/cases/view/43554,Schedule opens on Day view the first time you open it from the navigation,spec v23 | refs names no spec version,spec v27 | refs names no spec version,(none - non-spec source named),n/a - no spec anchor cited,yes,spec version re-stamp only,no,AUTOMATION: READY - EXPECT FAIL (SV-8863)
C29932,https://shopview.testrail.io/index.php?/cases/view/29932,Clicking a date in the mini calendar navigates the main grid to that date,spec v23 | refs names no spec version,spec v27 | refs names no spec version,§3.1; §5.2,yes,yes,spec version re-stamp only,no,AUTOMATION: READY
C29933,https://shopview.testrail.io/index.php?/cases/view/29933,Mini calendar month/year picker has month buttons and year arrows,spec v23 | refs names no spec version,spec v27 | refs names no spec version,§5.2,yes,yes,spec version re-stamp only,"YES - pre-existing, not repaired",AUTOMATION: READY
C29934,https://shopview.testrail.io/index.php?/cases/view/29934,A chevron toggle collapses and expands the mini calendar grid,spec v23 | refs names no spec version,spec v27 | refs names no spec version,§3.1; §5.2,yes,yes,spec version re-stamp only,"YES - pre-existing, not repaired",AUTOMATION: READY
C29935,https://shopview.testrail.io/index.php?/cases/view/29935,"Mini calendar highlights the selected date, today, and the hovered week",spec v23 | refs names no spec version,spec v27 | refs names no spec version,§5.2,yes,yes,spec version re-stamp only,"YES - pre-existing, not repaired",AUTOMATION: READY
C29936,https://shopview.testrail.io/index.php?/cases/view/29936,The sidebar is a flat list of work order cards with no tabs,spec v23 | refs names no spec version,spec v27 | refs names no spec version,§3.1; §5.1,yes,yes,spec version re-stamp only,no,AUTOMATION: READY
C29937,https://shopview.testrail.io/index.php?/cases/view/29937,"Work order card anatomy, incl. the status-colored left border",spec v23 | refs names no spec version,spec v27 | refs names no spec version,§3.1,yes,yes,spec version re-stamp only,"YES - pre-existing, not repaired",AUTOMATION: READY
C29939,https://shopview.testrail.io/index.php?/cases/view/29939,"'Search work orders' matches work order number, customer, unit, and technician",spec v23 | refs names no spec version,spec v27 | refs names no spec version,§3.1,yes,yes,spec version re-stamp only,"YES - pre-existing, not repaired",AUTOMATION: READY - EXPECT FAIL (SV-8873)
C29940,https://shopview.testrail.io/index.php?/cases/view/29940,Sidebar search filters the card list in real time as you type,spec v23 | refs names no spec version,spec v27 | refs names no spec version,§3.1,yes,yes,spec version re-stamp only,"YES - pre-existing, not repaired",AUTOMATION: READY
C29941,https://shopview.testrail.io/index.php?/cases/view/29941,Sidebar search with no matching work orders shows an empty list,spec v23 | refs names no spec version,spec v27 | refs names no spec version,§3.1,yes,yes,spec version re-stamp only,"YES - pre-existing, not repaired",AUTOMATION: READY
C29942,https://shopview.testrail.io/index.php?/cases/view/29942,The 'Filters' button opens Assignment / Status / Priority filter groups,spec v23 | refs names no spec version,spec v27 | refs names no spec version,§5.1,yes,yes,spec version re-stamp only,no,AUTOMATION: READY
C29943,https://shopview.testrail.io/index.php?/cases/view/29943,Assignment filter narrows the list to Assigned or Unassigned work orders,spec v23 | refs names no spec version,spec v27 | refs names no spec version,§3.1; §5.1,yes,yes,spec version re-stamp only,"YES - pre-existing, not repaired",AUTOMATION: READY
C29944,https://shopview.testrail.io/index.php?/cases/view/29944,Status filter narrows the list to work orders in the chosen status(es),spec v23 | refs names no spec version,spec v27 | refs names no spec version,§5.1,yes,yes,spec version re-stamp only,"YES - pre-existing, not repaired",AUTOMATION: READY
C29945,https://shopview.testrail.io/index.php?/cases/view/29945,"Priority filter offers High, Medium, Low and narrows the list accordingly",spec v23 | refs names no spec version,spec v27 | refs names no spec version,§5.1,yes,yes,spec version re-stamp only,"YES - pre-existing, not repaired",AUTOMATION: READY
C29946,https://shopview.testrail.io/index.php?/cases/view/29946,'Clear all' resets every applied sidebar filter in one click,spec v23 | refs names no spec version,spec v27 | refs names no spec version,§5.1,yes,yes,spec version re-stamp only,"YES - pre-existing, not repaired",AUTOMATION: READY
C29947,https://shopview.testrail.io/index.php?/cases/view/29947,Search and filter work together - both can be active at the same time,spec v23 | refs names no spec version,spec v27 | refs names no spec version,§5.1,yes,yes,spec version re-stamp only,"YES - pre-existing, not repaired",AUTOMATION: READY
C29948,https://shopview.testrail.io/index.php?/cases/view/29948,"Work order card opens the line drill-down in place, with header and back control",spec v23 | refs names no spec version,spec v27 | refs names no spec version,§3.1,yes,yes,spec version re-stamp only,no,AUTOMATION: READY
C29950,https://shopview.testrail.io/index.php?/cases/view/29950,Only approved work order lines appear in the drill-down,spec v23 | refs names no spec version,spec v27 | refs names no spec version,§3.1,yes,yes,spec version re-stamp only,"YES - pre-existing, not repaired",AUTOMATION: READY
C29951,https://shopview.testrail.io/index.php?/cases/view/29951,"Line row shows title, hours, the technician roster and a drag handle",spec v23 | refs names no spec version,spec v27 | refs names no spec version,§3.1; §8.1,yes,yes,spec version re-stamp only,"YES - pre-existing, not repaired",AUTOMATION: READY
C29952,https://shopview.testrail.io/index.php?/cases/view/29952,Lines with no technician assigned show a 'Needs techs' badge,spec v23 | refs names no spec version,spec v27 | refs names no spec version,§3.1,yes,yes,spec version re-stamp only,"YES - pre-existing, not repaired",AUTOMATION: READY
C29953,https://shopview.testrail.io/index.php?/cases/view/29953,'Search lines' matches the line title/name only,spec v23 | refs names no spec version,spec v27 | refs names no spec version,§3.1,yes,yes,spec version re-stamp only,"YES - pre-existing, not repaired",AUTOMATION: READY
C29954,https://shopview.testrail.io/index.php?/cases/view/29954,'All / Unscheduled' filter chips show counts and filter the line list,spec v23 | refs names no spec version,spec v27 | refs names no spec version,§3.1; §5.1,yes,yes,spec version re-stamp only,"YES - pre-existing, not repaired",AUTOMATION: READY
C29955,https://shopview.testrail.io/index.php?/cases/view/29955,Dropping a single-line work order creates a shift with no scope picker,spec v23 | refs names no spec version,spec v27 | refs names no spec version,§1.2; §4.1; §7,yes,yes,spec version re-stamp only,no,AUTOMATION: READY
C29956,https://shopview.testrail.io/index.php?/cases/view/29956,Dropping a multi-line work order on a technician cell opens the scope picker,spec v23 | refs names no spec version,spec v27 | refs names no spec version,§4.1; §4.3,yes,yes,spec version re-stamp only,no,AUTOMATION: READY
C29957,https://shopview.testrail.io/index.php?/cases/view/29957,Dragging a line from the drill-down creates a single-line shift,spec v23 | refs names no spec version,spec v27 | refs names no spec version,§4.1,yes,yes,spec version re-stamp only,no,AUTOMATION: READY
C29958,https://shopview.testrail.io/index.php?/cases/view/29958,A job over the technician's daily hours opens the spread step,spec v23 | refs names no spec version,spec v27 | refs names no spec version,§4.1; §4.5,yes,yes,spec version re-stamp only,no,AUTOMATION: READY
C29959,https://shopview.testrail.io/index.php?/cases/view/29959,A scope that fits one working day skips the spread step,spec v23 | refs names no spec version,spec v27 | refs names no spec version,§4.1,yes,yes,spec version re-stamp only,no,AUTOMATION: READY
C29960,https://shopview.testrail.io/index.php?/cases/view/29960,"While dragging, target cells highlight and a ghost block follows",spec v23 | refs names no spec version,spec v27 | refs names no spec version,§7,yes,yes,spec version re-stamp only,no,AUTOMATION: READY - EXPECT FAIL (SV-8840)
C29961,https://shopview.testrail.io/index.php?/cases/view/29961,Scheduling a technician onto a line adds them to its labor roster,spec v23 | refs spec v23,spec v27 | refs spec v27,§1.2; §4.3; §7,yes,yes,spec version re-stamp only,no,AUTOMATION: READY
C29962,https://shopview.testrail.io/index.php?/cases/view/29962,A click-to-arm alternative exists for scheduling without dragging,spec v23 | refs names no spec version,spec v27 | refs names no spec version,§11; §7,yes,yes,spec version re-stamp only,no,AUTOMATION: READY - EXPECT FAIL (SV-8957)
C43555,https://shopview.testrail.io/index.php?/cases/view/43555,Month view: dragging a work order onto a day creates a shift for that day,spec v23 | refs names no spec version,spec v27 | refs names no spec version,§4.1; §4.2,yes,yes,spec version re-stamp only,no,"AUTOMATION: HOLD - waiting on the product owner's answer, and the question has not been sent yet"
C29963,https://shopview.testrail.io/index.php?/cases/view/29963,Scope picker contents: the pinned whole-order row and the line rows,spec v23 | refs names no spec version,spec v27 | refs names no spec version,§4.3,yes,yes,spec version re-stamp only,no,AUTOMATION: READY
C29964,https://shopview.testrail.io/index.php?/cases/view/29964,'Schedule whole work order' assigns all lines and creates one shift,spec v23 | refs names no spec version,spec v27 | refs names no spec version,§4.3; §4.4,yes,yes,spec version re-stamp only,no,AUTOMATION: READY
C29965,https://shopview.testrail.io/index.php?/cases/view/29965,Tapping a line row creates a single-line shift with no confirm step,spec v23 | refs names no spec version,spec v27 | refs names no spec version,§4.3,yes,yes,spec version re-stamp only,no,AUTOMATION: READY
C29967,https://shopview.testrail.io/index.php?/cases/view/29967,"'Select multiple' checkbox mode: running tally, Select all, and Cancel",spec v23 | refs names no spec version,spec v27 | refs names no spec version,§4.3,yes,yes,spec version re-stamp only,no,AUTOMATION: HOLD - not re-checked against the current build - it needs a drag that could not be completed
C29969,https://shopview.testrail.io/index.php?/cases/view/29969,A shift's start time uses the technician's own working hours when set,spec v23 | refs names no spec version,spec v27 | refs names no spec version,§4.2,yes,yes,spec version re-stamp only,no,AUTOMATION: READY
C29970,https://shopview.testrail.io/index.php?/cases/view/29970,"With no technician hours set, start time falls back to business hours",spec v23 | refs names no spec version,spec v27 | refs names no spec version,§4.2,yes,yes,spec version re-stamp only,no,AUTOMATION: READY
C29971,https://shopview.testrail.io/index.php?/cases/view/29971,"With neither technician hours nor business hours set, a 7:00 AM default applies",spec v23 | refs names no spec version,spec v27 | refs names no spec version,§4.2,yes,yes,spec version re-stamp only,no,AUTOMATION: READY
C29972,https://shopview.testrail.io/index.php?/cases/view/29972,In day view the start time comes from the drop position,spec v23 | refs names no spec version,spec v27 | refs names no spec version,§4.2,yes,yes,spec version re-stamp only,no,AUTOMATION: READY
C29973,https://shopview.testrail.io/index.php?/cases/view/29973,Dropping onto the Unassigned row creates a shift with no technician,spec v23 | refs names no spec version,spec v27 | refs names no spec version,§3.2; §4.2,yes,yes,spec version re-stamp only,no,AUTOMATION: READY
C29974,https://shopview.testrail.io/index.php?/cases/view/29974,Unassigned shift start time uses business hours or the default,spec v23 | refs names no spec version,spec v27 | refs names no spec version,§4.2,yes,yes,spec version re-stamp only,no,AUTOMATION: READY
C29975,https://shopview.testrail.io/index.php?/cases/view/29975,Dragging an unassigned shift onto a technician row assigns it,spec v23 | refs names no spec version,spec v27 | refs names no spec version,§3.2; §4.2,yes,yes,spec version re-stamp only,no,AUTOMATION: READY - EXPECT FAIL (SV-8924)
C29978,https://shopview.testrail.io/index.php?/cases/view/29978,Spread step header shows the scope; 'Change scope' returns to the picker,spec v23 | refs names no spec version,spec v27 | refs names no spec version,§4.5,yes,yes,spec version re-stamp only,"YES - pre-existing, not repaired",AUTOMATION: READY
C29979,https://shopview.testrail.io/index.php?/cases/view/29979,How-much selector defaults to Full estimate; preset amounts apply at once,spec v23 | refs names no spec version,spec v27 | refs names no spec version,§4.5,yes,yes,spec version re-stamp only,no,AUTOMATION: READY
C29980,https://shopview.testrail.io/index.php?/cases/view/29980,'Until a date…' reveals a single finish-by date field,spec v23 | refs names no spec version,spec v27 | refs names no spec version,§4.5,yes,yes,spec version re-stamp only,no,AUTOMATION: READY
C29981,https://shopview.testrail.io/index.php?/cases/view/29981,'Specific hours…' reveals an hours stepper,spec v23 | refs names no spec version,spec v27 | refs names no spec version,§4.5,yes,yes,spec version re-stamp only,no,AUTOMATION: READY
C29982,https://shopview.testrail.io/index.php?/cases/view/29982,Start date defaults to the earliest working day and can be changed,spec v23 | refs names no spec version,spec v27 | refs names no spec version,§4.5,yes,yes,spec version re-stamp only,no,AUTOMATION: HOLD - not re-checked against the current build - it needs a drag that could not be completed
C29983,https://shopview.testrail.io/index.php?/cases/view/29983,Spread uses the tech's working hours; skips weekends only when hours not set,spec v23 | refs names no spec version,spec v27 | refs names no spec version,§12; §4.5,yes,yes,spec version re-stamp only,no,"AUTOMATION: HOLD - waiting on the product owner's answer, and the question has not been sent yet"
C29984,https://shopview.testrail.io/index.php?/cases/view/29984,"Spread preview: one-line summary, expandable to a week-by-week breakdown",spec v23 | refs names no spec version,spec v27 | refs names no spec version,§4.5,yes,yes,spec version re-stamp only,no,AUTOMATION: HOLD - not re-checked against the current build - it needs a drag that could not be completed
C29985,https://shopview.testrail.io/index.php?/cases/view/29985,Confirming the spread creates a linked series of daily shifts,spec v23 | refs names no spec version,spec v27 | refs names no spec version,§4.5; §4.6; §8.2,yes,yes,spec version re-stamp only,no,AUTOMATION: HOLD - not re-checked against the current build - it needs a drag that could not be completed
C29986,https://shopview.testrail.io/index.php?/cases/view/29986,The same work order on a second technician spreads the full estimate again,spec v23 | refs names no spec version,spec v27 | refs names no spec version,§12; §4.5,yes,yes,spec version re-stamp only,no,AUTOMATION: READY
C38863,https://shopview.testrail.io/index.php?/cases/view/38863,Spread past 8 weeks asks to confirm; a series can never exceed 120 shifts,spec v23 | refs names no spec version,spec v27 | refs names no spec version,§4.5,yes,yes,spec version re-stamp only,no,AUTOMATION: READY
C29987,https://shopview.testrail.io/index.php?/cases/view/29987,"Month view: series banner wraps across weeks, labeled once, then 'continues'",spec v23 | refs names no spec version,spec v27 | refs names no spec version,§4.6,yes,yes,spec version re-stamp only,no,AUTOMATION: READY - EXPECT FAIL (SV-8958)
C29988,https://shopview.testrail.io/index.php?/cases/view/29988,"Week view: series banner spans the week, with chevrons and 'week N of M'",spec v23 | refs names no spec version,spec v27 | refs names no spec version,§4.6,yes,yes,spec version re-stamp only,no,AUTOMATION: READY
C29989,https://shopview.testrail.io/index.php?/cases/view/29989,Day view shows the series day as one block with a multi-week cue,spec v23 | refs names no spec version,spec v27 | refs names no spec version,§4.6,yes,yes,spec version re-stamp only,no,AUTOMATION: READY
C29990,https://shopview.testrail.io/index.php?/cases/view/29990,A series is just a grouping - capacity and conflicts use the daily shifts,spec v23 | refs names no spec version,spec v27 | refs names no spec version,§4.6; §8.2,yes,yes,spec version re-stamp only,no,AUTOMATION: READY
C29991,https://shopview.testrail.io/index.php?/cases/view/29991,"A single-line shift block shows customer, unit number and line name",spec v23 | refs names no spec version,spec v27 | refs names no spec version,§4.4,yes,yes,spec version re-stamp only,no,AUTOMATION: READY
C29992,https://shopview.testrail.io/index.php?/cases/view/29992,Whole-order and multi-line shifts both read 'N Lines' on the block,spec v23 | refs names no spec version,spec v27 | refs names no spec version,§12; §4.4,yes,yes,spec version re-stamp only,no,AUTOMATION: READY
C29995,https://shopview.testrail.io/index.php?/cases/view/29995,The conflict icon is the only icon on a shift block,spec v23 | refs names no spec version,spec v27 | refs names no spec version,§4.4,yes,yes,spec version re-stamp only,no,AUTOMATION: READY
C29996,https://shopview.testrail.io/index.php?/cases/view/29996,"Non-overlapping same-day shifts share one lane, even from different orders",spec v23 | refs names no spec version,spec v27 | refs names no spec version,§12; §4.7,yes,yes,spec version re-stamp only,no,AUTOMATION: READY
C29997,https://shopview.testrail.io/index.php?/cases/view/29997,Shifts whose times intersect split into stacked lanes and the row grows to fit,spec v23 | refs names no spec version,spec v27 | refs names no spec version,§4.11; §4.7,yes,yes,spec version re-stamp only,no,AUTOMATION: READY
C29998,https://shopview.testrail.io/index.php?/cases/view/29998,Visible lanes cap at 3; extra overlapping shifts collapse into '+N more',spec v23 | refs names no spec version,spec v27 | refs names no spec version,§4.7,yes,yes,spec version re-stamp only,no,AUTOMATION: READY
C29999,https://shopview.testrail.io/index.php?/cases/view/29999,"Lane stacking and the '+N more' overflow apply in day, week, and month views",spec v23 | refs names no spec version,spec v27 | refs names no spec version,§4.7,yes,yes,spec version re-stamp only,no,AUTOMATION: READY
C30001,https://shopview.testrail.io/index.php?/cases/view/30001,Day view auto-scrolls to the working-day start; manual scrolling stands,spec v23 | refs names no spec version,spec v27 | refs names no spec version,§4.8,yes,yes,spec version re-stamp only,no,AUTOMATION: READY - EXPECT FAIL (SV-8837)
C30003,https://shopview.testrail.io/index.php?/cases/view/30003,Date and time headers stick to the top during vertical scroll,spec v23 | refs names no spec version,spec v27 | refs names no spec version,§4.8,yes,yes,spec version re-stamp only,no,AUTOMATION: READY
C30004,https://shopview.testrail.io/index.php?/cases/view/30004,Dragging a shift sideways moves its start time in 15-minute steps,spec v23 | refs names no spec version,spec v27 | refs names no spec version,§4.8; §7,yes,yes,spec version re-stamp only,no,AUTOMATION: HOLD - not re-checked against the current build - it needs a drag that could not be completed
C30005,https://shopview.testrail.io/index.php?/cases/view/30005,Dragging a shift's left or right edge resizes its duration,spec v23 | refs names no spec version,spec v27 | refs names no spec version,§4.8,yes,yes,spec version re-stamp only,no,AUTOMATION: READY
C30006,https://shopview.testrail.io/index.php?/cases/view/30006,"A now line marks the current time on today's day view, with a label on hover",spec v23 | refs names no spec version,spec v27 | refs names no spec version,§4.8,yes,yes,spec version re-stamp only,no,AUTOMATION: READY
C30008,https://shopview.testrail.io/index.php?/cases/view/30008,"Clicking a shift opens its detail modal, with VIN always visible",spec v23 | refs names no spec version,spec v27 | refs names no spec version,§4.9; §9,yes,yes,spec version re-stamp only,no,AUTOMATION: READY
C30009,https://shopview.testrail.io/index.php?/cases/view/30009,Scheduled date and start/end time pickers work in 15-minute increments,spec v23 | refs names no spec version,spec v27 | refs names no spec version,§4.9,yes,yes,spec version re-stamp only,no,AUTOMATION: READY - EXPECT FAIL (SV-8833)
C30010,https://shopview.testrail.io/index.php?/cases/view/30010,The modal shows the technician and time logged vs estimate progress,spec v23 | refs names no spec version,spec v27 | refs names no spec version,§4.9,yes,yes,spec version re-stamp only,no,AUTOMATION: READY - EXPECT FAIL (SV-8834)
C30011,https://shopview.testrail.io/index.php?/cases/view/30011,The modal lists the scheduled line(s) with no money fields,spec v23 | refs names no spec version,spec v27 | refs names no spec version,§4.4; §4.9,yes,yes,the money half of the divergence is now settled by spec v25; the labor half remains,no,AUTOMATION: READY
C30012,https://shopview.testrail.io/index.php?/cases/view/30012,Estimated hours can be edited inline in the modal,spec v23 | refs names no spec version,spec v27 | refs names no spec version,§4.9,yes,yes,spec version re-stamp only,no,AUTOMATION: READY
C30013,https://shopview.testrail.io/index.php?/cases/view/30013,"Notes can be added, edited, and deleted per work order from the modal",spec v23 | refs names no spec version,spec v27 | refs names no spec version,§4.9,yes,yes,spec version re-stamp only,no,AUTOMATION: HOLD - not re-checked against the current build - it needs a drag that could not be completed
C30014,https://shopview.testrail.io/index.php?/cases/view/30014,A conflicted shift's modal shows a conflict banner with an 'Adjust' action,spec v23 | refs names no spec version,spec v27 | refs names no spec version,§4.9,yes,yes,spec version re-stamp only,no,AUTOMATION: READY - EXPECT FAIL (SV-8852)
C30015,https://shopview.testrail.io/index.php?/cases/view/30015,Shift modal offers Delete only - there is no Reassign action,spec v23 | refs names no spec version,spec v27 | refs names no spec version,§4.9; §7,yes,yes,spec version re-stamp only,no,AUTOMATION: READY
C30016,https://shopview.testrail.io/index.php?/cases/view/30016,Create an event via left-click 'Create Event' on empty grid space,spec v23 | refs names no spec version,spec v27 | refs names no spec version,§4.10; §7,yes,yes,spec version re-stamp only,no,AUTOMATION: READY
C30017,https://shopview.testrail.io/index.php?/cases/view/30017,Day view event creation shows a live preview block you can drag to resize,spec v23 | refs names no spec version,spec v27 | refs names no spec version,§4.10,yes,yes,spec version re-stamp only,no,AUTOMATION: READY
C30018,https://shopview.testrail.io/index.php?/cases/view/30018,Event modal fields all save; the all-day toggle creates an all-day event,spec v23 | refs names no spec version,spec v27 | refs names no spec version,§4.10; §8.1,yes,yes,spec version re-stamp only,no,AUTOMATION: READY
C30020,https://shopview.testrail.io/index.php?/cases/view/30020,Events can be dragged to another technician or another day,spec v23 | refs names no spec version,spec v27 | refs names no spec version,§4.10; §7,yes,yes,spec version re-stamp only,no,AUTOMATION: HOLD - not re-checked against the current build - it needs a drag that could not be completed
C30021,https://shopview.testrail.io/index.php?/cases/view/30021,Event cards look structurally distinct from shift cards,spec v23 | refs names no spec version,spec v27 | refs names no spec version,§4.10,yes,yes,spec version re-stamp only,no,AUTOMATION: READY
C30022,https://shopview.testrail.io/index.php?/cases/view/30022,Events default to grey; choosing a color tints the card and chip,spec v23 | refs names no spec version,spec v27 | refs names no spec version,§10; §4.10,yes,yes,spec version re-stamp only,no,AUTOMATION: READY
C30615,https://shopview.testrail.io/index.php?/cases/view/30615,An event's hours count toward the capacity bar but raise no conflict,spec v23 | refs names no spec version,spec v27 | refs names no spec version,§4.10; §4.11; §4.12,yes,yes,spec version re-stamp only,no,AUTOMATION: READY
C30023,https://shopview.testrail.io/index.php?/cases/view/30023,Double-booked: two overlapping work orders on one technician are flagged,spec v23 | refs names no spec version,spec v27 | refs names no spec version,§4.11,yes,yes,spec version re-stamp only,no,AUTOMATION: READY
C30024,https://shopview.testrail.io/index.php?/cases/view/30024,Working-day conflict: a shift outside the tech's working days is flagged,spec v23 | refs names no spec version,spec v27 | refs names no spec version,§4.11,yes,yes,spec version re-stamp only,no,AUTOMATION: READY
C30025,https://shopview.testrail.io/index.php?/cases/view/30025,Before-hours and after-hours shifts are flagged against the tech's hours,spec v23 | refs names no spec version,spec v27 | refs names no spec version,§4.11; §4.2,yes,yes,spec version re-stamp only,no,AUTOMATION: READY
C30027,https://shopview.testrail.io/index.php?/cases/view/30027,The toolbar conflict pill shows the count and opens a list,spec v23 | refs names no spec version,spec v27 | refs names no spec version,§4.11; §6,yes,yes,spec version re-stamp only,no,AUTOMATION: READY
C30028,https://shopview.testrail.io/index.php?/cases/view/30028,Clicking a conflict in the dropdown navigates to the relevant technician and day,spec v23 | refs names no spec version,spec v27 | refs names no spec version,§4.11,yes,yes,spec version re-stamp only,no,AUTOMATION: READY
C30029,https://shopview.testrail.io/index.php?/cases/view/30029,"Red styling is only for conflicts and errors, never for overtime",spec v23 | refs names no spec version,spec v27 | refs names no spec version,§4.11; §4.12,yes,yes,spec version re-stamp only,no,AUTOMATION: READY
C30030,https://shopview.testrail.io/index.php?/cases/view/30030,"Capacity bar fill = booked (shifts + events) vs available, clamped, equal tracks",spec v23 | refs names no spec version,spec v27 | refs names no spec version,§4.12,yes,yes,spec version re-stamp only,no,AUTOMATION: READY
C30031,https://shopview.testrail.io/index.php?/cases/view/30031,"Over capacity, an amber spill extends past the track's right edge",spec v23 | refs names no spec version,spec v27 | refs names no spec version,§4.12,yes,yes,spec version re-stamp only,no,AUTOMATION: READY
C30032,https://shopview.testrail.io/index.php?/cases/view/30032,'OT' text tag appears when one technician exceeds their own daily hours,spec v23 | refs names no spec version,spec v27 | refs names no spec version,§11; §4.12,yes,yes,spec version re-stamp only,no,AUTOMATION: READY
C30033,https://shopview.testrail.io/index.php?/cases/view/30033,Hovering a capacity bar shows a per-technician breakdown,spec v23 | refs names no spec version,spec v27 | refs names no spec version,§4.12,yes,yes,v26 narrowed the tooltip to assigned technicians,no,AUTOMATION: READY
C30034,https://shopview.testrail.io/index.php?/cases/view/30034,Shift hover tooltip shows the full shift summary incl. up to 3 line names,spec v23 | refs names no spec version,spec v27 | refs names no spec version,§4.13,yes,yes,spec version re-stamp only,no,AUTOMATION: READY
C30035,https://shopview.testrail.io/index.php?/cases/view/30035,A conflicted shift's tooltip shows the icon and reason in amber,spec v23 | refs names no spec version,spec v27 | refs names no spec version,§4.13,yes,yes,spec version re-stamp only,no,AUTOMATION: READY - EXPECT FAIL (SV-8959)
C30036,https://shopview.testrail.io/index.php?/cases/view/30036,"Event hover tooltip shows name, grey category dot, time range and tech",spec v23 | refs names no spec version,spec v27 | refs names no spec version,§4.13,yes,yes,spec version re-stamp only,no,AUTOMATION: READY - EXPECT FAIL (SV-8893)
C30037,https://shopview.testrail.io/index.php?/cases/view/30037,"Tooltips open after a hover delay, dismiss on mouse-leave, are read-only",spec v23 | refs names no spec version,spec v27 | refs names no spec version,§4.13,yes,yes,spec version re-stamp only,no,AUTOMATION: READY
C30038,https://shopview.testrail.io/index.php?/cases/view/30038,The tooltip flips or shifts to stay within the viewport - never clipped,spec v23 | refs names no spec version,spec v27 | refs names no spec version,§4.13,yes,yes,spec version re-stamp only,no,AUTOMATION: READY
C30039,https://shopview.testrail.io/index.php?/cases/view/30039,'Today' button jumps the grid to the current date,spec v23 | refs names no spec version,spec v27 | refs names no spec version,§6,yes,yes,spec version re-stamp only,no,AUTOMATION: READY
C30040,https://shopview.testrail.io/index.php?/cases/view/30040,"Left/right arrows step by day, week, or month to match the active range",spec v23 | refs names no spec version,spec v27 | refs names no spec version,§6,yes,yes,spec version re-stamp only,no,AUTOMATION: READY
C30041,https://shopview.testrail.io/index.php?/cases/view/30041,Toolbar search highlights matching blocks and fades non-matching ones,spec v23 | refs names no spec version,spec v27 | refs names no spec version,§6,yes,yes,the fade/highlight requirement was deleted from the spec in v24,no,AUTOMATION: READY - EXPECT FAIL (SV-8874)
C30042,https://shopview.testrail.io/index.php?/cases/view/30042,"'Filter & Display' dropdown combines department toggles, My Shifts, and VIN",spec v23 | refs names no spec version,spec v27 | refs names no spec version,§6; §9,yes,yes,spec version re-stamp only,no,AUTOMATION: READY
C30043,https://shopview.testrail.io/index.php?/cases/view/30043,Department toggles show or hide individual department groups in the grid,spec v23 | refs names no spec version,spec v27 | refs names no spec version,§9,yes,yes,spec version re-stamp only,no,AUTOMATION: READY
C30044,https://shopview.testrail.io/index.php?/cases/view/30044,'My Shifts' filters the grid to only the current user's shifts,spec v23 | refs names no spec version,spec v27 | refs names no spec version,§14.3; §9,yes,yes,spec version re-stamp only,no,AUTOMATION: HOLD - needs a second sign-in as a user with no staff record of their own
C30045,https://shopview.testrail.io/index.php?/cases/view/30045,'VIN Number' toggle gates the block VIN only - tooltip and modal always show it,spec v23 | refs names no spec version,spec v27 | refs names no spec version,§4.4; §4.8; §9,yes,yes,spec version re-stamp only,no,AUTOMATION: READY - EXPECT FAIL (SV-8941)
C30046,https://shopview.testrail.io/index.php?/cases/view/30046,'View Options': six toggles with defaults; Capacity Bars and Events flip,spec v23 | refs names no spec version,spec v27 | refs names no spec version,§4.12; §6; §9,yes,yes,spec version re-stamp only,no,AUTOMATION: READY - EXPECT FAIL (SV-8827)
C30047,https://shopview.testrail.io/index.php?/cases/view/30047,Business Hours toggle shades non-working hours in day view,spec v23 | refs names no spec version,spec v27 | refs names no spec version,§4.8; §9,yes,yes,spec version re-stamp only,no,AUTOMATION: READY
C30050,https://shopview.testrail.io/index.php?/cases/view/30050,Tech Hours toggle displays each technician's working hours next to their name,spec v23 | refs names no spec version,spec v27 | refs names no spec version,§9,yes,yes,spec version re-stamp only,no,AUTOMATION: READY - EXPECT FAIL (SV-8851)
C30051,https://shopview.testrail.io/index.php?/cases/view/30051,Saturday and Sunday toggles include or exclude the weekend columns,spec v23 | refs names no spec version,spec v27 | refs names no spec version,§3.2; §9,yes,yes,spec version re-stamp only,no,AUTOMATION: READY
C30052,https://shopview.testrail.io/index.php?/cases/view/30052,"Dragging a shift to another technician row reassigns it, with a confirm modal",spec v23 | refs names no spec version,spec v27 | refs names no spec version,§12; §7,yes,yes,spec version re-stamp only,no,AUTOMATION: READY
C30054,https://shopview.testrail.io/index.php?/cases/view/30054,Left-click empty grid space opens a menu: Create Event and New Work Order,spec v23 | refs names no spec version,spec v27 | refs names no spec version,§14.1; §7,yes,yes,spec version re-stamp only,no,AUTOMATION: READY
C38855,https://shopview.testrail.io/index.php?/cases/view/38855,'New Work Order' in the cell menu points the user to the Work Orders tab,spec v23 | refs names no spec version,spec v27 | refs names no spec version,§4.10; §7,yes,yes,spec version re-stamp only,no,AUTOMATION: READY
C43556,https://shopview.testrail.io/index.php?/cases/view/43556,Week view: a shift that is part of a repeating series can be reassigned,spec v23 | refs names no spec version,spec v27 | refs names no spec version,§12; §7,yes,yes,spec version re-stamp only,no,AUTOMATION: READY - EXPECT FAIL (SV-8867)
C30057,https://shopview.testrail.io/index.php?/cases/view/30057,Deleting a middle shift of a series offers all three scope options,spec v23 | refs names no spec version,spec v27 | refs names no spec version,§7,yes,yes,spec version re-stamp only,no,AUTOMATION: READY
C30058,https://shopview.testrail.io/index.php?/cases/view/30058,'This shift only' removes that day and the series keeps the gap,spec v23 | refs names no spec version,spec v27 | refs names no spec version,§7,yes,yes,spec version re-stamp only,no,AUTOMATION: READY
C30059,https://shopview.testrail.io/index.php?/cases/view/30059,'This and everything after' removes from the clicked shift onward,spec v23 | refs names no spec version,spec v27 | refs names no spec version,§7,yes,yes,spec version re-stamp only,no,AUTOMATION: READY
C30060,https://shopview.testrail.io/index.php?/cases/view/30060,'The whole series' removes all of the series' shifts for that technician,spec v23 | refs names no spec version,spec v27 | refs names no spec version,§7,yes,yes,spec version re-stamp only,no,AUTOMATION: READY
C30061,https://shopview.testrail.io/index.php?/cases/view/30061,Scope options adapt: the first and last shift each show only two,spec v23 | refs names no spec version,spec v27 | refs names no spec version,§7,yes,yes,spec version re-stamp only,no,AUTOMATION: READY
C30062,https://shopview.testrail.io/index.php?/cases/view/30062,Deleting a standalone (non-series) shift does not ask for a series scope,spec v23 | refs names no spec version,spec v27 | refs names no spec version,§7,yes,yes,spec version re-stamp only,no,AUTOMATION: READY
C30064,https://shopview.testrail.io/index.php?/cases/view/30064,"Toast lasts ~7s with Undo (about 4s without); stays on hover, goes on leave",spec v23 | refs names no spec version,spec v27 | refs names no spec version,§11; §7,yes,yes,spec version re-stamp only,no,AUTOMATION: READY
C30065,https://shopview.testrail.io/index.php?/cases/view/30065,"Every create/delete/move/reassign toasts with Undo, and Undo restores",spec v23 | refs names no spec version,spec v27 | refs names no spec version,§11; §7,yes,yes,spec version re-stamp only,no,AUTOMATION: READY
C38864,https://shopview.testrail.io/index.php?/cases/view/38864,"Schedule actions save immediately - Undo reverses them, closing does not cancel",spec v23 | refs names no spec version,spec v27 | refs names no spec version,§7,yes,yes,undo semantics are tech-plan sourced,no,AUTOMATION: READY
C30066,https://shopview.testrail.io/index.php?/cases/view/30066,"Escape closes the topmost open modal or popover, following the stacking order",spec v23 | refs names no spec version,spec v27 | refs names no spec version,§7,yes,yes,spec version re-stamp only,no,AUTOMATION: READY
C30068,https://shopview.testrail.io/index.php?/cases/view/30068,"Enter confirms the active dialog, but not inside a note textarea",spec v23 | refs names no spec version,spec v27 | refs names no spec version,§7,yes,yes,spec version re-stamp only,no,AUTOMATION: READY
C30070,https://shopview.testrail.io/index.php?/cases/view/30070,Modals trap focus and all interactive elements are keyboard-reachable,spec v23 | refs names no spec version,spec v27 | refs names no spec version,§11,yes,yes,spec version re-stamp only,no,AUTOMATION: READY
C30071,https://shopview.testrail.io/index.php?/cases/view/30071,"Blue is the default color for all shifts, including long and multi-week jobs",spec v23 | refs names no spec version,spec v27 | refs names no spec version,§10,yes,yes,spec version re-stamp only,no,AUTOMATION: READY
C30072,https://shopview.testrail.io/index.php?/cases/view/30072,"Shift modal color picker recolors that shift only, in matching tones",spec v23 | refs names no spec version,spec v27 | refs names no spec version,§10; §4.4; §4.9,yes,yes,spec version re-stamp only,no,AUTOMATION: READY
C30073,https://shopview.testrail.io/index.php?/cases/view/30073,Color labels are editable per shop,spec v23 | refs names no spec version,spec v27 | refs names no spec version,§10; §4.10,yes,yes,spec version re-stamp only,no,AUTOMATION: READY
C30074,https://shopview.testrail.io/index.php?/cases/view/30074,Schedule: View grants the full read-only experience across the whole page,spec v23 | refs names no spec version,spec v27 | refs names no spec version,§14.1; §14.3,yes,yes,spec version re-stamp only,no,AUTOMATION: HOLD - needs a second sign-in as a view-only user
C30075,https://shopview.testrail.io/index.php?/cases/view/30075,View-only: every editing affordance is hidden or disabled,spec v23 | refs names no spec version,spec v27 | refs names no spec version,§14.1,yes,yes,spec version re-stamp only,no,AUTOMATION: HOLD - needs a second sign-in as a view-only user
C30076,https://shopview.testrail.io/index.php?/cases/view/30076,"With Schedule: View OFF, the Schedule top-level nav item is hidden entirely",spec v23 | refs names no spec version,spec v27 | refs names no spec version,§14.1,yes,yes,spec version re-stamp only,no,AUTOMATION: HOLD - needs a second sign-in as a user without the Schedule permission
C30077,https://shopview.testrail.io/index.php?/cases/view/30077,Schedule: Edit unlocks all creation and modification interactions,spec v23 | refs names no spec version,spec v27 | refs names no spec version,§14.1,yes,yes,spec version re-stamp only,no,AUTOMATION: HOLD - needs a second sign-in as an edit-without-delete user
C30078,https://shopview.testrail.io/index.php?/cases/view/30078,Edit without Delete: the user can create and modify but not remove,spec v23 | refs names no spec version,spec v27 | refs names no spec version,§14.1,yes,yes,spec version re-stamp only,no,AUTOMATION: HOLD - needs a second sign-in as an edit-without-delete user
C30079,https://shopview.testrail.io/index.php?/cases/view/30079,Schedule: Delete unlocks deleting shifts and events,spec v23 | refs names no spec version,spec v27 | refs names no spec version,§14.1,yes,yes,spec version re-stamp only,no,AUTOMATION: HOLD - needs a second sign-in as a delete-capable user
C30080,https://shopview.testrail.io/index.php?/cases/view/30080,"Permission tiers nest: Delete requires Edit, Edit requires View",spec v23 | refs names no spec version,spec v27 | refs names no spec version,§14,yes,yes,spec version re-stamp only,no,AUTOMATION: READY
C30081,https://shopview.testrail.io/index.php?/cases/view/30081,Schedule without Work Orders: View - the sidebar hides the work order list,spec v23 | refs names no spec version,spec v27 | refs names no spec version,§14.2,yes,yes,spec version re-stamp only,no,AUTOMATION: HOLD - needs a second sign-in as a user who cannot see work orders
C30082,https://shopview.testrail.io/index.php?/cases/view/30082,No own-only restriction: a View user sees ALL technicians' shifts,spec v23 | refs names no spec version,spec v27 | refs names no spec version,§14.3,yes,yes,spec version re-stamp only,no,AUTOMATION: HOLD - needs a second sign-in as a view-only technician
C30083,https://shopview.testrail.io/index.php?/cases/view/30083,"Grid rows are department-based, not role-based",spec v23 | refs names no spec version,spec v27 | refs names no spec version,§14.4,yes,yes,spec version re-stamp only,no,AUTOMATION: READY
C30084,https://shopview.testrail.io/index.php?/cases/view/30084,Clocking into line tasks is gated by the staff 'Time Clock' setting,spec v23 | refs names no spec version,spec v27 | refs names no spec version,§14.4,yes,yes,spec version re-stamp only,no,AUTOMATION: HOLD - needs a second sign-in as each of the two staff members
C30614,https://shopview.testrail.io/index.php?/cases/view/30614,"With Work Orders: View OFF, work order details on shifts are hidden",spec v23 | refs names no spec version,spec v27 | refs names no spec version,§14.2,yes,yes,spec version re-stamp only,no,AUTOMATION: HOLD - needs a second sign-in as a user who cannot see work orders
C38926,https://shopview.testrail.io/index.php?/cases/view/38926,Default roles start at the Schedule level the spec names (view-only vs edit),spec v23 | refs spec v23,spec v27 | refs spec v27,§14.1,yes,yes,spec version re-stamp only,no,AUTOMATION: HOLD - needs a second sign-in as a holder of each permission level
C30086,https://shopview.testrail.io/index.php?/cases/view/30086,Below 960px the grid scrolls sideways and the sidebar collapses,spec v23 | refs names no spec version,spec v27 | refs names no spec version,§11,yes,yes,spec version re-stamp only,no,AUTOMATION: READY - EXPECT FAIL (SV-8942)
C30087,https://shopview.testrail.io/index.php?/cases/view/30087,The sidebar work order list and line drill-down stay smooth with 50+ items,spec v23 | refs names no spec version,spec v27 | refs names no spec version,§11,yes,yes,spec version re-stamp only,no,AUTOMATION: READY - EXPECT FAIL (SV-8913)
C30088,https://shopview.testrail.io/index.php?/cases/view/30088,The grid renders smoothly at full load - 15 technicians over 7 days,spec v23 | refs names no spec version,spec v27 | refs names no spec version,§11,yes,yes,spec version re-stamp only,no,AUTOMATION: READY
C30089,https://shopview.testrail.io/index.php?/cases/view/30089,Shop closures do NOT block spread in V1 - shifts can land on closure days,spec v23 | refs names no spec version,spec v27 | refs names no spec version,§12; §4.5,yes,yes,spec version re-stamp only,no,"AUTOMATION: HOLD - waiting on the product owner's answer, and the shop-closure setting does not exist in the build"
C30090,https://shopview.testrail.io/index.php?/cases/view/30090,"Scheduled, estimated and actual clocked hours are three separate numbers",spec v23 | refs names no spec version,spec v27 | refs names no spec version,§12; §4.5,yes,yes,spec version re-stamp only,no,AUTOMATION: READY
C38865,https://shopview.testrail.io/index.php?/cases/view/38865,A multi-week series keeps the same local start time across the clock change,spec v23 | refs names no spec version,spec v27 | refs names no spec version,§4.5,yes,yes,DST is absent from the spec; tech-plan sourced,no,AUTOMATION: READY - EXPECT FAIL (SV-8848)
C38866,https://shopview.testrail.io/index.php?/cases/view/38866,Schedule and all its dialogs display correctly in dark mode,spec v23 | refs names no spec version,spec v27 | refs names no spec version,§11,yes,yes,spec version re-stamp only,no,AUTOMATION: READY
C38847,https://shopview.testrail.io/index.php?/cases/view/38847,Business-hours toggle reveals a per-day (Mon-Sun) From-To editor,spec v23 | refs names no spec version,spec v27 | refs names no spec version,§4.2,yes,yes,spec version re-stamp only,no,AUTOMATION: READY
C38848,https://shopview.testrail.io/index.php?/cases/view/38848,"Edit Staff has a 'Set custom hours for this technician' toggle, off by default",spec v23 | refs names no spec version,spec v27 | refs names no spec version,§4.2,yes,yes,spec version re-stamp only,no,AUTOMATION: READY
C38849,https://shopview.testrail.io/index.php?/cases/view/38849,A technician with no custom hours inherits the shop business hours,spec v23 | refs names no spec version,spec v27 | refs names no spec version,§4.2,yes,yes,spec version re-stamp only,no,AUTOMATION: READY
C38850,https://shopview.testrail.io/index.php?/cases/view/38850,"'Add hours' appends a removable second range for split shifts, starting empty",spec v23 | refs names no spec version,spec v27 | refs names no spec version,§4.2,yes,yes,spec version re-stamp only,no,AUTOMATION: READY
C38851,https://shopview.testrail.io/index.php?/cases/view/38851,Overlapping hour ranges block Save; incomplete rows are ignored,spec v23 | refs names no spec version,spec v27 | refs names no spec version,§4.2,yes,yes,spec version re-stamp only,no,AUTOMATION: READY
C38867,https://shopview.testrail.io/index.php?/cases/view/38867,Shifts and events created before the Schedule rewrite still appear after it,spec v23 | refs names no spec version,spec v27 | refs names no spec version,§3,yes,yes,spec version re-stamp only,no,"AUTOMATION: HOLD - cannot be run now - it needs shifts noted BEFORE the release, and the release is already deployed"
C38868,https://shopview.testrail.io/index.php?/cases/view/38868,Dashboard shows one schedule row per work order even with many shifts,spec v23 | refs names no spec version,spec v27 | refs names no spec version,§4,yes,yes,spec version re-stamp only,no,AUTOMATION: HOLD - the Dashboard section this test needs does not exist in the build
C38869,https://shopview.testrail.io/index.php?/cases/view/38869,A work order created with an appointment shows up on the Schedule board,spec v23 | refs names no spec version,spec v27 | refs names no spec version,§4,yes,yes,spec version re-stamp only,no,AUTOMATION: HOLD - work order creation offers no appointment in the build
C38870,https://shopview.testrail.io/index.php?/cases/view/38870,A multi-location technician's shift appears only on the work order's location,spec v23 | refs names no spec version,spec v27 | refs names no spec version,§3,yes,yes,spec version re-stamp only,no,AUTOMATION: READY
C38871,https://shopview.testrail.io/index.php?/cases/view/38871,Work order form offers a Priority (High/Medium/Low) that drives the sidebar,spec v23 | refs names no spec version,spec v27 | refs names no spec version,§5.1,yes,yes,spec version re-stamp only,no,AUTOMATION: HOLD - the Priority field this test needs does not exist in the build
C38872,https://shopview.testrail.io/index.php?/cases/view/38872,API - Schedule reads need View; writes need Edit; deletes need Delete (403),spec v23 | refs names no spec version,spec v27 | refs names no spec version,§14; §4,yes,yes,403 enforcement is tech-plan sourced,no,"AUTOMATION: HOLD - needs three separate sign-ins, one per permission level"
C38873,https://shopview.testrail.io/index.php?/cases/view/38873,API - Series past 8 weeks returns 409 until acknowledged; over 120 shifts 422,spec v23 | refs names no spec version,spec v27 | refs names no spec version,§4.5,yes,yes,spec version re-stamp only,no,AUTOMATION: READY
C38874,https://shopview.testrail.io/index.php?/cases/view/38874,API - No pricing fields in Schedule responses; WO details need Work Orders View,spec v23 | refs names no spec version,spec v27 | refs names no spec version,§14,yes,yes,spec version re-stamp only,no,AUTOMATION: HOLD - needs a second sign-in as a user who cannot see work orders
C38875,https://shopview.testrail.io/index.php?/cases/view/38875,"API - A shift from another location returns 404, not another shop's data",spec v23 | refs names no spec version,spec v27 | refs names no spec version,(none - non-spec source named),n/a - no spec anchor cited,yes,spec version re-stamp only,no,AUTOMATION: READY
