case_id,url,section_id,section,title,title_len,verdict,reasons
C30096,https://shopview.testrail.io/index.php?/cases/view/30096,4288,SBC — Access & Navigation,"Sales By Customer listed under Performance, below existing links; titles correct",80,PASS,
C30098,https://shopview.testrail.io/index.php?/cases/view/30098,4289,SBC — Permissions,Ordinary reports access opens Sales By Customer — no separate permission,72,PASS,
C30099,https://shopview.testrail.io/index.php?/cases/view/30099,4289,SBC — Permissions,"Without reports access, Sales By Customer is not listed and cannot open",71,PASS,
C30100,https://shopview.testrail.io/index.php?/cases/view/30100,4289,SBC — Permissions,Opening an invoice you lack permission for shows access-denied; back works,74,PASS,
C30101,https://shopview.testrail.io/index.php?/cases/view/30101,4289,SBC — Permissions,Location access enforced: no data from a location the user cannot access,72,PASS,
C30102,https://shopview.testrail.io/index.php?/cases/view/30102,4290,SBC — Date Range Filter,"Date range picker offers nine periods in the specified order, no All Time",73,PASS,
C30104,https://shopview.testrail.io/index.php?/cases/view/30104,4290,SBC — Date Range Filter,Building a custom range on the calendar cannot exceed a 366-day span,68,PASS,
C30105,https://shopview.testrail.io/index.php?/cases/view/30105,4290,SBC — Date Range Filter,Changing the date range writes it into the page link for sharing,64,PASS,
C30107,https://shopview.testrail.io/index.php?/cases/view/30107,4291,SBC — Product Type Filter,Product Type multi-select: both toggles on by default; S/P prefix filtering,75,PASS,
C30109,https://shopview.testrail.io/index.php?/cases/view/30109,4292,SBC — Location Filter,"Location filter: rightmost, lists accessible locations, All locations on top",76,PASS,
C30111,https://shopview.testrail.io/index.php?/cases/view/30111,4292,SBC — Location Filter,Selecting locations scopes the data; All locations covers every accessible one,78,PASS,
C30112,https://shopview.testrail.io/index.php?/cases/view/30112,4293,SBC — Customer Filter,"Customer filter sits between Product Type and Location, carries a search icon",77,PASS,
C30113,https://shopview.testrail.io/index.php?/cases/view/30113,4293,SBC — Customer Filter,Typing in the Customer filter lists matching customers by contains match,72,PASS,
C30114,https://shopview.testrail.io/index.php?/cases/view/30114,4293,SBC — Customer Filter,Pinned control toggles All customers and Clear all; clearing shows empty state,78,PASS,
C30115,https://shopview.testrail.io/index.php?/cases/view/30115,4293,SBC — Customer Filter,First load starts in the all-customers state and the report shows every customer,80,PASS,
C30116,https://shopview.testrail.io/index.php?/cases/view/30116,4293,SBC — Customer Filter,"Collapsed label reads None, the customer's name, or N selected",62,PASS,
C30117,https://shopview.testrail.io/index.php?/cases/view/30117,4293,SBC — Customer Filter,Changing the customer selection narrows the table and refreshes the totals,74,PASS,
C30120,https://shopview.testrail.io/index.php?/cases/view/30120,4293,SBC — Customer Filter,A subset customer selection reconciles on a filter change; kept if present,74,PASS,
C30121,https://shopview.testrail.io/index.php?/cases/view/30121,4294,SBC — Tree & Rows,Each customer gets one summary row with its invoice count in parentheses,72,PASS,
C30122,https://shopview.testrail.io/index.php?/cases/view/30122,4294,SBC — Tree & Rows,A customer with no matching invoices in the current view is not shown,69,PASS,
C30123,https://shopview.testrail.io/index.php?/cases/view/30123,4294,SBC — Tree & Rows,Expanding a customer reveals asset rows; chevrons toggle and are independent,76,PASS,
C30124,https://shopview.testrail.io/index.php?/cases/view/30124,4294,SBC — Tree & Rows,Expanding an asset reveals its invoice rows with number link and date,69,FAIL,2 raw-list-markup (preconditions); 2 raw-list-markup (steps); 2 raw-list-markup (expected); 3 no-blank-line-before-marker
C30125,https://shopview.testrail.io/index.php?/cases/view/30125,4294,SBC — Tree & Rows,Invoices group into one asset row per vehicle record,52,PASS,
C30126,https://shopview.testrail.io/index.php?/cases/view/30126,4294,SBC — Tree & Rows,Asset rows order A to Z with the Parts Sales bucket always last,63,PASS,
C30128,https://shopview.testrail.io/index.php?/cases/view/30128,4294,SBC — Tree & Rows,Header-row chevron expands or collapses every customer on the current page,74,PASS,
C30129,https://shopview.testrail.io/index.php?/cases/view/30129,4294,SBC — Tree & Rows,Reload-causing changes collapse expansion; Customer filter typing does not,74,PASS,
C30130,https://shopview.testrail.io/index.php?/cases/view/30130,4294,SBC — Tree & Rows,Edge: a single-invoice asset can still be expanded,50,PASS,
C30131,https://shopview.testrail.io/index.php?/cases/view/30131,4294,SBC — Tree & Rows,A service (S) invoice with no vehicle also lands in the Parts Sales bucket,74,PASS,
C30132,https://shopview.testrail.io/index.php?/cases/view/30132,4294,SBC — Tree & Rows,Reversed and voided invoices are excluded from every row; count and total,73,PASS,
C30133,https://shopview.testrail.io/index.php?/cases/view/30133,4294,SBC — Tree & Rows,Every row type renders the same columns in the same order,57,PASS,
C30134,https://shopview.testrail.io/index.php?/cases/view/30134,4295,SBC — Asset Labels,"Asset identified by VIN, falling back to Unit #, then plate",59,PASS,
C30137,https://shopview.testrail.io/index.php?/cases/view/30137,4295,SBC — Asset Labels,Duplicate asset labels get stable (#1)/(#2) suffixes that survive reloads,73,PASS,
C30138,https://shopview.testrail.io/index.php?/cases/view/30138,4296,SBC — Invoice Links & Navigation,The invoice number opens the invoice in the same browser tab,60,PASS,
C30139,https://shopview.testrail.io/index.php?/cases/view/30139,4296,SBC — Invoice Links & Navigation,Browser back from an invoice restores filters; sort and columns; rows shut,74,PASS,
C30140,https://shopview.testrail.io/index.php?/cases/view/30140,4296,SBC — Invoice Links & Navigation,Customer name is plain text; the invoice link never turns visited-purple,72,PASS,
C30141,https://shopview.testrail.io/index.php?/cases/view/30141,4296,SBC — Invoice Links & Navigation,An invoice deleted after load shows the not-found state and back returns,72,PASS,
C30142,https://shopview.testrail.io/index.php?/cases/view/30142,4297,SBC — Sorting,"All columns sortable except chevron; text alphabetical, numbers by value",72,PASS,
C30143,https://shopview.testrail.io/index.php?/cases/view/30143,4297,SBC — Sorting,Default sort is Customer name ascending case-insensitive,56,FAIL,2 raw-list-markup (preconditions); 2 raw-list-markup (steps); 2 raw-list-markup (expected); 3 no-blank-line-before-marker
C30144,https://shopview.testrail.io/index.php?/cases/view/30144,4297,SBC — Sorting,Missing values sort to the bottom ascending and to the top descending,69,PASS,
C30145,https://shopview.testrail.io/index.php?/cases/view/30145,4297,SBC — Sorting,Sorting by Date orders customers by their most recent invoice date,66,PASS,
C30149,https://shopview.testrail.io/index.php?/cases/view/30149,4298,SBC — Totals & Calculations,Financial columns run in the specified order with Subtotal and Margin rules,75,PASS,
C30150,https://shopview.testrail.io/index.php?/cases/view/30150,4298,SBC — Totals & Calculations,Margin % is Margin over Subtotal to one decimal; em dash when Subtotal <= 0,75,PASS,
C30151,https://shopview.testrail.io/index.php?/cases/view/30151,4298,SBC — Totals & Calculations,Labor Delta heading is verbatim; value shows +green / -red / 0.0 on every row,77,FAIL,2 raw-list-markup (preconditions); 2 raw-list-markup (steps); 2 raw-list-markup (expected); 3 no-blank-line-before-marker
C30152,https://shopview.testrail.io/index.php?/cases/view/30152,4298,SBC — Totals & Calculations,Labor Delta is never blank: no-labor rows and near-zero values both show 0.0,76,PASS,
C30153,https://shopview.testrail.io/index.php?/cases/view/30153,4298,SBC — Totals & Calculations,Invoice subtotals sum to their asset row and asset subtotals to the customer,76,PASS,
C30154,https://shopview.testrail.io/index.php?/cases/view/30154,4298,SBC — Totals & Calculations,Subtotal is the rightmost column; pinned on scroll and bold everywhere,70,FAIL,2 raw-list-markup (preconditions); 2 raw-list-markup (steps); 2 raw-list-markup (expected); 3 no-blank-line-before-marker
C30155,https://shopview.testrail.io/index.php?/cases/view/30155,4298,SBC — Totals & Calculations,The totals row covers the whole filtered set; not just the current page,71,FAIL,2 raw-list-markup (preconditions); 2 raw-list-markup (steps); 2 raw-list-markup (expected); 3 no-blank-line-before-marker
C30156,https://shopview.testrail.io/index.php?/cases/view/30156,4299,SBC — Column Selector,Column selector is its own toolbar button with ten toggles all on,65,PASS,
C30157,https://shopview.testrail.io/index.php?/cases/view/30157,4299,SBC — Column Selector,"Column toggles hide header+cells; Customer, Subtotal and chevron never in list",78,FAIL,2 raw-list-markup (preconditions); 2 raw-list-markup (steps); 2 raw-list-markup (expected); 3 no-blank-line-before-marker
C30159,https://shopview.testrail.io/index.php?/cases/view/30159,4300,SBC — Exports,The overflow menu holds exactly the four download items - no Print,66,PASS,
C30160,https://shopview.testrail.io/index.php?/cases/view/30160,4300,SBC — Exports,Download file names carry the version and the active date range,63,FAIL,2 raw-list-markup (preconditions); 2 raw-list-markup (steps); 2 raw-list-markup (expected); 3 no-blank-line-before-marker
C30161,https://shopview.testrail.io/index.php?/cases/view/30161,4300,SBC — Exports,"Expanded View CSV: column order, blank-cell rules, and the Locations line",73,PASS,
C30162,https://shopview.testrail.io/index.php?/cases/view/30162,4300,SBC — Exports,CSV formats: Margin % plain; dates mm-dd-yyyy; currency plain; no color,71,FAIL,2 raw-list-markup (preconditions); 2 raw-list-markup (steps); 3 marker-not-last
C30163,https://shopview.testrail.io/index.php?/cases/view/30163,4300,SBC — Exports,CSV and PDF hold exactly the customers matching the active filters and sort,75,PASS,
C30164,https://shopview.testrail.io/index.php?/cases/view/30164,4300,SBC — Exports,Each download item shows a loading state and its own export-failed toast,72,PASS,
C30166,https://shopview.testrail.io/index.php?/cases/view/30166,4300,SBC — Exports,"PDF page: A4 landscape, uniform margins, ShopView footer and page numbers",73,PASS,
C30167,https://shopview.testrail.io/index.php?/cases/view/30167,4300,SBC — Exports,"PDF header: title, organization, date range, Product Type and Locations lines",77,PASS,
C30168,https://shopview.testrail.io/index.php?/cases/view/30168,4300,SBC — Exports,"PDF logo is embedded, scales without distortion",47,PASS,
C30169,https://shopview.testrail.io/index.php?/cases/view/30169,4300,SBC — Exports,"Expanded CSV body: column set and order, Customer/Asset/Invoice tree, blanks",76,PASS,
C30172,https://shopview.testrail.io/index.php?/cases/view/30172,4300,SBC — Exports,"An export over 10,000 data rows is refused with the too-large toast",67,FAIL,2 raw-list-markup (preconditions); 2 raw-list-markup (steps); 2 raw-list-markup (expected); 3 no-blank-line-before-marker
C30173,https://shopview.testrail.io/index.php?/cases/view/30173,4300,SBC — Exports,A no-match export still downloads headers and a zero totals row,63,PASS,
C30174,https://shopview.testrail.io/index.php?/cases/view/30174,4301,SBC — Saved View & Persistence,Filters; sort and visible columns are restored on the next visit,64,PASS,
C30175,https://shopview.testrail.io/index.php?/cases/view/30175,4301,SBC — Saved View & Persistence,"Type-ahead search text, expansion state and scroll position are not saved",73,PASS,
C30176,https://shopview.testrail.io/index.php?/cases/view/30176,4301,SBC — Saved View & Persistence,A saved value that is no longer valid is dropped and falls back to default,74,PASS,
C30177,https://shopview.testrail.io/index.php?/cases/view/30177,4301,SBC — Saved View & Persistence,The saved view is specific to this report and does not affect any other report,78,PASS,
C30178,https://shopview.testrail.io/index.php?/cases/view/30178,4301,SBC — Saved View & Persistence,With no saved view every setting uses its own default,53,PASS,
C30179,https://shopview.testrail.io/index.php?/cases/view/30179,4301,SBC — Saved View & Persistence,When a saved view and a page-link range clash the saved view wins,65,PASS,
C30180,https://shopview.testrail.io/index.php?/cases/view/30180,4301,SBC — Saved View & Persistence,Customer filter restore: all-customers stays all; an id set is intersected,74,PASS,
C30181,https://shopview.testrail.io/index.php?/cases/view/30181,4302,SBC — Empty & Edge States,Empty state shows in the table body; toolbar interactive; kept selection returns,80,PASS,
C30184,https://shopview.testrail.io/index.php?/cases/view/30184,4302,SBC — Empty & Edge States,A failed data fetch shows the error toast which fades after 5 seconds,69,PASS,
C30185,https://shopview.testrail.io/index.php?/cases/view/30185,4303,SBC — Visual Conformance,Page and toolbar match the suite theme in padding; surface and alignment,72,PASS,
C30186,https://shopview.testrail.io/index.php?/cases/view/30186,4303,SBC — Visual Conformance,Row surfaces alternate by tree level; header and totals rows stay white,71,PASS,
C30187,https://shopview.testrail.io/index.php?/cases/view/30187,4303,SBC — Visual Conformance,Dark mode darkens every surface while the PDF always renders light,66,PASS,
C30188,https://shopview.testrail.io/index.php?/cases/view/30188,4304,SBC — Mobile,On a phone every toolbar control works on touch; the toolbar splits in two,74,PASS,
C30189,https://shopview.testrail.io/index.php?/cases/view/30189,4304,SBC — Mobile,On touch the table scrolls sideways with Subtotal pinned and chevrons work,74,PASS,
C30190,https://shopview.testrail.io/index.php?/cases/view/30190,4305,SBC — API,Asset and invoice rows are fetched on first expand; one call per customer,73,PASS,
C30191,https://shopview.testrail.io/index.php?/cases/view/30191,4305,SBC — API,Sorting is applied on the server and re-fetches the first page,62,PASS,
C30192,https://shopview.testrail.io/index.php?/cases/view/30192,4305,SBC — API,The Customer type-ahead queries the server instead of loading every name,72,PASS,
C30193,https://shopview.testrail.io/index.php?/cases/view/30193,4305,SBC — API,Customer rows are server-paginated; the totals row is server-computed,69,PASS,
C30194,https://shopview.testrail.io/index.php?/cases/view/30194,4305,SBC — API,"Exports are server-generated and the 10,000-row cap is counted first",68,PASS,
C30195,https://shopview.testrail.io/index.php?/cases/view/30195,4306,SBR — Access & Navigation,"Sales By Representative under Performance, below existing links; titles correct",79,FAIL,2 raw-list-markup (preconditions); 2 raw-list-markup (steps); 2 raw-list-markup (expected); 3 no-blank-line-before-marker
C30197,https://shopview.testrail.io/index.php?/cases/view/30197,4306,SBR — Access & Navigation,The nav entry fits the full Sales By Representative label; no truncation,72,PASS,
C30198,https://shopview.testrail.io/index.php?/cases/view/30198,4307,SBR — Permissions,Sales By Representative is visible to anyone who sees another Performance report,80,PASS,
C30199,https://shopview.testrail.io/index.php?/cases/view/30199,4307,SBR — Permissions,"Without Reports access: no navigation, no export menu, no Export dialog",71,PASS,
C30200,https://shopview.testrail.io/index.php?/cases/view/30200,4307,SBR — Permissions,Without staff-administration access the deactivation flow is unreachable,72,PASS,
C30201,https://shopview.testrail.io/index.php?/cases/view/30201,4308,SBR — Date Range Filter,Date range picker is in the toolbar and offers the standard presets plus Custom,79,PASS,
C30202,https://shopview.testrail.io/index.php?/cases/view/30202,4308,SBR — Date Range Filter,A Custom range uses the date-picker and holds a 366-day maximum span,68,PASS,
C30204,https://shopview.testrail.io/index.php?/cases/view/30204,4308,SBR — Date Range Filter,An invoice sits in the range by its own invoice date; endpoints included,72,PASS,
C30206,https://shopview.testrail.io/index.php?/cases/view/30206,4309,SBR — Product Type Filter,"Product Type: three options, Parts & Service default, each option filters right",79,FAIL,2 raw-list-markup (preconditions); 2 raw-list-markup (steps); 2 raw-list-markup (expected); 3 no-blank-line-before-marker
C30208,https://shopview.testrail.io/index.php?/cases/view/30208,4310,SBR — Invoice Status Filter,Invoice Status offers exactly four options; All Statuses is the default,71,FAIL,2 raw-list-markup (preconditions); 2 raw-list-markup (steps); 2 raw-list-markup (expected); 3 no-blank-line-before-marker
C30209,https://shopview.testrail.io/index.php?/cases/view/30209,4310,SBR — Invoice Status Filter,Status filtering matches on the mapped display value,52,PASS,
C30211,https://shopview.testrail.io/index.php?/cases/view/30211,4310,SBR — Invoice Status Filter,Filters compose: a rep appears only with an invoice matching ALL active filters,79,PASS,
C30212,https://shopview.testrail.io/index.php?/cases/view/30212,4310,SBR — Invoice Status Filter,"Money columns always show invoiced amounts, never the outstanding balance",73,PASS,
C30213,https://shopview.testrail.io/index.php?/cases/view/30213,4311,SBR — Location Filter,Location filter is the rightmost control with an All Locations option,69,FAIL,2 raw-list-markup (preconditions); 2 raw-list-markup (steps); 2 raw-list-markup (expected); 3 no-blank-line-before-marker
C30215,https://shopview.testrail.io/index.php?/cases/view/30215,4311,SBR — Location Filter,Location selection cascades; an inaccessible location's data is never included,78,PASS,
C30216,https://shopview.testrail.io/index.php?/cases/view/30216,4311,SBR — Location Filter,Sales By Representative: Location filter hidden for a one-location user,71,PASS,
C30217,https://shopview.testrail.io/index.php?/cases/view/30217,4312,SBR — Rep Rows & Tree,A rep row appears only when the rep has a matching non-reversed invoice,71,PASS,
C30218,https://shopview.testrail.io/index.php?/cases/view/30218,4312,SBR — Rep Rows & Tree,"Row layout: 13 columns in order, blanks in position, bold summary rows",70,FAIL,2 raw-list-markup (preconditions); 2 raw-list-markup (steps); 2 raw-list-markup (expected); 3 no-blank-line-before-marker
C30219,https://shopview.testrail.io/index.php?/cases/view/30219,4312,SBR — Rep Rows & Tree,A toggled-off or deleted contributor still appears; tagged (Inactive),69,PASS,
C30221,https://shopview.testrail.io/index.php?/cases/view/30221,4312,SBR — Rep Rows & Tree,Expanding a rep loads its invoices on demand with a row-level spinner,69,FAIL,3 no-automation-marker
C30222,https://shopview.testrail.io/index.php?/cases/view/30222,4312,SBR — Rep Rows & Tree,The header chevron expands every visible rep and its glyph tracks state,71,PASS,
C30223,https://shopview.testrail.io/index.php?/cases/view/30223,4312,SBR — Rep Rows & Tree,Each invoice appears under exactly one rep or the Unassigned row,64,PASS,
C30224,https://shopview.testrail.io/index.php?/cases/view/30224,4312,SBR — Rep Rows & Tree,"Expansion survives filter and sort changes within the session, resets on reload",79,PASS,
C30225,https://shopview.testrail.io/index.php?/cases/view/30225,4312,SBR — Rep Rows & Tree,Detail rows run newest first with a numeric invoice-number tie-break,68,PASS,
C30226,https://shopview.testrail.io/index.php?/cases/view/30226,4313,SBR — Payment Status Badge,Status badge between Customer and Labor Delta; every detail row shows mapped text,81,FAIL,"5 title-too-long (81 chars, max 80); 2 raw-list-markup (preconditions); 2 raw-list-markup (steps); 2 raw-list-markup (expected); 3 no-blank-line-before-marker"
C30227,https://shopview.testrail.io/index.php?/cases/view/30227,4313,SBR — Payment Status Badge,Badge colors use the canonical payment-status tokens in light and dark,70,PASS,
C30229,https://shopview.testrail.io/index.php?/cases/view/30229,4314,SBR — Inv. Hrs & Calculations,Labor Delta is hours invoiced minus hours worked; half-up to one decimal,72,FAIL,2 raw-list-markup (preconditions); 2 raw-list-markup (steps); 2 raw-list-markup (expected); 3 no-blank-line-before-marker
C30230,https://shopview.testrail.io/index.php?/cases/view/30230,4314,SBR — Inv. Hrs & Calculations,"Labor Delta: +green, -red, 0.0 default on every row; rollups from unrounded deltas",82,FAIL,"5 title-too-long (82 chars, max 80); 2 raw-list-markup (preconditions); 2 raw-list-markup (steps); 2 raw-list-markup (expected); 3 no-blank-line-before-marker"
C30231,https://shopview.testrail.io/index.php?/cases/view/30231,4314,SBR — Inv. Hrs & Calculations,No-labor-no-time invoices show 0.0; clocked-unbilled work shows negative,72,FAIL,2 raw-list-markup (preconditions); 2 raw-list-markup (steps); 2 raw-list-markup (expected); 3 no-blank-line-before-marker
C30233,https://shopview.testrail.io/index.php?/cases/view/30233,4314,SBR — Inv. Hrs & Calculations,Margin % to one decimal; em dash when Subtotal <= 0; recomputed on rollups,74,FAIL,2 raw-list-markup (preconditions); 2 raw-list-markup (steps); 2 raw-list-markup (expected); 3 no-blank-line-before-marker
C30234,https://shopview.testrail.io/index.php?/cases/view/30234,4314,SBR — Inv. Hrs & Calculations,Money columns use the standardized labels and definitions,57,FAIL,2 raw-list-markup (preconditions); 2 raw-list-markup (steps); 2 raw-list-markup (expected); 3 no-blank-line-before-marker
C30235,https://shopview.testrail.io/index.php?/cases/view/30235,4314,SBR — Inv. Hrs & Calculations,Negative dollar values render in accounting parentheses; money columns only,75,PASS,
C30236,https://shopview.testrail.io/index.php?/cases/view/30236,4314,SBR — Inv. Hrs & Calculations,Half-up rounding at each precision; totals may differ by one last-decimal unit,78,PASS,
C30237,https://shopview.testrail.io/index.php?/cases/view/30237,4315,SBR — Subtotal & Totals,"Subtotal: rightmost, pinned right, bold everywhere; header row sticky on scroll",79,FAIL,2 raw-list-markup (preconditions); 2 raw-list-markup (steps); 2 raw-list-markup (expected); 3 no-blank-line-before-marker
C30238,https://shopview.testrail.io/index.php?/cases/view/30238,4315,SBR — Subtotal & Totals,Desktop Totals row merges the identifier columns and sticks to the bottom,73,FAIL,2 raw-list-markup (preconditions); 2 raw-list-markup (steps); 2 raw-list-markup (expected); 3 no-blank-line-before-marker
C30239,https://shopview.testrail.io/index.php?/cases/view/30239,4315,SBR — Subtotal & Totals,Mobile shows a simplified totals bar below the table; Subtotal at right,71,PASS,
C30241,https://shopview.testrail.io/index.php?/cases/view/30241,4316,SBR — Sorting,All nine financial columns are sortable,39,FAIL,2 raw-list-markup (preconditions); 2 raw-list-markup (steps); 2 raw-list-markup (expected); 3 no-blank-line-before-marker
C30242,https://shopview.testrail.io/index.php?/cases/view/30242,4316,SBR — Sorting,"Default order is plain A to Z by display name, case-insensitive",63,PASS,
C30243,https://shopview.testrail.io/index.php?/cases/view/30243,4316,SBR — Sorting,First header click sorts ascending; second descending; no third state,69,PASS,
C30244,https://shopview.testrail.io/index.php?/cases/view/30244,4316,SBR — Sorting,Sorting reorders rep rows only; Unassigned stays pinned on top,62,PASS,
C30245,https://shopview.testrail.io/index.php?/cases/view/30245,4316,SBR — Sorting,Ties keep the A to Z order and an em-dash Margin % sorts as zero,64,PASS,
C30247,https://shopview.testrail.io/index.php?/cases/view/30247,4317,SBR — Links & Navigation,Detail-row invoice number and customer name links navigate in the current tab,77,PASS,
C30249,https://shopview.testrail.io/index.php?/cases/view/30249,4317,SBR — Links & Navigation,Browser back from a drilldown restores expansion and scroll; no reload,70,PASS,
C30250,https://shopview.testrail.io/index.php?/cases/view/30250,4317,SBR — Links & Navigation,Invoice links use theme-primary; customer links use the body color,66,PASS,
C30251,https://shopview.testrail.io/index.php?/cases/view/30251,4317,SBR — Links & Navigation,An unavailable link destination shows the standard not-found state,66,PASS,
C30253,https://shopview.testrail.io/index.php?/cases/view/30253,4318,SBR — Staff Deactivation,"Deactivate dialog: counted pluralized headline, reassurance, focus trap",71,PASS,
C30254,https://shopview.testrail.io/index.php?/cases/view/30254,4318,SBR — Staff Deactivation,Type-YES gate: auto-focus; case-insensitive match; Enter submits,64,PASS,
C30255,https://shopview.testrail.io/index.php?/cases/view/30255,4318,SBR — Staff Deactivation,Cancel and X dismiss the Deactivate dialog; Escape and clicking outside do not,78,PASS,
C30256,https://shopview.testrail.io/index.php?/cases/view/30256,4318,SBR — Staff Deactivation,"Valid submit locks the dialog, then deactivates keeping assignments",67,PASS,
C30257,https://shopview.testrail.io/index.php?/cases/view/30257,4318,SBR — Staff Deactivation,"After deactivation: toggle unchanged, CSV shows No, report credit intact",72,PASS,
C30258,https://shopview.testrail.io/index.php?/cases/view/30258,4318,SBR — Staff Deactivation,"No dialog: toggle off, no assignments, already inactive, or reactivation",72,PASS,
C30259,https://shopview.testrail.io/index.php?/cases/view/30259,4318,SBR — Staff Deactivation,A deactivation failure shows the error toast and leaves the status alone,72,PASS,
C30260,https://shopview.testrail.io/index.php?/cases/view/30260,4318,SBR — Staff Deactivation,"If the assignment pre-check fails, the warning dialog still opens",65,PASS,
C30261,https://shopview.testrail.io/index.php?/cases/view/30261,4319,SBR — Show Unassigned,"Show Unassigned sits between the column selector and the date picker, off",73,PASS,
C30262,https://shopview.testrail.io/index.php?/cases/view/30262,4319,SBR — Show Unassigned,Show Unassigned adds one top-pinned Unassigned row that acts like a rep row,75,PASS,
C30264,https://shopview.testrail.io/index.php?/cases/view/30264,4319,SBR — Show Unassigned,No empty Unassigned row is ever rendered,40,PASS,
C30265,https://shopview.testrail.io/index.php?/cases/view/30265,4320,SBR — Column Selector,Column selector: eight metric toggles; five always-on columns cannot be hidden,78,FAIL,2 raw-list-markup (preconditions); 2 raw-list-markup (steps); 2 raw-list-markup (expected); 3 no-blank-line-before-marker
C30267,https://shopview.testrail.io/index.php?/cases/view/30267,4320,SBR — Column Selector,Toggling a column applies at once to summary; detail and Totals rows,68,PASS,
C30268,https://shopview.testrail.io/index.php?/cases/view/30268,4320,SBR — Column Selector,Column visibility never affects the exports,43,PASS,
C30269,https://shopview.testrail.io/index.php?/cases/view/30269,4320,SBR — Column Selector,Hiding the active sort column keeps the sort,44,PASS,
C30271,https://shopview.testrail.io/index.php?/cases/view/30271,4321,SBR — Persistence,All filter and view settings are restored before the first data fetch,69,PASS,
C30272,https://shopview.testrail.io/index.php?/cases/view/30272,4321,SBR — Persistence,Expansion state and scroll position are not remembered and reset on reload,74,PASS,
C30273,https://shopview.testrail.io/index.php?/cases/view/30273,4321,SBR — Persistence,A stale saved value falls back to its default and never errors,62,PASS,
C30274,https://shopview.testrail.io/index.php?/cases/view/30274,4321,SBR — Persistence,First visit or cleared storage yields all defaults; no server-side profile,74,PASS,
C30275,https://shopview.testrail.io/index.php?/cases/view/30275,4321,SBR — Persistence,The A to Z default is its own saved value,41,PASS,
C30276,https://shopview.testrail.io/index.php?/cases/view/30276,4322,SBR — Exports,The ⋯ overflow menu lists exactly four download actions,55,PASS,
C30277,https://shopview.testrail.io/index.php?/cases/view/30277,4322,SBR — Exports,"All four downloads respect filters, full result set, and active order",69,FAIL,2 raw-list-markup (preconditions); 2 raw-list-markup (steps)
C30278,https://shopview.testrail.io/index.php?/cases/view/30278,4322,SBR — Exports,Summary PDF: one rolled-up row per rep with a recomputed grand totals row,73,FAIL,2 raw-list-markup (preconditions); 2 raw-list-markup (steps)
C30279,https://shopview.testrail.io/index.php?/cases/view/30279,4322,SBR — Exports,Expanded View PDF: one page-block per rep with its own totals; no grand,71,FAIL,2 raw-list-markup (preconditions); 2 raw-list-markup (steps)
C30280,https://shopview.testrail.io/index.php?/cases/view/30280,4322,SBR — Exports,Expanded View PDF truncates invoice numbers longer than 18 characters,69,PASS,
C30281,https://shopview.testrail.io/index.php?/cases/view/30281,4322,SBR — Exports,"PDF footer on every page, default-logo fallback, and deterministic PDF filenames",80,PASS,
C30282,https://shopview.testrail.io/index.php?/cases/view/30282,4322,SBR — Exports,"PDFs render negative dollars in accounting parentheses, keep the (Inactive) tag",79,PASS,
C30283,https://shopview.testrail.io/index.php?/cases/view/30283,4322,SBR — Exports,PDF body font steps down as the longest dollar value grows; no overflow,71,PASS,
C30285,https://shopview.testrail.io/index.php?/cases/view/30285,4322,SBR — Exports,"Summary CSV: file name, UTF-8 BOM, verbatim headers, one row per rep",68,PASS,
C30286,https://shopview.testrail.io/index.php?/cases/view/30286,4322,SBR — Exports,"Expanded CSV: file name, verbatim headers, one row per invoice",62,PASS,
C30287,https://shopview.testrail.io/index.php?/cases/view/30287,4322,SBR — Exports,"CSV cells: plain numbers, signed Labor Delta, empty Margin %, (Inactive)",72,FAIL,2 raw-list-markup (preconditions); 2 raw-list-markup (steps); 3 marker-not-last
C30288,https://shopview.testrail.io/index.php?/cases/view/30288,4322,SBR — Exports,The Unassigned row appears in both CSV downloads only when the toggle is on,75,PASS,
C30289,https://shopview.testrail.io/index.php?/cases/view/30289,4322,SBR — Exports,A failed download shows the canonical error toast,49,PASS,
C30290,https://shopview.testrail.io/index.php?/cases/view/30290,4322,SBR — Exports,Over-cap Expanded View PDF is refused with the too-large message,64,PASS,
C30291,https://shopview.testrail.io/index.php?/cases/view/30291,4322,SBR — Exports,An empty-data export still generates with zeroed Summary PDF totals,67,PASS,
C30292,https://shopview.testrail.io/index.php?/cases/view/30292,4323,SBR — Sales Rep Assignments Export,Report Name dropdown lists Sales Representative Assignments at the bottom,73,PASS,
C30293,https://shopview.testrail.io/index.php?/cases/view/30293,4323,SBR — Sales Rep Assignments Export,"Sales Representative Assignments CSV: file name, headers, success toast",71,PASS,
C30294,https://shopview.testrail.io/index.php?/cases/view/30294,4323,SBR — Sales Rep Assignments Export,"Assignments CSV: one row per assigned customer, sorted customer then rep",72,PASS,
C30295,https://shopview.testrail.io/index.php?/cases/view/30295,4323,SBR — Sales Rep Assignments Export,"""Rep is active?"" tracks the staff-active status, not the toggle",63,PASS,
C30296,https://shopview.testrail.io/index.php?/cases/view/30296,4323,SBR — Sales Rep Assignments Export,"A deleted rep record still exports one row from the stored name, marked No",74,PASS,
C30297,https://shopview.testrail.io/index.php?/cases/view/30297,4323,SBR — Sales Rep Assignments Export,Assignments export failure and nothing-to-export use the dialog's messages,74,PASS,
C30298,https://shopview.testrail.io/index.php?/cases/view/30298,4324,"SBR — Loading, Empty & Error States","Empty state: verbatim message, no grand Totals, toolbar stays interactive",73,PASS,
C30300,https://shopview.testrail.io/index.php?/cases/view/30300,4324,"SBR — Loading, Empty & Error States",Loading shows a centered spinner over the data area and hides the Totals,72,PASS,
C30301,https://shopview.testrail.io/index.php?/cases/view/30301,4324,"SBR — Loading, Empty & Error States",A load failure shows the inline could-not-load message with a Retry,67,PASS,
C30302,https://shopview.testrail.io/index.php?/cases/view/30302,4325,SBR — Mobile,On a phone every toolbar control works on touch,47,PASS,
C30303,https://shopview.testrail.io/index.php?/cases/view/30303,4325,SBR — Mobile,On a phone the table scrolls sideways with Subtotal pinned outside it,69,PASS,
C30304,https://shopview.testrail.io/index.php?/cases/view/30304,4325,SBR — Mobile,Touch targets are at least 44×44 px and touch users get no hover-only tooltips,78,PASS,
C30305,https://shopview.testrail.io/index.php?/cases/view/30305,4326,SBR — Visual Conformance & Accessibility,Layout: white toolbar; blue-grey page; separator; edge-to-edge white table,74,PASS,
C30306,https://shopview.testrail.io/index.php?/cases/view/30306,4326,SBR — Visual Conformance & Accessibility,"Dark mode: page, toolbar, table; Totals switch to dark equivalents",66,PASS,
C30307,https://shopview.testrail.io/index.php?/cases/view/30307,4326,SBR — Visual Conformance & Accessibility,Every icon-only control carries its specified accessible name,61,PASS,
C30308,https://shopview.testrail.io/index.php?/cases/view/30308,4326,SBR — Visual Conformance & Accessibility,Chevrons and sortable headers are keyboard-operable and expose their state,74,PASS,
C30309,https://shopview.testrail.io/index.php?/cases/view/30309,4326,SBR — Visual Conformance & Accessibility,The subdued grey of the (N) count and (Inactive) tag meets WCAG AA contrast,75,PASS,
C30310,https://shopview.testrail.io/index.php?/cases/view/30310,4327,SBR — Work Order Sales Rep,"Sales Representative selector shows on WO and Part Sale, not on imported",72,PASS,
C30311,https://shopview.testrail.io/index.php?/cases/view/30311,4327,SBR — Work Order Sales Rep,Selector offers only reps whose sales-representative toggle is on,65,PASS,
C30312,https://shopview.testrail.io/index.php?/cases/view/30312,4327,SBR — Work Order Sales Rep,A new WO opens with Sales Representative unassigned; a change saves at once,75,PASS,
C30313,https://shopview.testrail.io/index.php?/cases/view/30313,4327,SBR — Work Order Sales Rep,The Sales Representative selector is read-only when Invoiced or Paid,68,PASS,
C30314,https://shopview.testrail.io/index.php?/cases/view/30314,4327,SBR — Work Order Sales Rep,"Invoice credit snapshot: WO rep, else customer rep, else unassigned",67,PASS,
C30315,https://shopview.testrail.io/index.php?/cases/view/30315,4327,SBR — Work Order Sales Rep,"Customer record shows a ""Sales Representative"" row; ""Unassigned"" when none",74,PASS,
C30316,https://shopview.testrail.io/index.php?/cases/view/30316,4328,SBR — API,A rep's invoice detail rows are fetched from the server only on the first expand,80,PASS,
C30317,https://shopview.testrail.io/index.php?/cases/view/30317,4328,SBR — API,Sorting is performed server-side and returns the first page,59,PASS,
C30318,https://shopview.testrail.io/index.php?/cases/view/30318,4328,SBR — API,Grand totals are server-computed over the full filtered set,59,PASS,
C30319,https://shopview.testrail.io/index.php?/cases/view/30319,4328,SBR — API,All four exports are generated server-side against the active filters and sort,78,PASS,
C30320,https://shopview.testrail.io/index.php?/cases/view/30320,4328,SBR — API,"The Expanded View PDF's 10,000-row cap is enforced server-side BEFORE generation",80,PASS,
C30321,https://shopview.testrail.io/index.php?/cases/view/30321,4328,SBR — API,Deactivating a rep first runs a server pre-check returning the count,68,PASS,
C30322,https://shopview.testrail.io/index.php?/cases/view/30322,4329,PV — Access & Defaults,Parts Velocity appears under a new Parts section in the Reports navigation,74,PASS,
C30323,https://shopview.testrail.io/index.php?/cases/view/30323,4329,PV — Access & Defaults,First visit: date range defaults to This Year and data is fetched automatically,79,PASS,
C30324,https://shopview.testrail.io/index.php?/cases/view/30324,4329,PV — Access & Defaults,A loading indicator shows and old rows are replaced only when data returns,74,PASS,
C30325,https://shopview.testrail.io/index.php?/cases/view/30325,4330,PV — Permissions,A user with ordinary reports access can load the report and export it,69,FAIL,2 raw-list-markup (preconditions); 2 raw-list-markup (steps); 2 raw-list-markup (expected); 3 no-blank-line-before-marker
C30326,https://shopview.testrail.io/index.php?/cases/view/30326,4330,PV — Permissions,Without the Manager or Office User role the report entry is not shown,69,PASS,
C30327,https://shopview.testrail.io/index.php?/cases/view/30327,4330,PV — Permissions,Ordinary reports access alone opens Parts Velocity and its export,65,PASS,
C30328,https://shopview.testrail.io/index.php?/cases/view/30328,4331,PV — Filters,"Type filter: single-select, first in row, three options, default Both; reloads",78,PASS,
C30330,https://shopview.testrail.io/index.php?/cases/view/30330,4331,PV — Filters,Date range selector offers exactly the eleven bounded options and no All Time,77,PASS,
C30331,https://shopview.testrail.io/index.php?/cases/view/30331,4331,PV — Filters,A Custom date range needs valid dates and rejects a span over 366 days,70,PASS,
C30332,https://shopview.testrail.io/index.php?/cases/view/30332,4331,PV — Filters,Category and Vendor multi-select filters limit the table to matching parts,74,PASS,
C30333,https://shopview.testrail.io/index.php?/cases/view/30333,4331,PV — Filters,"Toolbar search matches part number or description, case-insensitively",69,PASS,
C30334,https://shopview.testrail.io/index.php?/cases/view/30334,4331,PV — Filters,All active filters combine with AND logic,41,PASS,
C30335,https://shopview.testrail.io/index.php?/cases/view/30335,4331,PV — Filters,The Bin multi-select limits the table to parts stocked in those bins,68,PASS,
C30336,https://shopview.testrail.io/index.php?/cases/view/30336,4331,PV — Filters,Bin filter excludes special-order rows; Bin plus that Type is empty by design,77,PASS,
C30337,https://shopview.testrail.io/index.php?/cases/view/30337,4331,PV — Filters,"Location filter is rightmost, defaults to the active location, accessible-only",78,PASS,
C30338,https://shopview.testrail.io/index.php?/cases/view/30338,4331,PV — Filters,Empty state shows the standard no-data message when no parts match the filters,78,PASS,
C30339,https://shopview.testrail.io/index.php?/cases/view/30339,4331,PV — Filters,Parts with no category; vendor or bin are excluded when that filter is on,73,PASS,
C30340,https://shopview.testrail.io/index.php?/cases/view/30340,4331,PV — Filters,Parts Velocity: the Location filter is hidden for a one-location user,69,PASS,
C30341,https://shopview.testrail.io/index.php?/cases/view/30341,4332,PV — Row Model,A part stocked at two selected locations shows as two per-location rows,71,PASS,
C30342,https://shopview.testrail.io/index.php?/cases/view/30342,4332,PV — Row Model,A Special Order part is one merged row summed across selected locations,71,PASS,
C30343,https://shopview.testrail.io/index.php?/cases/view/30343,4332,PV — Row Model,"Rows load ranked by Demand descending, indicator on the Demand header",69,PASS,
C30344,https://shopview.testrail.io/index.php?/cases/view/30344,4332,PV — Row Model,"A header click sorts ascending first, toggles, and places nulls by direction",76,PASS,
C30345,https://shopview.testrail.io/index.php?/cases/view/30345,4332,PV — Row Model,"Sticky header, all-left alignment on screen, and plain-text Type values",71,PASS,
C30346,https://shopview.testrail.io/index.php?/cases/view/30346,4332,PV — Row Model,"Info icons sit on Units Sold, Demand and Turns/Yr with descriptions",67,FAIL,3 no-automation-marker
C30347,https://shopview.testrail.io/index.php?/cases/view/30347,4332,PV — Row Model,Description; Category and Vendor truncate on hover; Part # never does,69,PASS,
C30348,https://shopview.testrail.io/index.php?/cases/view/30348,4332,PV — Row Model,Em-dash only in nullable fields; counts and Revenue/Margin are never null,73,PASS,
C30349,https://shopview.testrail.io/index.php?/cases/view/30349,4332,PV — Row Model,"An inventory part drops out only with no movement, no stock and no revenue",74,PASS,
C30351,https://shopview.testrail.io/index.php?/cases/view/30351,4333,PV — Columns & Remembered View,Column picker lists all 20 columns and never offers the internal cost,69,PASS,
C30352,https://shopview.testrail.io/index.php?/cases/view/30352,4333,PV — Columns & Remembered View,First visit shows exactly the 14 default columns in the specified order,71,PASS,
C30353,https://shopview.testrail.io/index.php?/cases/view/30353,4333,PV — Columns & Remembered View,"A re-enabled column returns to its canonical slot, with no reload",65,FAIL,3 no-automation-marker
C30354,https://shopview.testrail.io/index.php?/cases/view/30354,4333,PV — Columns & Remembered View,Filters; columns and sort are remembered per browser before the first fetch,75,PASS,
C30355,https://shopview.testrail.io/index.php?/cases/view/30355,4333,PV — Columns & Remembered View,A saved value that is no longer valid falls back to that setting's default,74,PASS,
C30356,https://shopview.testrail.io/index.php?/cases/view/30356,4333,PV — Columns & Remembered View,A different user signing in on the same browser inherits the saved view,71,PASS,
C30358,https://shopview.testrail.io/index.php?/cases/view/30358,4333,PV — Columns & Remembered View,All 20 columns can be hidden; the empty selection is never restored,67,PASS,
C30359,https://shopview.testrail.io/index.php?/cases/view/30359,4334,PV — Columns & Calculations,Units Sold for an inventory part is net stock movement,54,PASS,
C30360,https://shopview.testrail.io/index.php?/cases/view/30360,4334,PV — Columns & Calculations,"Special Order Units Sold = in-window request quantity, net of reversals",71,PASS,
C30361,https://shopview.testrail.io/index.php?/cases/view/30361,4334,PV — Columns & Calculations,Units Returned counts initiated part returns and parts-sale credits,67,PASS,
C30362,https://shopview.testrail.io/index.php?/cases/view/30362,4334,PV — Columns & Calculations,"Units Returned is windowed by initiation date, ignores invoice status",69,PASS,
C30363,https://shopview.testrail.io/index.php?/cases/view/30363,4334,PV — Columns & Calculations,"Sold (WO) counts Service work orders, Sold (Parts Sale) counts Parts",68,PASS,
C30364,https://shopview.testrail.io/index.php?/cases/view/30364,4334,PV — Columns & Calculations,Demand counts each transaction once; a reversal neither adds nor subtracts,74,PASS,
C30365,https://shopview.testrail.io/index.php?/cases/view/30365,4334,PV — Columns & Calculations,Last Sale is whole days since the most recent sale over all-time history,72,PASS,
C30366,https://shopview.testrail.io/index.php?/cases/view/30366,4334,PV — Columns & Calculations,On Hand shows the row's own location stock,42,PASS,
C30367,https://shopview.testrail.io/index.php?/cases/view/30367,4334,PV — Columns & Calculations,"Turns / Yr annualizes the sales rate, is 0.00 at zero stock, can be negative",76,PASS,
C30368,https://shopview.testrail.io/index.php?/cases/view/30368,4334,PV — Columns & Calculations,"Revenue, Margin, Avg Cost, Avg Sell and Margin % use the billed formulas",72,FAIL,2 raw-list-markup (preconditions); 2 raw-list-markup (steps); 2 raw-list-markup (expected); 3 no-blank-line-before-marker
C30369,https://shopview.testrail.io/index.php?/cases/view/30369,4334,PV — Columns & Calculations,A reversed or voided sale is excluded from every billed-line column,67,PASS,
C30370,https://shopview.testrail.io/index.php?/cases/view/30370,4334,PV — Columns & Calculations,Avg Cost / Avg Sell and Margin % use independent null triggers,62,PASS,
C30371,https://shopview.testrail.io/index.php?/cases/view/30371,4334,PV — Columns & Calculations,Number formats match the spec per column; rounding is half away from zero,73,PASS,
C30372,https://shopview.testrail.io/index.php?/cases/view/30372,4334,PV — Columns & Calculations,Core parts are excluded from both the inventory and special-order result sets,77,PASS,
C30373,https://shopview.testrail.io/index.php?/cases/view/30373,4334,PV — Columns & Calculations,Movement and billed bases may differ; Sold (WO) + Sold (Parts Sale) = billed,76,PASS,
C30374,https://shopview.testrail.io/index.php?/cases/view/30374,4334,PV — Columns & Calculations,"Window anchors: movement uses the event date, billed uses the WO date",69,PASS,
C30375,https://shopview.testrail.io/index.php?/cases/view/30375,4335,PV — Exports,The overflow button opens Download (PDF) then Download (CSV) in that order,74,PASS,
C30376,https://shopview.testrail.io/index.php?/cases/view/30376,4335,PV — Exports,Both exports reflect the filters and search active at the time of export,72,PASS,
C30377,https://shopview.testrail.io/index.php?/cases/view/30377,4335,PV — Exports,"Exports include only the enabled columns, in the canonical on-screen order",74,PASS,
C30378,https://shopview.testrail.io/index.php?/cases/view/30378,4335,PV — Exports,"Exports reflect the active sort, including Min/Max and null placement",69,PASS,
C30379,https://shopview.testrail.io/index.php?/cases/view/30379,4335,PV — Exports,"PDF: filename, A3 landscape, title, text truncation, and the shop logo",70,PASS,
C30380,https://shopview.testrail.io/index.php?/cases/view/30380,4335,PV — Exports,CSV is named velocity-report.csv and holds full untruncated text values,71,PASS,
C30381,https://shopview.testrail.io/index.php?/cases/view/30381,4335,PV — Exports,"Em-dash in both exports; Last Sale reads ""N days"" in the PDF",60,PASS,
C30382,https://shopview.testrail.io/index.php?/cases/view/30382,4335,PV — Exports,"PDF export alignment: Type centered, text left, numeric and money right",71,PASS,
C30384,https://shopview.testrail.io/index.php?/cases/view/30384,4335,PV — Exports,Export toasts: exact success texts; server or fallback error text on failure,76,PASS,
C30385,https://shopview.testrail.io/index.php?/cases/view/30385,4336,PV — Visual Conformance,The report uses the standard two-tone layout,44,PASS,
C30386,https://shopview.testrail.io/index.php?/cases/view/30386,4336,PV — Visual Conformance,Toolbar and table detail styling matches the suite paddings and borders,71,PASS,
C30387,https://shopview.testrail.io/index.php?/cases/view/30387,4336,PV — Visual Conformance,Dark mode is supported and the grey info icon keeps 3:1 contrast in both,72,PASS,
C30388,https://shopview.testrail.io/index.php?/cases/view/30388,4337,PV — API,The report is server-paginated - the backend returns one page of rows at a time,79,PASS,
C30389,https://shopview.testrail.io/index.php?/cases/view/30389,4337,PV — API,Each filter or search change re-queries the server and returns page one,71,PASS,
C30390,https://shopview.testrail.io/index.php?/cases/view/30390,4337,PV — API,Header-click sorting re-queries the server; nulls first asc and last desc,73,PASS,
C30391,https://shopview.testrail.io/index.php?/cases/view/30391,4337,PV — API,The back end serves report data and export on ordinary reports access,69,PASS,
C30392,https://shopview.testrail.io/index.php?/cases/view/30392,4338,TU — Access & Display,"Technician Utilization sits under Performance, below existing report links",74,PASS,
C30393,https://shopview.testrail.io/index.php?/cases/view/30393,4338,TU — Access & Display,One row per technician who clocked time in the range at those locations,71,FAIL,2 raw-list-markup (preconditions); 2 raw-list-markup (steps); 2 raw-list-markup (expected); 3 no-blank-line-before-marker
C30394,https://shopview.testrail.io/index.php?/cases/view/30394,4338,TU — Access & Display,First visit defaults to the This Month preset and the user's active location,76,PASS,
C30395,https://shopview.testrail.io/index.php?/cases/view/30395,4338,TU — Access & Display,Changing the date range reloads the rows; a Custom range is capped at 366 days,78,PASS,
C30396,https://shopview.testrail.io/index.php?/cases/view/30396,4338,TU — Access & Display,The loading indicator shows on load and reload; rows swap only on data,70,PASS,
C30397,https://shopview.testrail.io/index.php?/cases/view/30397,4338,TU — Access & Display,All clock records are day-grouped and windowed in one report-level time zone,76,PASS,
C30398,https://shopview.testrail.io/index.php?/cases/view/30398,4338,TU — Access & Display,Without reports access Technician Utilization is hidden,55,PASS,
C30399,https://shopview.testrail.io/index.php?/cases/view/30399,4338,TU — Access & Display,Standard no-data message when no time in scope or all technicians cleared,73,PASS,
C30401,https://shopview.testrail.io/index.php?/cases/view/30401,4339,TU — Hours & Utilization,"Headers in fixed order; Total, WO and Internal Hours show clocked hours (2 dp)",78,PASS,
C30402,https://shopview.testrail.io/index.php?/cases/view/30402,4339,TU — Hours & Utilization,Utilization % is WO hours over total hours from unrounded values,64,FAIL,2 raw-list-markup (preconditions); 2 raw-list-markup (steps); 2 raw-list-markup (expected); 3 no-blank-line-before-marker
C30403,https://shopview.testrail.io/index.php?/cases/view/30403,4339,TU — Hours & Utilization,A technician with only internal hours shows 0.0% utilization,60,PASS,
C30404,https://shopview.testrail.io/index.php?/cases/view/30404,4340,TU — Est. Lost Labor,Est. Lost Labor values internal hours at each location's default rate,69,PASS,
C30405,https://shopview.testrail.io/index.php?/cases/view/30405,4340,TU — Est. Lost Labor,"Est. Lost Labor, when shown, is pinned right and bold with the info icon",72,PASS,
C30406,https://shopview.testrail.io/index.php?/cases/view/30406,4340,TU — Est. Lost Labor,"Zero internal hours - or a configured $0.00 rate - shows $0.00, never an em-dash",80,PASS,
C30407,https://shopview.testrail.io/index.php?/cases/view/30407,4340,TU — Est. Lost Labor,Internal hours with no default labor rate anywhere show an em-dash,66,PASS,
C30408,https://shopview.testrail.io/index.php?/cases/view/30408,4340,TU — Est. Lost Labor,Internal hours split across rated and unrated locations show a part value,73,PASS,
C30409,https://shopview.testrail.io/index.php?/cases/view/30409,4341,TU — Sorting,On load rows sort by Technician A to Z with the ascending indicator,67,PASS,
C30410,https://shopview.testrail.io/index.php?/cases/view/30410,4341,TU — Sorting,"All six columns sort on screen: ascending first, toggling with no third state",77,PASS,
C30411,https://shopview.testrail.io/index.php?/cases/view/30411,4341,TU — Sorting,A data reload resets the sort to Technician A to Z,50,PASS,
C30412,https://shopview.testrail.io/index.php?/cases/view/30412,4341,TU — Sorting,Sorting reorders only the technician rows,41,PASS,
C30413,https://shopview.testrail.io/index.php?/cases/view/30413,4341,TU — Sorting,Sorting Est. Lost Labor keeps em-dash rows last both ways; $0.00 sorts as 0,75,PASS,
C30414,https://shopview.testrail.io/index.php?/cases/view/30414,4342,TU — Summary,"A pinned Summary row labeled Summary sits at the bottom, stays visible on scroll",80,PASS,
C30415,https://shopview.testrail.io/index.php?/cases/view/30415,4342,TU — Summary,Summary totals visible technicians from unrounded hours; 0.01 drift expected,76,PASS,
C30416,https://shopview.testrail.io/index.php?/cases/view/30416,4342,TU — Summary,Summary Utilization % is the weighted rate; not an average of the rows,70,PASS,
C30417,https://shopview.testrail.io/index.php?/cases/view/30417,4342,TU — Summary,Summary Est. Lost Labor sums rated contributions; em-dash only if all are,73,PASS,
C30418,https://shopview.testrail.io/index.php?/cases/view/30418,4343,TU — Per-Day Breakdown,Each technician row has an accessible expand/collapse control,61,PASS,
C30419,https://shopview.testrail.io/index.php?/cases/view/30419,4343,TU — Per-Day Breakdown,"Expanding shows one row per clocked day in date order, loaded on demand",71,PASS,
C30420,https://shopview.testrail.io/index.php?/cases/view/30420,4343,TU — Per-Day Breakdown,Day rows use the same columns and formats as the technician rows,64,PASS,
C30421,https://shopview.testrail.io/index.php?/cases/view/30421,4343,TU — Per-Day Breakdown,One control in the table header expands or collapses all technician rows,72,PASS,
C30422,https://shopview.testrail.io/index.php?/cases/view/30422,4343,TU — Per-Day Breakdown,Expansion state is view-only: it resets on any reload and fresh visit,69,PASS,
C30423,https://shopview.testrail.io/index.php?/cases/view/30423,4344,TU — Technician Filter,Filter by Technician starts with every technician selected on a first visit,75,PASS,
C30424,https://shopview.testrail.io/index.php?/cases/view/30424,4344,TU — Technician Filter,Deselecting a technician hides the row and recalculates the Summary,67,PASS,
C30425,https://shopview.testrail.io/index.php?/cases/view/30425,4344,TU — Technician Filter,All technicians and Clear all controls set every technician on or off,69,PASS,
C30426,https://shopview.testrail.io/index.php?/cases/view/30426,4344,TU — Technician Filter,Previously deselected technicians stay deselected on the next visit,67,PASS,
C30428,https://shopview.testrail.io/index.php?/cases/view/30428,4345,TU — Deep Links,Total Hours is a real link with a non-color affordance and keyboard access,74,FAIL,3 no-automation-marker
C30429,https://shopview.testrail.io/index.php?/cases/view/30429,4345,TU — Deep Links,The Total Hours link opens Timesheet Activities in the same tab,63,PASS,
C30430,https://shopview.testrail.io/index.php?/cases/view/30430,4345,TU — Deep Links,"Same range, single location, closed records: Total Hours matches Timesheet",74,FAIL,3 no-automation-marker
C30431,https://shopview.testrail.io/index.php?/cases/view/30431,4345,TU — Deep Links,Reconcile exception (a): an open clock is snapshotted at each load instant,74,PASS,
C30432,https://shopview.testrail.io/index.php?/cases/view/30432,4345,TU — Deep Links,Reconciliation exception (b): the link passes no location,57,FAIL,3 no-automation-marker
C30433,https://shopview.testrail.io/index.php?/cases/view/30433,4345,TU — Deep Links,A day row's Total Hours links to that technician's single-day timesheet,71,FAIL,3 no-automation-marker
C30434,https://shopview.testrail.io/index.php?/cases/view/30434,4346,TU — Exports,"Three-dot menu is leftmost, then Column Selection; four download options",72,PASS,
C30435,https://shopview.testrail.io/index.php?/cases/view/30435,4346,TU — Exports,The Summary PDF holds the technician rows plus the Summary,58,PASS,
C30436,https://shopview.testrail.io/index.php?/cases/view/30436,4346,TU — Exports,"The CSV is always summary-level, quotes comma-containing values",63,PASS,
C30437,https://shopview.testrail.io/index.php?/cases/view/30437,4346,TU — Exports,"Downloads cover only selected technicians, locations, and date range",68,PASS,
C30438,https://shopview.testrail.io/index.php?/cases/view/30438,4346,TU — Exports,Downloads always order rows Technician A to Z; the on-screen sort is ignored,76,PASS,
C30439,https://shopview.testrail.io/index.php?/cases/view/30439,4346,TU — Exports,PDF logo follows the uploaded logo; the spreadsheet never carries one,69,PASS,
C30440,https://shopview.testrail.io/index.php?/cases/view/30440,4346,TU — Exports,Choosing a download with no technician selected is a silent no-op,65,PASS,
C30441,https://shopview.testrail.io/index.php?/cases/view/30441,4346,TU — Exports,A starting download notifies; a failed one shows the failure message,68,PASS,
C30442,https://shopview.testrail.io/index.php?/cases/view/30442,4347,TU — Location Filter,The Location filter is the rightmost multi-select; All Locations = select-all,77,PASS,
C30443,https://shopview.testrail.io/index.php?/cases/view/30443,4347,TU — Location Filter,Location changes reload with hours pooled into one row per technician,69,PASS,
C30444,https://shopview.testrail.io/index.php?/cases/view/30444,4347,TU — Location Filter,The saved location selection restores defensively; bad ones are dropped,71,PASS,
C30446,https://shopview.testrail.io/index.php?/cases/view/30446,4347,TU — Location Filter,Technician Utilization: Location filter hidden for a one-location user,70,PASS,
C30447,https://shopview.testrail.io/index.php?/cases/view/30447,4348,TU — Visual & Accessibility,All-white table with no row shading; toolbar controls in the fixed order,72,PASS,
C30448,https://shopview.testrail.io/index.php?/cases/view/30448,4348,TU — Visual & Accessibility,Dark mode keeps every report element legible,44,PASS,
C30449,https://shopview.testrail.io/index.php?/cases/view/30449,4349,TU — API,The per-day breakdown is fetched only when a technician row is expanded,71,PASS,
C30450,https://shopview.testrail.io/index.php?/cases/view/30450,4349,TU — API,Date-range and location changes trigger a fresh server load,59,PASS,
C30451,https://shopview.testrail.io/index.php?/cases/view/30451,4350,WIP — Tabs,Work In Progress appears in the reports navigation under the Performance group,78,PASS,
C30452,https://shopview.testrail.io/index.php?/cases/view/30452,4350,WIP — Tabs,Four tabs in a fixed order with the partially-completed tab selected,68,PASS,
C30455,https://shopview.testrail.io/index.php?/cases/view/30455,4350,WIP — Tabs,There is no Trend / over-time tab or chart,42,PASS,
C30456,https://shopview.testrail.io/index.php?/cases/view/30456,4351,WIP — Scope & Loading,Every open service WO at a selected location appears in the report,66,PASS,
C30457,https://shopview.testrail.io/index.php?/cases/view/30457,4351,WIP — Scope & Loading,Invoiced; Paid and part-sale work orders never appear,53,PASS,
C30458,https://shopview.testrail.io/index.php?/cases/view/30458,4351,WIP — Scope & Loading,Each work order appears in every tab matching one of its line states,68,PASS,
C30459,https://shopview.testrail.io/index.php?/cases/view/30459,4351,WIP — Scope & Loading,While loading the standard indicator shows and old rows stay until data,71,PASS,
C30460,https://shopview.testrail.io/index.php?/cases/view/30460,4351,WIP — Scope & Loading,No qualifying work orders: every tab shows the no-data message and no Totals,76,FAIL,3 no-automation-marker
C30462,https://shopview.testrail.io/index.php?/cases/view/30462,4352,WIP — Tab Placement,"Status-to-tab mapping: Estimate, Complete, In Progress and Review work orders",77,FAIL,3 no-automation-marker
C30464,https://shopview.testrail.io/index.php?/cases/view/30464,4352,WIP — Tab Placement,Approved started-boundary: time or part received vs neither decides the tab,75,FAIL,3 no-blank-line-before-marker
C30466,https://shopview.testrail.io/index.php?/cases/view/30466,4353,WIP — Columns & Rows,"With all toggleable columns on, the fixed column order and alignment hold",73,PASS,
C30467,https://shopview.testrail.io/index.php?/cases/view/30467,4353,WIP — Columns & Rows,First visit shows the default columns; the rest are in the column selector,74,PASS,
C30468,https://shopview.testrail.io/index.php?/cases/view/30468,4353,WIP — Columns & Rows,The WO # is a link that opens the WO in the same browser tab,60,PASS,
C30469,https://shopview.testrail.io/index.php?/cases/view/30469,4353,WIP — Columns & Rows,Status shows as a color-coded badge whose label text is always present,70,PASS,
C30470,https://shopview.testrail.io/index.php?/cases/view/30470,4353,WIP — Columns & Rows,"The Asset cell shows the Unit # in bold with the VIN underneath, VIN alone when no unit",87,FAIL,"5 title-too-long (87 chars, max 80)"
C30471,https://shopview.testrail.io/index.php?/cases/view/30471,4353,WIP — Columns & Rows,Customer shows the customer's company name,42,PASS,
C30472,https://shopview.testrail.io/index.php?/cases/view/30472,4353,WIP — Columns & Rows,Days Open shows whole days since creation and reads 0 days / 1 days,67,PASS,
C30473,https://shopview.testrail.io/index.php?/cases/view/30473,4353,WIP — Columns & Rows,Last Activity shows Today; Xd ago; or an em-dash when there is none,67,PASS,
C30474,https://shopview.testrail.io/index.php?/cases/view/30474,4354,WIP — Earned & Remaining,Money columns show US dollars to two decimals with thousands separators,71,PASS,
C30475,https://shopview.testrail.io/index.php?/cases/view/30475,4354,WIP — Earned & Remaining,Labor Earned is the clocked share of each approved line's quoted value,70,FAIL,2 raw-list-markup (preconditions); 2 raw-list-markup (steps); 2 raw-list-markup (expected); 3 no-blank-line-before-marker
C30476,https://shopview.testrail.io/index.php?/cases/view/30476,4354,WIP — Earned & Remaining,Labor Remaining is the approved labor's quoted value minus Labor Earned,71,FAIL,2 raw-list-markup (preconditions); 2 raw-list-markup (steps); 2 raw-list-markup (expected); 3 no-blank-line-before-marker
C30477,https://shopview.testrail.io/index.php?/cases/view/30477,4354,WIP — Earned & Remaining,Parts Earned is the sell value of approved-line parts already received,70,FAIL,2 raw-list-markup (preconditions); 2 raw-list-markup (steps); 2 raw-list-markup (expected); 3 no-blank-line-before-marker
C30478,https://shopview.testrail.io/index.php?/cases/view/30478,4354,WIP — Earned & Remaining,Parts Remaining values the not-yet-received quantity at its sell price,70,FAIL,2 raw-list-markup (preconditions); 2 raw-list-markup (steps); 2 raw-list-markup (expected); 3 no-blank-line-before-marker
C30479,https://shopview.testrail.io/index.php?/cases/view/30479,4354,WIP — Earned & Remaining,Earned + Remaining make Total; not the WO's grand total,55,FAIL,2 raw-list-markup (preconditions); 2 raw-list-markup (steps); 2 raw-list-markup (expected); 3 no-blank-line-before-marker
C30480,https://shopview.testrail.io/index.php?/cases/view/30480,4354,WIP — Earned & Remaining,Lines that are not yet approved contribute nothing to any money figure,70,FAIL,2 raw-list-markup (preconditions); 2 raw-list-markup (steps); 2 raw-list-markup (expected); 3 no-blank-line-before-marker
C30481,https://shopview.testrail.io/index.php?/cases/view/30481,4354,WIP — Earned & Remaining,Labor Delta shows quoted minus worked hours; signed to one decimal,66,PASS,
C30482,https://shopview.testrail.io/index.php?/cases/view/30482,4354,WIP — Earned & Remaining,An open estimate with no approved work shows $0.00 in every money column,72,PASS,
C30483,https://shopview.testrail.io/index.php?/cases/view/30483,4355,WIP — Sorting,The initial sort is Days Open with the longest-open work order first,68,PASS,
C30484,https://shopview.testrail.io/index.php?/cases/view/30484,4355,WIP — Sorting,"Clicking a header sorts ascending, clicking again toggles descending",68,PASS,
C30485,https://shopview.testrail.io/index.php?/cases/view/30485,4355,WIP — Sorting,Columns sort by their underlying values; Asset sorts by the Unit #,66,PASS,
C30486,https://shopview.testrail.io/index.php?/cases/view/30486,4355,WIP — Sorting,Sorting reorders only the active tab's rows; Totals stays at the bottom,71,PASS,
C30487,https://shopview.testrail.io/index.php?/cases/view/30487,4356,WIP — Summary Strip,The summary strip shows seven figures in a fixed order as US dollars,68,PASS,
C30488,https://shopview.testrail.io/index.php?/cases/view/30488,4356,WIP — Summary Strip,Total Completed Work is the hero total equal to its two completed-work figures,78,PASS,
C30489,https://shopview.testrail.io/index.php?/cases/view/30489,4356,WIP — Summary Strip,Work Orders Not Started + Remaining Work on Open Work Orders = Remaining Work,77,PASS,
C30490,https://shopview.testrail.io/index.php?/cases/view/30490,4356,WIP — Summary Strip,Each per-stage figure equals the matching tab's money total,59,PASS,
C30491,https://shopview.testrail.io/index.php?/cases/view/30491,4356,WIP — Summary Strip,"The Estimates figure is the Estimates tab total, shown at full opacity",70,PASS,
C30493,https://shopview.testrail.io/index.php?/cases/view/30493,4356,WIP — Summary Strip,Each summary figure's information icon reveals its plain explanation,68,PASS,
C30494,https://shopview.testrail.io/index.php?/cases/view/30494,4357,WIP — Totals Row,"Each tab has a Totals row pinned to the bottom, labeled ""Totals""",64,PASS,
C30495,https://shopview.testrail.io/index.php?/cases/view/30495,4357,WIP — Totals Row,The Totals row sums each visible money column and the Labor Delta column,72,PASS,
C30498,https://shopview.testrail.io/index.php?/cases/view/30498,4358,WIP — Filters,The Advisor filter lists the advisors in the loaded jobs; screen only,69,PASS,
C30499,https://shopview.testrail.io/index.php?/cases/view/30499,4358,WIP — Filters,"Customer filter is a type-ahead multi-select reading ""All customers""",68,PASS,
C30500,https://shopview.testrail.io/index.php?/cases/view/30500,4358,WIP — Filters,Asset filter shows Unit # and VIN and matches text against either one,69,PASS,
C30501,https://shopview.testrail.io/index.php?/cases/view/30501,4358,WIP — Filters,"The ""as of"" date is a single day: defaults to today, capped at today, no range",78,PASS,
C30502,https://shopview.testrail.io/index.php?/cases/view/30502,4358,WIP — Filters,"The ""as of"" date shows the end-of-day position and reloads when changed",71,PASS,
C30503,https://shopview.testrail.io/index.php?/cases/view/30503,4358,WIP — Filters,"Location filter: rightmost multi-select with All locations, reloads on change",77,PASS,
C30504,https://shopview.testrail.io/index.php?/cases/view/30504,4358,WIP — Filters,The location scope never includes an inaccessible location,58,PASS,
C30505,https://shopview.testrail.io/index.php?/cases/view/30505,4358,WIP — Filters,"Advisor, customer and asset filters AND together and recompute strip and Totals",79,PASS,
C30506,https://shopview.testrail.io/index.php?/cases/view/30506,4359,WIP — Column Selection & Persistence,Column Selection toggles columns; Total is not offered at all,61,PASS,
C30507,https://shopview.testrail.io/index.php?/cases/view/30507,4359,WIP — Column Selection & Persistence,Toggling columns never reorders them (Total always last),56,PASS,
C30508,https://shopview.testrail.io/index.php?/cases/view/30508,4359,WIP — Column Selection & Persistence,"Remembers the ""as of"" date, filter selections, location, columns",64,FAIL,3 no-automation-marker
C30509,https://shopview.testrail.io/index.php?/cases/view/30509,4359,WIP — Column Selection & Persistence,A saved setting that is no longer valid falls back to its default,65,PASS,
C30510,https://shopview.testrail.io/index.php?/cases/view/30510,4360,WIP — Exports,Work In Progress: a three-dot menu holds Download (PDF) and Download (CSV),74,PASS,
C30511,https://shopview.testrail.io/index.php?/cases/view/30511,4360,WIP — Exports,"Downloads keep shown columns, honor filters, include the tab's Totals row",73,PASS,
C30512,https://shopview.testrail.io/index.php?/cases/view/30512,4360,WIP — Exports,Downloaded money and Labor Delta values keep the on-screen formats,66,PASS,
C30513,https://shopview.testrail.io/index.php?/cases/view/30513,4360,WIP — Exports,Labor Delta green/red coloring appears on screen and in the PDF; not the CSV,76,PASS,
C30514,https://shopview.testrail.io/index.php?/cases/view/30514,4360,WIP — Exports,Days Open in a download is frozen at the moment the file is generated,69,PASS,
C30515,https://shopview.testrail.io/index.php?/cases/view/30515,4360,WIP — Exports,"The downloaded files are named ""wip-2-report.pdf"" and ""wip-2-report.csv""",72,PASS,
C30516,https://shopview.testrail.io/index.php?/cases/view/30516,4360,WIP — Exports,"Export headers read ""Unit"" and ""Branch"" — documented limitation, do not file",76,PASS,
C30517,https://shopview.testrail.io/index.php?/cases/view/30517,4360,WIP — Exports,The PDF shows the shop logo at the top when one is set,54,PASS,
C30518,https://shopview.testrail.io/index.php?/cases/view/30518,4360,WIP — Exports,"Export notifications: success caption, ""Empty export"" warning",61,FAIL,3 no-automation-marker
C30519,https://shopview.testrail.io/index.php?/cases/view/30519,4361,WIP — Visual & Accessibility,Each tab uses an all-white table with no alternating row shading,64,PASS,
C30520,https://shopview.testrail.io/index.php?/cases/view/30520,4361,WIP — Visual & Accessibility,"The summary strip shows two grouped equations above the tabs, Estimates apart",77,PASS,
C30521,https://shopview.testrail.io/index.php?/cases/view/30521,4361,WIP — Visual & Accessibility,The Total column is bold and stays pinned right on sideways scroll,66,PASS,
C30522,https://shopview.testrail.io/index.php?/cases/view/30522,4361,WIP — Visual & Accessibility,The Totals row stays visible while only the active tab's body scrolls,69,PASS,
C30523,https://shopview.testrail.io/index.php?/cases/view/30523,4361,WIP — Visual & Accessibility,The WO # link is keyboard-focusable and opens the work order,60,PASS,
C30524,https://shopview.testrail.io/index.php?/cases/view/30524,4361,WIP — Visual & Accessibility,Each summary figure's info icon is keyboard-reachable and screen-read,69,PASS,
C30525,https://shopview.testrail.io/index.php?/cases/view/30525,4361,WIP — Visual & Accessibility,In dark mode every table; strip; link and coloring stays legible,64,PASS,
C30526,https://shopview.testrail.io/index.php?/cases/view/30526,4362,WIP — Permissions,Ordinary reports access covers opening and downloading Work In Progress,71,PASS,
C30527,https://shopview.testrail.io/index.php?/cases/view/30527,4362,WIP — Permissions,Without reports access Work In Progress is absent from the navigation,69,PASS,
C30528,https://shopview.testrail.io/index.php?/cases/view/30528,4363,WIP — API,Nightly snapshot records one row per then-open job per tab per calendar date,76,PASS,
C30530,https://shopview.testrail.io/index.php?/cases/view/30530,4363,WIP — API,Captured Earned and Remaining use the same maths as the on-screen report,72,PASS,
C30531,https://shopview.testrail.io/index.php?/cases/view/30531,4363,WIP — API,Nightly snapshot spans every location with no user location filter,66,PASS,
C30533,https://shopview.testrail.io/index.php?/cases/view/30533,4363,WIP — API,Nightly snapshot: a job with nothing approved is captured at $0.00; not skipped,79,PASS,
C30534,https://shopview.testrail.io/index.php?/cases/view/30534,4364,IV — Access & Display,Inventory Value appears in the reports navigation under the Parts group,71,PASS,
C30535,https://shopview.testrail.io/index.php?/cases/view/30535,4364,IV — Access & Display,One row per in-stock part at the selected locations valued at the resolved date,79,FAIL,3 no-automation-marker
C30536,https://shopview.testrail.io/index.php?/cases/view/30536,4364,IV — Access & Display,First visit defaults to today and the active location,53,PASS,
C30538,https://shopview.testrail.io/index.php?/cases/view/30538,4364,IV — Access & Display,The report is server-paginated: one page of rows at a time,58,FAIL,2 raw-list-markup (preconditions); 2 raw-list-markup (steps); 2 raw-list-markup (expected); 3 no-blank-line-before-marker
C30539,https://shopview.testrail.io/index.php?/cases/view/30539,4364,IV — Access & Display,"No qualifying parts, day or location: the no-data message shows and no totals",77,PASS,
C30540,https://shopview.testrail.io/index.php?/cases/view/30540,4365,IV — Row Scope,A part appears only if not a core charge and on-hand quantity is above zero,75,FAIL,2 raw-list-markup (preconditions); 2 raw-list-markup (steps); 2 raw-list-markup (expected); 3 no-blank-line-before-marker
C30541,https://shopview.testrail.io/index.php?/cases/view/30541,4365,IV — Row Scope,A part stocked at two selected locations shows as two rows; never merged,72,PASS,
C30545,https://shopview.testrail.io/index.php?/cases/view/30545,4366,IV — Valuation & Columns,Unit Sell uses the part's fixed sell price when one is set,58,FAIL,2 raw-list-markup (preconditions); 2 raw-list-markup (steps); 2 raw-list-markup (expected); 3 no-blank-line-before-marker
C30546,https://shopview.testrail.io/index.php?/cases/view/30546,4366,IV — Valuation & Columns,With no fixed sell price Unit Sell is the category's pricing-matrix markup,74,FAIL,2 raw-list-markup (preconditions); 2 raw-list-markup (steps); 2 raw-list-markup (expected); 3 no-blank-line-before-marker
C30547,https://shopview.testrail.io/index.php?/cases/view/30547,4366,IV — Valuation & Columns,"With no fixed sell price and no category, Unit Sell equals Unit Cost",68,PASS,
C30548,https://shopview.testrail.io/index.php?/cases/view/30548,4366,IV — Valuation & Columns,Total Sell is quantity × Unit Sell and Total Cost is quantity × Unit Cost,73,FAIL,2 raw-list-markup (preconditions); 2 raw-list-markup (steps); 2 raw-list-markup (expected); 3 no-blank-line-before-marker
C30549,https://shopview.testrail.io/index.php?/cases/view/30549,4366,IV — Valuation & Columns,Margin is Total Sell minus Total Cost for the whole on-hand quantity,68,PASS,
C30550,https://shopview.testrail.io/index.php?/cases/view/30550,4366,IV — Valuation & Columns,Margin % is Margin over Total Sell to one decimal; em-dash when Sell <= 0,73,PASS,
C30551,https://shopview.testrail.io/index.php?/cases/view/30551,4366,IV — Valuation & Columns,With every column on they appear in the fixed order with the set alignment,74,PASS,
C30552,https://shopview.testrail.io/index.php?/cases/view/30552,4366,IV — Valuation & Columns,Value formats: Qty to two decimals; money as US-dollar currency,63,PASS,
C30553,https://shopview.testrail.io/index.php?/cases/view/30553,4366,IV — Valuation & Columns,Total Cost is bold and pinned far right; it stays put on sideways scroll,72,PASS,
C30554,https://shopview.testrail.io/index.php?/cases/view/30554,4366,IV — Valuation & Columns,On a first visit the default columns show and the rest stay available,69,PASS,
C30555,https://shopview.testrail.io/index.php?/cases/view/30555,4366,IV — Valuation & Columns,"Category and Vendor show their names; an em dash (""—"") when the part has none",77,PASS,
C30556,https://shopview.testrail.io/index.php?/cases/view/30556,4367,IV — Totals Row,"Totals row: Total label, blank identity/per-unit cells, pinned bold Total Cost",78,PASS,
C30557,https://shopview.testrail.io/index.php?/cases/view/30557,4367,IV — Totals Row,"Totals row sums the FULL filtered set on the server, not just the visible page",78,PASS,
C30558,https://shopview.testrail.io/index.php?/cases/view/30558,4367,IV — Totals Row,Totals-row Margin % is recomputed from the totals; not an average of rows,73,PASS,
C30561,https://shopview.testrail.io/index.php?/cases/view/30561,4368,IV — As-of Date & Snapshots,"""As of"" date control: a single day, defaults to today, capped at today",70,PASS,
C30562,https://shopview.testrail.io/index.php?/cases/view/30562,4368,IV — As-of Date & Snapshots,The report values inventory as of the END of the selected range,63,FAIL,2 raw-list-markup (preconditions); 2 raw-list-markup (steps); 2 raw-list-markup (expected); 3 no-blank-line-before-marker
C30563,https://shopview.testrail.io/index.php?/cases/view/30563,4368,IV — As-of Date & Snapshots,"The ""as of"" date today, with today not yet recorded, values live stock",70,FAIL,3 no-automation-marker
C30564,https://shopview.testrail.io/index.php?/cases/view/30564,4368,IV — As-of Date & Snapshots,For a past date the report replays the closest recorded day on or before it,75,FAIL,2 raw-list-markup (preconditions); 2 raw-list-markup (steps); 2 raw-list-markup (expected); 3 no-blank-line-before-marker
C30565,https://shopview.testrail.io/index.php?/cases/view/30565,4368,IV — As-of Date & Snapshots,"The date control names the resolved day; no separate ""As of"" indicator",70,PASS,
C30566,https://shopview.testrail.io/index.php?/cases/view/30566,4368,IV — As-of Date & Snapshots,"The ""as of"" date values stock as of that day; capped at today",61,PASS,
C30568,https://shopview.testrail.io/index.php?/cases/view/30568,4368,IV — As-of Date & Snapshots,History accrues forward only; a pre-first-recording date is not shown,69,PASS,
C30569,https://shopview.testrail.io/index.php?/cases/view/30569,4369,IV — Filters & Part Search,Category and Vendor multi-selects reload the report to matching parts only,74,PASS,
C30570,https://shopview.testrail.io/index.php?/cases/view/30570,4369,IV — Filters & Part Search,"Category, Vendor and part search are server-side; each change returns page 1",76,FAIL,2 raw-list-markup (preconditions); 2 raw-list-markup (steps); 2 raw-list-markup (expected); 3 no-blank-line-before-marker
C30571,https://shopview.testrail.io/index.php?/cases/view/30571,4369,IV — Filters & Part Search,With no category or vendor selected all parts show,50,PASS,
C30572,https://shopview.testrail.io/index.php?/cases/view/30572,4369,IV — Filters & Part Search,Part search matches part number or description on the server; case-insensitive,78,PASS,
C30573,https://shopview.testrail.io/index.php?/cases/view/30573,4369,IV — Filters & Part Search,"""As of"" date, Location, Category, Vendor and part search combine with AND",73,PASS,
C30574,https://shopview.testrail.io/index.php?/cases/view/30574,4370,IV — Location Filter,The Location filter is a rightmost multi-select with an All locations toggle,76,PASS,
C30575,https://shopview.testrail.io/index.php?/cases/view/30575,4370,IV — Location Filter,"Selecting one, several, or all locations reloads the report scoped to that set",78,PASS,
C30576,https://shopview.testrail.io/index.php?/cases/view/30576,4370,IV — Location Filter,Scoping never includes an inaccessible location,47,PASS,
C30577,https://shopview.testrail.io/index.php?/cases/view/30577,4370,IV — Location Filter,Inventory Value: the Location filter is hidden for a one-location user,70,PASS,
C30579,https://shopview.testrail.io/index.php?/cases/view/30579,4371,IV — Column Selection & Persistence,Column Selection toggles columns; Total Cost cannot be turned off,65,PASS,
C30580,https://shopview.testrail.io/index.php?/cases/view/30580,4371,IV — Column Selection & Persistence,Toggling columns never reorders them,36,PASS,
C30581,https://shopview.testrail.io/index.php?/cases/view/30581,4371,IV — Column Selection & Persistence,The report remembers all filters; columns and sort per browser,62,PASS,
C30582,https://shopview.testrail.io/index.php?/cases/view/30582,4371,IV — Column Selection & Persistence,Defensive restore: a stale saved category or vendor is dropped on load,70,PASS,
C30583,https://shopview.testrail.io/index.php?/cases/view/30583,4372,IV — Sorting,Rows are sorted by Total Cost highest first on load and after any reload,72,PASS,
C30584,https://shopview.testrail.io/index.php?/cases/view/30584,4372,IV — Sorting,Header clicks sort ascending then descending; no third state; page 1 returns,76,PASS,
C30585,https://shopview.testrail.io/index.php?/cases/view/30585,4372,IV — Sorting,Money and numeric columns sort by value; text columns sort as text,66,PASS,
C30587,https://shopview.testrail.io/index.php?/cases/view/30587,4373,IV — Exports,Inventory Value: a three-dot menu holds Download (PDF) and Download (CSV),73,PASS,
C30588,https://shopview.testrail.io/index.php?/cases/view/30588,4373,IV — Exports,"Downloads keep shown columns and order, honor filters, and include Totals",73,PASS,
C30589,https://shopview.testrail.io/index.php?/cases/view/30589,4373,IV — Exports,Export number formats: money to 2 decimals; Margin % to 1 with em-dash,70,PASS,
C30590,https://shopview.testrail.io/index.php?/cases/view/30590,4373,IV — Exports,PDF header shows report name; org; period and an as-of line; logo if set,72,PASS,
C30591,https://shopview.testrail.io/index.php?/cases/view/30591,4373,IV — Exports,Downloaded files are named inventory-value-report.pdf and .csv,62,PASS,
C30592,https://shopview.testrail.io/index.php?/cases/view/30592,4373,IV — Exports,Exports are generated server-side over the full filtered set,60,FAIL,2 raw-list-markup (preconditions); 2 raw-list-markup (steps); 2 raw-list-markup (expected); 3 no-blank-line-before-marker
C30593,https://shopview.testrail.io/index.php?/cases/view/30593,4373,IV — Exports,An over-cap set produces no file and shows the too-large-to-export message,74,PASS,
C30595,https://shopview.testrail.io/index.php?/cases/view/30595,4373,IV — Exports,Download notifications: verbatim success and failure texts per format,69,PASS,
C30596,https://shopview.testrail.io/index.php?/cases/view/30596,4374,IV — Visual & Accessibility,All-white table with no row shading on the standard report backdrop,67,PASS,
C30597,https://shopview.testrail.io/index.php?/cases/view/30597,4374,IV — Visual & Accessibility,Toolbar layout: menu leftmost then Column Selection; then the 5 filters,71,PASS,
C30599,https://shopview.testrail.io/index.php?/cases/view/30599,4374,IV — Visual & Accessibility,Long Description; Category and Vendor truncate on hover; Part # never does,74,PASS,
C30600,https://shopview.testrail.io/index.php?/cases/view/30600,4374,IV — Visual & Accessibility,"In dark mode the page background, toolbar, cells; the ""—"" glyph remain legible",78,PASS,
C30601,https://shopview.testrail.io/index.php?/cases/view/30601,4374,IV — Visual & Accessibility,Each sortable header exposes its sort state and shows the direction,67,PASS,
C30602,https://shopview.testrail.io/index.php?/cases/view/30602,4374,IV — Visual & Accessibility,The icon-only download and Column Selection buttons carry accessible names,74,PASS,
C30603,https://shopview.testrail.io/index.php?/cases/view/30603,4375,IV — Permissions,A user with ordinary reports access can open Inventory Value,60,PASS,
C30604,https://shopview.testrail.io/index.php?/cases/view/30604,4375,IV — Permissions,Without reports access Inventory Value is absent from the navigation,68,PASS,
C30605,https://shopview.testrail.io/index.php?/cases/view/30605,4376,IV — API,Nightly snapshot records one row per in-stock non-core part per location,72,PASS,
C30606,https://shopview.testrail.io/index.php?/cases/view/30606,4376,IV — API,A recorded snapshot day equals what the live report showed that day,67,PASS,
C30607,https://shopview.testrail.io/index.php?/cases/view/30607,4376,IV — API,Nightly snapshot: re-running the capture for a date replaces that date's rows,77,PASS,
C30609,https://shopview.testrail.io/index.php?/cases/view/30609,4376,IV — API,Snapshot retention: daily captures are kept for 0–13 months,59,PASS,
C30610,https://shopview.testrail.io/index.php?/cases/view/30610,4376,IV — API,Thinned history still served by the closest-recorded-day rule,61,PASS,
C38856,https://shopview.testrail.io/index.php?/cases/view/38856,4300,SBC — Exports,Summary and Expanded View downloads exist for both PDF and CSV,62,PASS,
C38859,https://shopview.testrail.io/index.php?/cases/view/38859,4348,TU — Visual & Accessibility,"Column Selection: Technician always on, the other five toggleable, remembered",77,PASS,
C38885,https://shopview.testrail.io/index.php?/cases/view/38885,4335,PV — Exports,An over-cap Parts Velocity export is refused with the too-large message,71,PASS,
C38887,https://shopview.testrail.io/index.php?/cases/view/38887,4346,TU — Exports,An over-cap Technician Utilization export is refused with the too-large message,79,PASS,
C38890,https://shopview.testrail.io/index.php?/cases/view/38890,4354,WIP — Earned & Remaining,"A technician still clocked in counts toward Labor Earned, capped at the quote",77,PASS,
C38892,https://shopview.testrail.io/index.php?/cases/view/38892,4368,IV — As-of Date & Snapshots,A recorded day keeps its category and vendor names after a rename or delete,75,PASS,
C38894,https://shopview.testrail.io/index.php?/cases/view/38894,4314,SBR — Inv. Hrs & Calculations,A clock-record edit after invoicing updates Labor Delta; billed money stays put,79,FAIL,2 raw-list-markup (preconditions); 2 raw-list-markup (steps); 2 raw-list-markup (expected); 3 no-blank-line-before-marker
C38912,https://shopview.testrail.io/index.php?/cases/view/38912,4292,SBC — Location Filter,"Location column: shown to any multi-location user, Multiple on aggregating rows",79,PASS,
C38913,https://shopview.testrail.io/index.php?/cases/view/38913,4311,SBR — Location Filter,Location column: shown to any multi-location user; toggleable; rep rows Multiple,80,FAIL,2 raw-list-markup (preconditions); 2 raw-list-markup (steps); 2 raw-list-markup (expected); 3 no-blank-line-before-marker
C38914,https://shopview.testrail.io/index.php?/cases/view/38914,4331,PV — Filters,Location column: leftmost before Type; own location per row; Multiple on merged,79,PASS,
C38915,https://shopview.testrail.io/index.php?/cases/view/38915,4347,TU — Location Filter,Location column: leftmost for a multi-location user; Summary row blank,70,PASS,
C38916,https://shopview.testrail.io/index.php?/cases/view/38916,4358,WIP — Filters,Location column names each work order's location and never reads Multiple,73,PASS,
C38917,https://shopview.testrail.io/index.php?/cases/view/38917,4370,IV — Location Filter,Location column: shown to any multi-location user; toggleable; never Multiple,77,FAIL,2 raw-list-markup (preconditions); 2 raw-list-markup (steps); 2 raw-list-markup (expected); 3 no-blank-line-before-marker
C38918,https://shopview.testrail.io/index.php?/cases/view/38918,4360,WIP — Exports,An over-cap Work In Progress download is refused with the too-large message,75,PASS,
C38924,https://shopview.testrail.io/index.php?/cases/view/38924,4334,PV — Columns & Calculations,Units Sold keeps an exact part-of-a-unit quantity and is never rounded off,74,PASS,
C38925,https://shopview.testrail.io/index.php?/cases/view/38925,4337,PV — API,QuickBooks amount for a part-of-a-unit sale is exact and never inflated,71,PASS,
C39447,https://shopview.testrail.io/index.php?/cases/view/39447,4289,SBC — Permissions,No Sales By Customer permission is offered in the role permission editor,72,PASS,
C43546,https://shopview.testrail.io/index.php?/cases/view/43546,4305,SBC — API,The back end serves SBC report data and export on ordinary reports access,73,FAIL,7 jargon:http_status (expected)
C43547,https://shopview.testrail.io/index.php?/cases/view/43547,4335,PV — Exports,A large PDF download fails outright while the CSV of the same view works,72,PASS,
C43548,https://shopview.testrail.io/index.php?/cases/view/43548,4373,IV — Exports,A large Inventory Value PDF fails instead of being refused politely,67,PASS,
C43550,https://shopview.testrail.io/index.php?/cases/view/43550,4299,SBC — Column Selector,A one-location user never sees Location in the column-selection list,68,PASS,
C43551,https://shopview.testrail.io/index.php?/cases/view/43551,4359,WIP — Column Selection & Persistence,A hand-made Location column choice is remembered like any other column,70,PASS,
C43552,https://shopview.testrail.io/index.php?/cases/view/43552,4346,TU — Exports,Both spreadsheet downloads hold the summary rows and no per-day rows,68,PASS,
C43553,https://shopview.testrail.io/index.php?/cases/view/43553,4300,SBC — Exports,A logo that is set but will not load falls back to the ShopView logo,68,PASS,
C43557,https://shopview.testrail.io/index.php?/cases/view/43557,4353,WIP — Columns & Rows,"The WO # is plain text, not a link, without Work Order permission",65,PASS,
C43558,https://shopview.testrail.io/index.php?/cases/view/43558,4296,SBC — Invoice Links & Navigation,You cannot reach an invoice you have no permission to open,58,PASS,
C43559,https://shopview.testrail.io/index.php?/cases/view/43559,4317,SBR — Links & Navigation,Invoice # and customer name when you cannot open what they point at,67,PASS,
C43591,https://shopview.testrail.io/index.php?/cases/view/43591,4291,SBC — Product Type Filter,Clear all leaves neither Product Type toggle on and shows the empty state,73,PASS,
C43592,https://shopview.testrail.io/index.php?/cases/view/43592,4354,WIP — Earned & Remaining,"A fixed-price line is valued at its fixed amount, not at picked parts or hours",78,PASS,
C43593,https://shopview.testrail.io/index.php?/cases/view/43593,4354,WIP — Earned & Remaining,A fixed-price line with no invoiced hours earns all at once when it is completed,80,PASS,
C43594,https://shopview.testrail.io/index.php?/cases/view/43594,4354,WIP — Earned & Remaining,Core charges count in parts value and a core decision never moves the figures,77,PASS,
C43814,https://shopview.testrail.io/index.php?/cases/view/43814,4353,WIP — Columns & Rows,Adjustments column appears in the fixed column order and in the first-visit set,79,PASS,
C43815,https://shopview.testrail.io/index.php?/cases/view/43815,4354,WIP — Earned & Remaining,Adjustments is the signed net of work-order-level fees and discounts,68,PASS,
C43816,https://shopview.testrail.io/index.php?/cases/view/43816,4354,WIP — Earned & Remaining,A work-order fee or discount moves only Adjustments and Total,61,PASS,
C43817,https://shopview.testrail.io/index.php?/cases/view/43817,4354,WIP — Earned & Remaining,A row's Total is Earned plus Remaining plus Adjustments,55,PASS,
C43818,https://shopview.testrail.io/index.php?/cases/view/43818,4356,WIP — Summary Strip,The summary strip shows seven figures and no Adjustments figure,63,PASS,
C43819,https://shopview.testrail.io/index.php?/cases/view/43819,4357,WIP — Totals Row,The Totals row sums the Adjustments column across the tab's visible jobs,72,PASS,
C43820,https://shopview.testrail.io/index.php?/cases/view/43820,4363,WIP — API,Earlier as-of days show no Adjustments value because history is not backfilled,78,PASS,
C43821,https://shopview.testrail.io/index.php?/cases/view/43821,4354,WIP — Earned & Remaining,"Completed tab: Earned equals Total minus Adjustments, Remaining $0.00",69,PASS,
C43822,https://shopview.testrail.io/index.php?/cases/view/43822,4298,SBC — Totals & Calculations,Adjustments column appears between Shop Supplies and Margin,59,PASS,
C43823,https://shopview.testrail.io/index.php?/cases/view/43823,4298,SBC — Totals & Calculations,Adjustments is the signed net of invoice-level fees and discounts,65,PASS,
C43824,https://shopview.testrail.io/index.php?/cases/view/43824,4298,SBC — Totals & Calculations,Every row ties out once Adjustments is included,47,PASS,
C43825,https://shopview.testrail.io/index.php?/cases/view/43825,4299,SBC — Column Selector,The column selector lists ten toggleable columns including Adjustments,70,PASS,
C43826,https://shopview.testrail.io/index.php?/cases/view/43826,4300,SBC — Exports,Both CSV exports include the Adjustments column in the specified position,73,PASS,
C43827,https://shopview.testrail.io/index.php?/cases/view/43827,4294,SBC — Tree & Rows,Each invoice detail row shows a per-invoice Adjustments value,61,PASS,
C43828,https://shopview.testrail.io/index.php?/cases/view/43828,4312,SBR — Rep Rows & Tree,Adjustments column appears between Parts Margin and Margin,58,PASS,
C43829,https://shopview.testrail.io/index.php?/cases/view/43829,4314,SBR — Inv. Hrs & Calculations,Adjustments is the signed net of invoice-level fees and discounts,65,PASS,
C43830,https://shopview.testrail.io/index.php?/cases/view/43830,4315,SBR — Subtotal & Totals,Every row ties out once Adjustments is included,47,PASS,
C43831,https://shopview.testrail.io/index.php?/cases/view/43831,4320,SBR — Column Selector,The eight toggleable metric columns include Adjustments,55,PASS,
C43832,https://shopview.testrail.io/index.php?/cases/view/43832,4300,SBC — Exports,CSV export repeats the PDF header's Product Type and Locations filter lines,75,PASS,
C43833,https://shopview.testrail.io/index.php?/cases/view/43833,4322,SBR — Exports,"CSV export repeats the PDF header's Product Type, status and Locations lines",76,PASS,
C43834,https://shopview.testrail.io/index.php?/cases/view/43834,4335,PV — Exports,CSV export repeats the PDF header's date range and Locations filter lines,73,PASS,
C43835,https://shopview.testrail.io/index.php?/cases/view/43835,4346,TU — Exports,CSV export repeats the PDF header's technician and Locations filter lines,73,PASS,
C43836,https://shopview.testrail.io/index.php?/cases/view/43836,4360,WIP — Exports,CSV export repeats the PDF header's as-of date and Locations lines,66,PASS,
C43837,https://shopview.testrail.io/index.php?/cases/view/43837,4373,IV — Exports,CSV export shows the PDF header's as-of date and Locations filter lines,71,PASS,
C43838,https://shopview.testrail.io/index.php?/cases/view/43838,4361,WIP — Visual & Accessibility,Selecting a bucket tab glows its composing summary widgets (amber),66,PASS,
C43839,https://shopview.testrail.io/index.php?/cases/view/43839,4326,SBR — Visual Conformance & Accessibility,Long column header labels wrap to two lines instead of being truncated,70,PASS,
C43840,https://shopview.testrail.io/index.php?/cases/view/43840,4303,SBC — Visual Conformance,A group/summary row presents its rolled-up totals as an inline math strip,73,PASS,
C43979,https://shopview.testrail.io/index.php?/cases/view/43979,4352,WIP — Tab Placement,A work order with lines in several states appears in each matching tab,70,PASS,
C43984,https://shopview.testrail.io/index.php?/cases/view/43984,4361,WIP — Visual & Accessibility,"Long summary-figure and column labels wrap to a second row, no truncation",73,PASS,
